#
# There is insufficient memory for the Java Runtime Environment to continue.
# Native memory allocation (malloc) failed to allocate 1823272 bytes. Error detail: Chunk::new
# Possible reasons:
#   The system is out of physical RAM or swap space
#   This process is running with CompressedOops enabled, and the Java Heap may be blocking the growth of the native heap
# Possible solutions:
#   Reduce memory load on the system
#   Increase physical memory or swap space
#   Check if swap backing store is full
#   Decrease Java heap size (-Xmx/-Xms)
#   Decrease number of Java threads
#   Decrease Java thread stack sizes (-Xss)
#   Set larger code cache with -XX:ReservedCodeCacheSize=
#   JVM is running with Zero Based Compressed Oops mode in which the Java heap is
#     placed in the first 32GB address space. The Java Heap base address is the
#     maximum limit for the native heap growth. Please use -XX:HeapBaseMinAddress
#     to set the Java Heap base and to place the Java Heap above 32GB virtual address.
# This output file may be truncated or incomplete.
#
#  Out of Memory Error (arena.cpp:162), pid=28116, tid=36064
#
# JRE version: Java(TM) SE Runtime Environment (24.0.2+12) (build 24.0.2+12-54)
# Java VM: Java HotSpot(TM) 64-Bit Server VM (24.0.2+12-54, mixed mode, sharing, tiered, compressed oops, compressed class ptrs, g1 gc, windows-amd64)
# No core dump will be written. Minidumps are not enabled by default on client versions of Windows
#

---------------  S U M M A R Y ------------

Command Line: --add-opens=java.base/java.lang=ALL-UNNAMED --add-opens=java.base/java.lang.invoke=ALL-UNNAMED --add-opens=java.base/java.util=ALL-UNNAMED --add-opens=java.prefs/java.util.prefs=ALL-UNNAMED --add-exports=jdk.compiler/com.sun.tools.javac.api=ALL-UNNAMED --add-exports=jdk.compiler/com.sun.tools.javac.util=ALL-UNNAMED --add-opens=java.base/java.util=ALL-UNNAMED --add-opens=java.prefs/java.util.prefs=ALL-UNNAMED --add-opens=java.base/java.nio.charset=ALL-UNNAMED --add-opens=java.base/java.net=ALL-UNNAMED --add-opens=java.base/java.util.concurrent.atomic=ALL-UNNAMED --add-opens=java.xml/javax.xml.namespace=ALL-UNNAMED --enable-native-access=ALL-UNNAMED -Xmx3072m -Dfile.encoding=UTF-8 -Duser.country=US -Duser.language=en -Duser.variant -javaagent:C:\Users\orili\.gradle\wrapper\dists\gradle-8.14-all\c2qonpi39x1mddn7hk5gh9iqj\gradle-8.14\lib\agents\gradle-instrumentation-agent-8.14.jar org.gradle.launcher.daemon.bootstrap.GradleDaemon 8.14

Host: 12th Gen Intel(R) Core(TM) i5-12500H, 16 cores, 23G,  Windows 11 , 64 bit Build 26100 (10.0.26100.9444)
Time: Sat Sep 26 22:47:48 2026 Namibia Standard Time elapsed time: 10113.820434 seconds (0d 2h 48m 33s)

---------------  T H R E A D  ---------------

Current thread (0x00000168b771edc0):  JavaThread "C2 CompilerThread4" daemon [_thread_in_native, id=36064, stack(0x0000003fabc00000,0x0000003fabd00000) (1024K)]


Current CompileTask:
C2:10113820 70631       4       com.android.tools.r8.graph.xa$c::a (782 bytes)

Stack: [0x0000003fabc00000,0x0000003fabd00000]
Native frames: (J=compiled Java code, j=interpreted, Vv=VM code, C=native code)
V  [jvm.dll+0x730829]  (no source info available)
V  [jvm.dll+0x8d9da3]  (no source info available)
V  [jvm.dll+0x8dc28d]  (no source info available)
V  [jvm.dll+0x8dc903]  (no source info available)
V  [jvm.dll+0x2a9f56]  (no source info available)
V  [jvm.dll+0xced7f]  (no source info available)
V  [jvm.dll+0xcefdf]  (no source info available)
V  [jvm.dll+0x3f367c]  (no source info available)
V  [jvm.dll+0x3c0040]  (no source info available)
V  [jvm.dll+0x3bf4ca]  (no source info available)
V  [jvm.dll+0x26f637]  (no source info available)
V  [jvm.dll+0x26e8ff]  (no source info available)
V  [jvm.dll+0x1e9c90]  (no source info available)
V  [jvm.dll+0x27e0cb]  (no source info available)
V  [jvm.dll+0x27c36a]  (no source info available)
V  [jvm.dll+0x42f396]  (no source info available)
V  [jvm.dll+0x87d9eb]  (no source info available)
V  [jvm.dll+0x72ef45]  (no source info available)
C  [ucrtbase.dll+0x2cd30]  (no source info available)
C  [KERNEL32.DLL+0x2cd87]  (no source info available)
C  [ntdll.dll+0xacaec]  (no source info available)

Lock stack of current Java thread (top to bottom):


---------------  P R O C E S S  ---------------

Threads class SMR info:
_java_thread_list=0x0000016898377280, length=279, elements={
0x00000168332d9390, 0x0000016852070d60, 0x00000168520716a0, 0x000001685207a050,
0x000001685207acb0, 0x000001685207b910, 0x0000016852084990, 0x0000016852090860,
0x00000168520b3680, 0x000001685232cad0, 0x000001685247c150, 0x0000016898cce8d0,
0x0000016898e18c90, 0x0000016898de5c40, 0x0000016899072e00, 0x0000016899073550,
0x0000016899476710, 0x0000016899478450, 0x0000016899477d00, 0x0000016899478ba0,
0x0000016899476e60, 0x0000016899475870, 0x0000016899479a40, 0x000001689947c620,
0x000001689a404570, 0x000001689d47a350, 0x000001689d47b1f0, 0x00000168a2883150,
0x0000016899731e70, 0x0000016899730130, 0x000001689972f290, 0x000001689972f9e0,
0x00000168997325c0, 0x0000016899730880, 0x0000016899731720, 0x0000016899733bb0,
0x0000016899734300, 0x00000168997351a0, 0x00000168a23db000, 0x00000168a23dbea0,
0x00000168a23d9a10, 0x00000168a23ddbe0, 0x00000168a23e0070, 0x00000168a23df1d0,
0x00000168a23e07c0, 0x00000168a23e0f10, 0x00000168a23df920, 0x00000168a23de330,
0x00000168a23dea80, 0x000001689a3fedb0, 0x000001689a402830, 0x000001689a3ffc50,
0x000001689a4003a0, 0x000001689a4020e0, 0x000001689a400af0, 0x000001689a401240,
0x000001689a3ff500, 0x000001689a401990, 0x000001689a403e20, 0x000001689a402f80,
0x000001689a4062b0, 0x0000016899e2f690, 0x0000016899e329c0, 0x0000016899e33110,
0x0000016899e31b20, 0x0000016899e33860, 0x0000016899e33fb0, 0x0000016899e30c80,
0x0000016899e34700, 0x0000016899e34e50, 0x0000016899e355a0, 0x0000016899e36b90,
0x0000016899e35cf0, 0x0000016899e36440, 0x000001689bc41680, 0x000001689bc45100,
0x000001689bc433c0, 0x000001689bc45850, 0x000001689bc42520, 0x000001689bc45fa0,
0x000001689bc42c70, 0x000001689bc466f0, 0x000001689bc47ce0, 0x000001689bc48430,
0x000001689bc46e40, 0x000001689bc47590, 0x000001689ac3d960, 0x000001689ac3e0b0,
0x000001689ac3ad80, 0x000001689ac3ef50, 0x000001689ac40540, 0x000001689ac3f6a0,
0x000001689ac40c90, 0x000001689ac3fdf0, 0x000001689d47aaa0, 0x000001689d477ec0,
0x000001689d479c00, 0x000001689d47d680, 0x000001689d47b940, 0x000001689d47c090,
0x000001689d47c7e0, 0x000001689d47cf30, 0x00000168a31c8810, 0x00000168a31c7220,
0x00000168a31c7970, 0x00000168a31c80c0, 0x00000168a31c96b0, 0x00000168a31c9e00,
0x00000168a31c6ad0, 0x00000168994775b0, 0x00000168994792f0, 0x0000016899475fc0,
0x000001689947bed0, 0x000001689947b780, 0x000001689947a190, 0x000001689947b030,
0x0000016899073ca0, 0x0000016899074b40, 0x0000016899075290, 0x00000168990726b0,
0x0000016899071f60, 0x00000168a28822b0, 0x00000168a28838a0, 0x00000168a2880570,
0x00000168a4ad2ca0, 0x00000168a4ad2550, 0x00000168a4ad33f0, 0x00000168a4ad16b0,
0x00000168a4ad0f60, 0x00000168a4ad1e00, 0x00000168a4ad3b40, 0x00000168a4ad0810,
0x00000168a4ad5880, 0x00000168a4ad5130, 0x00000168a4ad6e70, 0x00000168a4ad75c0,
0x00000168a4ad4290, 0x00000168a4ad5fd0, 0x00000168a4ad6720, 0x00000168a4ad7d10,
0x00000168a4ad49e0, 0x00000168a4ada8f0, 0x00000168a4adb040, 0x00000168a4adb790,
0x00000168a4ada1a0, 0x00000168a4ad8460, 0x00000168a4adbee0, 0x00000168a4ad9a50,
0x00000168a4ad8bb0, 0x00000168a4adc630, 0x00000168a4ad9300, 0x00000168a4add4d0,
0x00000168a4addc20, 0x00000168a4adeac0, 0x00000168a4ade370, 0x00000168a4adf210,
0x00000168a4adf960, 0x00000168a4adcd80, 0x000001689a6ab910, 0x000001689a6ac060,
0x000001689a6aaa70, 0x000001689a6ac7b0, 0x000001689a6aa320, 0x000001689a6ab1c0,
0x000001689a6a9480, 0x000001689a6acf00, 0x000001689a6a9bd0, 0x000001689a6b0980,
0x000001689a6ae4f0, 0x000001689a6aec40, 0x000001689a6b0230, 0x000001689a6ad650,
0x000001689a6afae0, 0x000001689a6af390, 0x000001689a6b10d0, 0x000001689a6adda0,
0x000001689a6b4b50, 0x000001689a6b1f70, 0x000001689a6b26c0, 0x000001689a6b1820,
0x000001689a6b3cb0, 0x000001689a6b59f0, 0x000001689a6b6140, 0x000001689a6b2e10,
0x000001689a6b52a0, 0x000001689a6b6890, 0x000001689a6b4400, 0x000001689a6b3560,
0x000001689a6b6fe0, 0x000001689a6b7730, 0x000001689a6b7e80, 0x000001689a6b85d0,
0x00000168a3b2a770, 0x00000168a3b28a30, 0x00000168a3b2a020, 0x00000168a3b282e0,
0x00000168a3b29180, 0x00000168a3b27b90, 0x00000168a3b2cc00, 0x00000168a3b2bd60,
0x00000168a3b298d0, 0x00000168a3b2aec0, 0x00000168a3b2d350, 0x00000168a3b2c4b0,
0x00000168a3b2daa0, 0x00000168a3b2e1f0, 0x00000168a3b2e940, 0x000001689ac3bc20,
0x00000168a53b8130, 0x00000168a53b8880, 0x00000168a53b6b40, 0x00000168a53b5ca0,
0x00000168a53b7290, 0x00000168a53b4e00, 0x00000168a53b8fd0, 0x00000168a53b63f0,
0x00000168a53b5550, 0x00000168a53b9720, 0x00000168a53b9e70, 0x00000168a53bc300,
0x00000168a53c3f50, 0x00000168a53c1ac0, 0x00000168a615a4b0, 0x00000168a615c1f0,
0x00000168a8137ff0, 0x00000168a813a480, 0x00000168a813b320, 0x00000168a813abd0,
0x00000168a813ba70, 0x00000168a81395e0, 0x00000168a8138740, 0x00000168a813c910,
0x00000168a813df00, 0x00000168a813d060, 0x00000168a813e650, 0x00000168a813eda0,
0x00000168a813d7b0, 0x00000168a813f4f0, 0x00000168a813c1c0, 0x00000168a53be040,
0x00000168a53beee0, 0x00000168a53bd8f0, 0x00000168a53bbbb0, 0x00000168a6162850,
0x00000168a615f520, 0x00000168a61603c0, 0x00000168a6164590, 0x00000168a8131240,
0x00000168a8131990, 0x00000168a8132830, 0x00000168a8132f80, 0x00000168a81303a0,
0x00000168a81336d0, 0x00000168a8133e20, 0x00000168a81378a0, 0x0000016899732d10,
0x0000016899730fd0, 0x00000168997358f0, 0x0000016899736040, 0x0000016899e2fde0,
0x0000016899e313d0, 0x0000016899e30530, 0x0000016899e32270, 0x00000168b856fb90,
0x00000168b8572020, 0x00000168b8573610, 0x00000168a6165b80, 0x00000168a53bfd80,
0x00000168bd4a1960, 0x00000168a27c0c70, 0x00000168a27bd780, 0x00000168a7b3fea0,
0x00000168a27c2320, 0x00000168b7719300, 0x00000168b771e630, 0x00000168b771edc0,
0x00000168b7720470, 0x00000168a21d4a30, 0x00000168a21d1540
}

Java Threads: ( => current thread )
  0x00000168332d9390 JavaThread "main"                              [_thread_blocked, id=39856, stack(0x0000003fa7e00000,0x0000003fa7f00000) (1024K)]
  0x0000016852070d60 JavaThread "Reference Handler"          daemon [_thread_blocked, id=20332, stack(0x0000003fa8600000,0x0000003fa8700000) (1024K)]
  0x00000168520716a0 JavaThread "Finalizer"                  daemon [_thread_blocked, id=18756, stack(0x0000003fa8700000,0x0000003fa8800000) (1024K)]
  0x000001685207a050 JavaThread "Signal Dispatcher"          daemon [_thread_blocked, id=11416, stack(0x0000003fa8800000,0x0000003fa8900000) (1024K)]
  0x000001685207acb0 JavaThread "Attach Listener"            daemon [_thread_blocked, id=28660, stack(0x0000003fa8900000,0x0000003fa8a00000) (1024K)]
  0x000001685207b910 JavaThread "Service Thread"             daemon [_thread_blocked, id=38260, stack(0x0000003fa8a00000,0x0000003fa8b00000) (1024K)]
  0x0000016852084990 JavaThread "Monitor Deflation Thread"   daemon [_thread_blocked, id=4812, stack(0x0000003fa8b00000,0x0000003fa8c00000) (1024K)]
  0x0000016852090860 JavaThread "C2 CompilerThread0"         daemon [_thread_in_native, id=2108, stack(0x0000003fa8c00000,0x0000003fa8d00000) (1024K)]
  0x00000168520b3680 JavaThread "C1 CompilerThread0"         daemon [_thread_blocked, id=27812, stack(0x0000003fa8d00000,0x0000003fa8e00000) (1024K)]
  0x000001685232cad0 JavaThread "Common-Cleaner"             daemon [_thread_blocked, id=39352, stack(0x0000003fa9300000,0x0000003fa9400000) (1024K)]
  0x000001685247c150 JavaThread "Notification Thread"        daemon [_thread_blocked, id=24612, stack(0x0000003fa9400000,0x0000003fa9500000) (1024K)]
  0x0000016898cce8d0 JavaThread "Daemon health stats"               [_thread_blocked, id=19656, stack(0x0000003fa9c00000,0x0000003fa9d00000) (1024K)]
  0x0000016898e18c90 JavaThread "Incoming local TCP Connector on port 53324"        [_thread_in_native, id=27312, stack(0x0000003fa9d00000,0x0000003fa9e00000) (1024K)]
  0x0000016898de5c40 JavaThread "Daemon periodic checks"            [_thread_blocked, id=27016, stack(0x0000003fa9e00000,0x0000003fa9f00000) (1024K)]
  0x0000016899072e00 JavaThread "Cache worker for journal cache (C:\Users\orili\.gradle\caches\journal-1)"        [_thread_blocked, id=36072, stack(0x0000003fa9b00000,0x0000003fa9c00000) (1024K)]
  0x0000016899073550 JavaThread "File lock request listener"        [_thread_in_native, id=17548, stack(0x0000003faa600000,0x0000003faa700000) (1024K)]
  0x0000016899476710 JavaThread "Cache worker for file hash cache (C:\Users\orili\.gradle\caches\8.14\fileHashes)"        [_thread_blocked, id=5092, stack(0x0000003faa700000,0x0000003faa800000) (1024K)]
  0x0000016899478450 JavaThread "File watcher server"        daemon [_thread_in_native, id=5636, stack(0x0000003fab100000,0x0000003fab200000) (1024K)]
  0x0000016899477d00 JavaThread "File watcher consumer"      daemon [_thread_blocked, id=10280, stack(0x0000003fab200000,0x0000003fab300000) (1024K)]
  0x0000016899478ba0 JavaThread "jar transforms"                    [_thread_blocked, id=37916, stack(0x0000003fab300000,0x0000003fab400000) (1024K)]
  0x0000016899476e60 JavaThread "jar transforms Thread 2"           [_thread_blocked, id=3980, stack(0x0000003fab400000,0x0000003fab500000) (1024K)]
  0x0000016899475870 JavaThread "jar transforms Thread 3"           [_thread_blocked, id=9112, stack(0x0000003faa800000,0x0000003faa900000) (1024K)]
  0x0000016899479a40 JavaThread "Cache worker for file content cache (C:\Users\orili\.gradle\caches\8.14\fileContent)"        [_thread_blocked, id=20688, stack(0x0000003faba00000,0x0000003fabb00000) (1024K)]
  0x000001689947c620 JavaThread "jar transforms Thread 4"           [_thread_blocked, id=45480, stack(0x0000003fabb00000,0x0000003fabc00000) (1024K)]
  0x000001689a404570 JavaThread "Memory manager"                    [_thread_blocked, id=32788, stack(0x0000003faea00000,0x0000003faeb00000) (1024K)]
  0x000001689d47a350 JavaThread "Daemon Thread 2"                   [_thread_blocked, id=30228, stack(0x0000003fa7b00000,0x0000003fa7c00000) (1024K)]
  0x000001689d47b1f0 JavaThread "Daemon worker Thread 2"            [_thread_blocked, id=45516, stack(0x0000003fa8e00000,0x0000003fa8f00000) (1024K)]
  0x00000168a2883150 JavaThread "RMI Scheduler(0)"           daemon [_thread_blocked, id=25280, stack(0x0000003fab900000,0x0000003faba00000) (1024K)]
  0x0000016899731e70 JavaThread "RMI GC Daemon"              daemon [_thread_blocked, id=30672, stack(0x0000003fafe00000,0x0000003faff00000) (1024K)]
  0x0000016899730130 JavaThread "RMI TCP Accept-0"           daemon [_thread_in_native, id=41272, stack(0x0000003faff00000,0x0000003fb0000000) (1024K)]
  0x000001689972f290 JavaThread "RMI Reaper"                        [_thread_blocked, id=23392, stack(0x0000003fb0000000,0x0000003fb0100000) (1024K)]
  0x000001689972f9e0 JavaThread "Handler for socket connection from /127.0.0.1:53324 to /127.0.0.1:65402"        [_thread_in_native, id=36972, stack(0x0000003fa7c00000,0x0000003fa7d00000) (1024K)]
  0x00000168997325c0 JavaThread "Cancel handler"                    [_thread_blocked, id=38268, stack(0x0000003fa7d00000,0x0000003fa7e00000) (1024K)]
  0x0000016899730880 JavaThread "Asynchronous log dispatcher for DefaultDaemonConnection: socket connection from /127.0.0.1:53324 to /127.0.0.1:65402"        [_thread_blocked, id=6596, stack(0x0000003fa9000000,0x0000003fa9100000) (1024K)]
  0x0000016899731720 JavaThread "Stdin handler"                     [_thread_blocked, id=16580, stack(0x0000003fa9f00000,0x0000003faa000000) (1024K)]
  0x0000016899733bb0 JavaThread "Daemon client event forwarder"        [_thread_blocked, id=2804, stack(0x0000003faa000000,0x0000003faa100000) (1024K)]
  0x0000016899734300 JavaThread "Cache worker for file hash cache (D:\personal projects 2\Pack a bunch\Pack_a_bunch_App\.gradle\8.14\fileHashes)"        [_thread_blocked, id=17524, stack(0x0000003faa100000,0x0000003faa200000) (1024K)]
  0x00000168997351a0 JavaThread "Cache worker for checksums cache (D:\personal projects 2\Pack a bunch\Pack_a_bunch_App\.gradle\8.14\checksums)"        [_thread_blocked, id=18840, stack(0x0000003faa200000,0x0000003faa300000) (1024K)]
  0x00000168a23db000 JavaThread "Cache worker for Build Output Cleanup Cache (D:\personal projects 2\Pack a bunch\Pack_a_bunch_App\.gradle\buildOutputCleanup)"        [_thread_blocked, id=3392, stack(0x0000003faa400000,0x0000003faa500000) (1024K)]
  0x00000168a23dbea0 JavaThread "build event listener"              [_thread_blocked, id=6440, stack(0x0000003fab500000,0x0000003fab600000) (1024K)]
  0x00000168a23d9a10 JavaThread "Build operations"                  [_thread_blocked, id=17352, stack(0x0000003fab700000,0x0000003fab800000) (1024K)]
  0x00000168a23ddbe0 JavaThread "Build operations Thread 2"         [_thread_blocked, id=19672, stack(0x0000003fab800000,0x0000003fab900000) (1024K)]
  0x00000168a23e0070 JavaThread "included builds"                   [_thread_blocked, id=33468, stack(0x0000003fac000000,0x0000003fac100000) (1024K)]
  0x00000168a23df1d0 JavaThread "Execution worker"                  [_thread_blocked, id=38292, stack(0x0000003fac100000,0x0000003fac200000) (1024K)]
  0x00000168a23e07c0 JavaThread "Execution worker Thread 2"         [_thread_blocked, id=23256, stack(0x0000003fac200000,0x0000003fac300000) (1024K)]
  0x00000168a23e0f10 JavaThread "Execution worker Thread 3"         [_thread_blocked, id=32000, stack(0x0000003fac300000,0x0000003fac400000) (1024K)]
  0x00000168a23df920 JavaThread "Execution worker Thread 4"         [_thread_blocked, id=42676, stack(0x0000003fac400000,0x0000003fac500000) (1024K)]
  0x00000168a23de330 JavaThread "Execution worker Thread 5"         [_thread_blocked, id=41492, stack(0x0000003fac500000,0x0000003fac600000) (1024K)]
  0x00000168a23dea80 JavaThread "Execution worker Thread 6"         [_thread_blocked, id=23436, stack(0x0000003fac600000,0x0000003fac700000) (1024K)]
  0x000001689a3fedb0 JavaThread "Execution worker Thread 7"         [_thread_blocked, id=17700, stack(0x0000003fac700000,0x0000003fac800000) (1024K)]
  0x000001689a402830 JavaThread "Execution worker Thread 8"         [_thread_blocked, id=25108, stack(0x0000003fac800000,0x0000003fac900000) (1024K)]
  0x000001689a3ffc50 JavaThread "Execution worker Thread 9"         [_thread_blocked, id=36492, stack(0x0000003fac900000,0x0000003faca00000) (1024K)]
  0x000001689a4003a0 JavaThread "Execution worker Thread 10"        [_thread_blocked, id=43076, stack(0x0000003faca00000,0x0000003facb00000) (1024K)]
  0x000001689a4020e0 JavaThread "Execution worker Thread 11"        [_thread_blocked, id=39396, stack(0x0000003facb00000,0x0000003facc00000) (1024K)]
  0x000001689a400af0 JavaThread "Execution worker Thread 12"        [_thread_blocked, id=19884, stack(0x0000003facc00000,0x0000003facd00000) (1024K)]
  0x000001689a401240 JavaThread "Execution worker Thread 13"        [_thread_blocked, id=29896, stack(0x0000003facd00000,0x0000003face00000) (1024K)]
  0x000001689a3ff500 JavaThread "Execution worker Thread 14"        [_thread_blocked, id=40540, stack(0x0000003face00000,0x0000003facf00000) (1024K)]
  0x000001689a401990 JavaThread "Execution worker Thread 15"        [_thread_blocked, id=15444, stack(0x0000003facf00000,0x0000003fad000000) (1024K)]
  0x000001689a403e20 JavaThread "Cache worker for execution history cache (D:\personal projects 2\Pack a bunch\Pack_a_bunch_App\.gradle\8.14\executionHistory)"        [_thread_blocked, id=8776, stack(0x0000003fad000000,0x0000003fad100000) (1024K)]
  0x000001689a402f80 JavaThread "Unconstrained build operations"        [_thread_blocked, id=1080, stack(0x0000003fad200000,0x0000003fad300000) (1024K)]
  0x000001689a4062b0 JavaThread "Unconstrained build operations Thread 2"        [_thread_blocked, id=27180, stack(0x0000003fad300000,0x0000003fad400000) (1024K)]
  0x0000016899e2f690 JavaThread "Unconstrained build operations Thread 3"        [_thread_blocked, id=45880, stack(0x0000003fad400000,0x0000003fad500000) (1024K)]
  0x0000016899e329c0 JavaThread "Unconstrained build operations Thread 4"        [_thread_blocked, id=6276, stack(0x0000003fad600000,0x0000003fad700000) (1024K)]
  0x0000016899e33110 JavaThread "Unconstrained build operations Thread 5"        [_thread_blocked, id=23720, stack(0x0000003fad700000,0x0000003fad800000) (1024K)]
  0x0000016899e31b20 JavaThread "Unconstrained build operations Thread 6"        [_thread_blocked, id=16096, stack(0x0000003fad800000,0x0000003fad900000) (1024K)]
  0x0000016899e33860 JavaThread "Unconstrained build operations Thread 7"        [_thread_blocked, id=21784, stack(0x0000003fad900000,0x0000003fada00000) (1024K)]
  0x0000016899e33fb0 JavaThread "Unconstrained build operations Thread 8"        [_thread_blocked, id=43768, stack(0x0000003fada00000,0x0000003fadb00000) (1024K)]
  0x0000016899e30c80 JavaThread "Unconstrained build operations Thread 9"        [_thread_blocked, id=13152, stack(0x0000003fadb00000,0x0000003fadc00000) (1024K)]
  0x0000016899e34700 JavaThread "Unconstrained build operations Thread 10"        [_thread_blocked, id=43864, stack(0x0000003fadc00000,0x0000003fadd00000) (1024K)]
  0x0000016899e34e50 JavaThread "Unconstrained build operations Thread 15"        [_thread_blocked, id=12944, stack(0x0000003fadd00000,0x0000003fade00000) (1024K)]
  0x0000016899e355a0 JavaThread "Unconstrained build operations Thread 12"        [_thread_blocked, id=33152, stack(0x0000003fade00000,0x0000003fadf00000) (1024K)]
  0x0000016899e36b90 JavaThread "Unconstrained build operations Thread 13"        [_thread_blocked, id=44312, stack(0x0000003fadf00000,0x0000003fae000000) (1024K)]
  0x0000016899e35cf0 JavaThread "Unconstrained build operations Thread 14"        [_thread_blocked, id=44968, stack(0x0000003fae000000,0x0000003fae100000) (1024K)]
  0x0000016899e36440 JavaThread "Unconstrained build operations Thread 11"        [_thread_blocked, id=23668, stack(0x0000003fae100000,0x0000003fae200000) (1024K)]
  0x000001689bc41680 JavaThread "Unconstrained build operations Thread 16"        [_thread_blocked, id=22708, stack(0x0000003fae200000,0x0000003fae300000) (1024K)]
  0x000001689bc45100 JavaThread "Unconstrained build operations Thread 17"        [_thread_blocked, id=44784, stack(0x0000003fae300000,0x0000003fae400000) (1024K)]
  0x000001689bc433c0 JavaThread "Unconstrained build operations Thread 18"        [_thread_blocked, id=41748, stack(0x0000003fae400000,0x0000003fae500000) (1024K)]
  0x000001689bc45850 JavaThread "Unconstrained build operations Thread 19"        [_thread_blocked, id=27692, stack(0x0000003fae500000,0x0000003fae600000) (1024K)]
  0x000001689bc42520 JavaThread "Unconstrained build operations Thread 20"        [_thread_blocked, id=24608, stack(0x0000003fae600000,0x0000003fae700000) (1024K)]
  0x000001689bc45fa0 JavaThread "Unconstrained build operations Thread 21"        [_thread_blocked, id=16444, stack(0x0000003fae700000,0x0000003fae800000) (1024K)]
  0x000001689bc42c70 JavaThread "Unconstrained build operations Thread 22"        [_thread_blocked, id=19104, stack(0x0000003fae800000,0x0000003fae900000) (1024K)]
  0x000001689bc466f0 JavaThread "Unconstrained build operations Thread 23"        [_thread_blocked, id=36380, stack(0x0000003fae900000,0x0000003faea00000) (1024K)]
  0x000001689bc47ce0 JavaThread "Unconstrained build operations Thread 24"        [_thread_blocked, id=38836, stack(0x0000003faec00000,0x0000003faed00000) (1024K)]
  0x000001689bc48430 JavaThread "Unconstrained build operations Thread 25"        [_thread_blocked, id=5144, stack(0x0000003faed00000,0x0000003faee00000) (1024K)]
  0x000001689bc46e40 JavaThread "Unconstrained build operations Thread 26"        [_thread_blocked, id=36464, stack(0x0000003faee00000,0x0000003faef00000) (1024K)]
  0x000001689bc47590 JavaThread "Unconstrained build operations Thread 27"        [_thread_blocked, id=24972, stack(0x0000003faef00000,0x0000003faf000000) (1024K)]
  0x000001689ac3d960 JavaThread "Unconstrained build operations Thread 28"        [_thread_blocked, id=45340, stack(0x0000003faf000000,0x0000003faf100000) (1024K)]
  0x000001689ac3e0b0 JavaThread "Unconstrained build operations Thread 29"        [_thread_blocked, id=44988, stack(0x0000003faf100000,0x0000003faf200000) (1024K)]
  0x000001689ac3ad80 JavaThread "Unconstrained build operations Thread 30"        [_thread_blocked, id=9140, stack(0x0000003faf200000,0x0000003faf300000) (1024K)]
  0x000001689ac3ef50 JavaThread "Unconstrained build operations Thread 31"        [_thread_blocked, id=27820, stack(0x0000003faf300000,0x0000003faf400000) (1024K)]
  0x000001689ac40540 JavaThread "Unconstrained build operations Thread 32"        [_thread_blocked, id=14756, stack(0x0000003faf400000,0x0000003faf500000) (1024K)]
  0x000001689ac3f6a0 JavaThread "Unconstrained build operations Thread 33"        [_thread_blocked, id=26952, stack(0x0000003faf500000,0x0000003faf600000) (1024K)]
  0x000001689ac40c90 JavaThread "Unconstrained build operations Thread 34"        [_thread_blocked, id=20716, stack(0x0000003faf600000,0x0000003faf700000) (1024K)]
  0x000001689ac3fdf0 JavaThread "Unconstrained build operations Thread 35"        [_thread_blocked, id=7796, stack(0x0000003faf700000,0x0000003faf800000) (1024K)]
  0x000001689d47aaa0 JavaThread "Unconstrained build operations Thread 36"        [_thread_blocked, id=844, stack(0x0000003faf800000,0x0000003faf900000) (1024K)]
  0x000001689d477ec0 JavaThread "Unconstrained build operations Thread 37"        [_thread_blocked, id=32912, stack(0x0000003faf900000,0x0000003fafa00000) (1024K)]
  0x000001689d479c00 JavaThread "Unconstrained build operations Thread 38"        [_thread_blocked, id=3040, stack(0x0000003fafa00000,0x0000003fafb00000) (1024K)]
  0x000001689d47d680 JavaThread "Unconstrained build operations Thread 39"        [_thread_blocked, id=7904, stack(0x0000003fafb00000,0x0000003fafc00000) (1024K)]
  0x000001689d47b940 JavaThread "Unconstrained build operations Thread 40"        [_thread_blocked, id=28188, stack(0x0000003fafc00000,0x0000003fafd00000) (1024K)]
  0x000001689d47c090 JavaThread "Unconstrained build operations Thread 41"        [_thread_blocked, id=9608, stack(0x0000003fafd00000,0x0000003fafe00000) (1024K)]
  0x000001689d47c7e0 JavaThread "Unconstrained build operations Thread 42"        [_thread_blocked, id=44228, stack(0x0000003fb0200000,0x0000003fb0300000) (1024K)]
  0x000001689d47cf30 JavaThread "Unconstrained build operations Thread 43"        [_thread_blocked, id=40736, stack(0x0000003fb0300000,0x0000003fb0400000) (1024K)]
  0x00000168a31c8810 JavaThread "Unconstrained build operations Thread 44"        [_thread_blocked, id=42996, stack(0x0000003fb0400000,0x0000003fb0500000) (1024K)]
  0x00000168a31c7220 JavaThread "Unconstrained build operations Thread 51"        [_thread_blocked, id=22548, stack(0x0000003fb0500000,0x0000003fb0600000) (1024K)]
  0x00000168a31c7970 JavaThread "Unconstrained build operations Thread 46"        [_thread_blocked, id=32536, stack(0x0000003fb0600000,0x0000003fb0700000) (1024K)]
  0x00000168a31c80c0 JavaThread "Unconstrained build operations Thread 53"        [_thread_blocked, id=7956, stack(0x0000003fb0700000,0x0000003fb0800000) (1024K)]
  0x00000168a31c96b0 JavaThread "Unconstrained build operations Thread 48"        [_thread_blocked, id=34956, stack(0x0000003fb0800000,0x0000003fb0900000) (1024K)]
  0x00000168a31c9e00 JavaThread "Unconstrained build operations Thread 49"        [_thread_blocked, id=2192, stack(0x0000003fb0900000,0x0000003fb0a00000) (1024K)]
  0x00000168a31c6ad0 JavaThread "Unconstrained build operations Thread 50"        [_thread_blocked, id=41224, stack(0x0000003fb0b00000,0x0000003fb0c00000) (1024K)]
  0x00000168994775b0 JavaThread "Unconstrained build operations Thread 45"        [_thread_blocked, id=42544, stack(0x0000003fb0c00000,0x0000003fb0d00000) (1024K)]
  0x00000168994792f0 JavaThread "Unconstrained build operations Thread 52"        [_thread_blocked, id=36984, stack(0x0000003fb0d00000,0x0000003fb0e00000) (1024K)]
  0x0000016899475fc0 JavaThread "Unconstrained build operations Thread 47"        [_thread_blocked, id=10564, stack(0x0000003fb0f00000,0x0000003fb1000000) (1024K)]
  0x000001689947bed0 JavaThread "Unconstrained build operations Thread 54"        [_thread_blocked, id=21608, stack(0x0000003fb1100000,0x0000003fb1200000) (1024K)]
  0x000001689947b780 JavaThread "Unconstrained build operations Thread 55"        [_thread_blocked, id=33868, stack(0x0000003fb1500000,0x0000003fb1600000) (1024K)]
  0x000001689947a190 JavaThread "Unconstrained build operations Thread 56"        [_thread_blocked, id=13588, stack(0x0000003fb1600000,0x0000003fb1700000) (1024K)]
  0x000001689947b030 JavaThread "Unconstrained build operations Thread 57"        [_thread_blocked, id=20184, stack(0x0000003fb1700000,0x0000003fb1800000) (1024K)]
  0x0000016899073ca0 JavaThread "Unconstrained build operations Thread 58"        [_thread_blocked, id=38768, stack(0x0000003fb1800000,0x0000003fb1900000) (1024K)]
  0x0000016899074b40 JavaThread "Unconstrained build operations Thread 59"        [_thread_blocked, id=38208, stack(0x0000003fb1900000,0x0000003fb1a00000) (1024K)]
  0x0000016899075290 JavaThread "Unconstrained build operations Thread 60"        [_thread_blocked, id=3536, stack(0x0000003fb1a00000,0x0000003fb1b00000) (1024K)]
  0x00000168990726b0 JavaThread "Unconstrained build operations Thread 61"        [_thread_blocked, id=19420, stack(0x0000003fb1b00000,0x0000003fb1c00000) (1024K)]
  0x0000016899071f60 JavaThread "Unconstrained build operations Thread 62"        [_thread_blocked, id=39656, stack(0x0000003fb1c00000,0x0000003fb1d00000) (1024K)]
  0x00000168a28822b0 JavaThread "Unconstrained build operations Thread 63"        [_thread_blocked, id=44332, stack(0x0000003fb1d00000,0x0000003fb1e00000) (1024K)]
  0x00000168a28838a0 JavaThread "Unconstrained build operations Thread 64"        [_thread_blocked, id=9080, stack(0x0000003fb1e00000,0x0000003fb1f00000) (1024K)]
  0x00000168a2880570 JavaThread "Unconstrained build operations Thread 65"        [_thread_blocked, id=43196, stack(0x0000003fb1f00000,0x0000003fb2000000) (1024K)]
  0x00000168a4ad2ca0 JavaThread "Unconstrained build operations Thread 66"        [_thread_blocked, id=13140, stack(0x0000003fb2100000,0x0000003fb2200000) (1024K)]
  0x00000168a4ad2550 JavaThread "Unconstrained build operations Thread 67"        [_thread_blocked, id=16724, stack(0x0000003fb2200000,0x0000003fb2300000) (1024K)]
  0x00000168a4ad33f0 JavaThread "Unconstrained build operations Thread 68"        [_thread_blocked, id=43796, stack(0x0000003fb2300000,0x0000003fb2400000) (1024K)]
  0x00000168a4ad16b0 JavaThread "Unconstrained build operations Thread 69"        [_thread_blocked, id=42284, stack(0x0000003fb2400000,0x0000003fb2500000) (1024K)]
  0x00000168a4ad0f60 JavaThread "Unconstrained build operations Thread 70"        [_thread_blocked, id=26168, stack(0x0000003fb2500000,0x0000003fb2600000) (1024K)]
  0x00000168a4ad1e00 JavaThread "Unconstrained build operations Thread 71"        [_thread_blocked, id=23308, stack(0x0000003fb2600000,0x0000003fb2700000) (1024K)]
  0x00000168a4ad3b40 JavaThread "Unconstrained build operations Thread 72"        [_thread_blocked, id=33872, stack(0x0000003fb2700000,0x0000003fb2800000) (1024K)]
  0x00000168a4ad0810 JavaThread "Unconstrained build operations Thread 73"        [_thread_blocked, id=42980, stack(0x0000003fb2800000,0x0000003fb2900000) (1024K)]
  0x00000168a4ad5880 JavaThread "Unconstrained build operations Thread 74"        [_thread_blocked, id=43252, stack(0x0000003fb2900000,0x0000003fb2a00000) (1024K)]
  0x00000168a4ad5130 JavaThread "Unconstrained build operations Thread 75"        [_thread_blocked, id=23848, stack(0x0000003fb2a00000,0x0000003fb2b00000) (1024K)]
  0x00000168a4ad6e70 JavaThread "Unconstrained build operations Thread 76"        [_thread_blocked, id=1756, stack(0x0000003fb2b00000,0x0000003fb2c00000) (1024K)]
  0x00000168a4ad75c0 JavaThread "Unconstrained build operations Thread 77"        [_thread_blocked, id=34716, stack(0x0000003fb2c00000,0x0000003fb2d00000) (1024K)]
  0x00000168a4ad4290 JavaThread "Unconstrained build operations Thread 78"        [_thread_blocked, id=43244, stack(0x0000003fb2d00000,0x0000003fb2e00000) (1024K)]
  0x00000168a4ad5fd0 JavaThread "Unconstrained build operations Thread 79"        [_thread_blocked, id=17824, stack(0x0000003fb2e00000,0x0000003fb2f00000) (1024K)]
  0x00000168a4ad6720 JavaThread "Unconstrained build operations Thread 80"        [_thread_blocked, id=40200, stack(0x0000003fb2f00000,0x0000003fb3000000) (1024K)]
  0x00000168a4ad7d10 JavaThread "Unconstrained build operations Thread 81"        [_thread_blocked, id=10836, stack(0x0000003fb3000000,0x0000003fb3100000) (1024K)]
  0x00000168a4ad49e0 JavaThread "Unconstrained build operations Thread 82"        [_thread_blocked, id=20160, stack(0x0000003fb3100000,0x0000003fb3200000) (1024K)]
  0x00000168a4ada8f0 JavaThread "Unconstrained build operations Thread 83"        [_thread_blocked, id=24960, stack(0x0000003fb3200000,0x0000003fb3300000) (1024K)]
  0x00000168a4adb040 JavaThread "Unconstrained build operations Thread 84"        [_thread_blocked, id=26728, stack(0x0000003fb3300000,0x0000003fb3400000) (1024K)]
  0x00000168a4adb790 JavaThread "Unconstrained build operations Thread 85"        [_thread_blocked, id=3552, stack(0x0000003fb3400000,0x0000003fb3500000) (1024K)]
  0x00000168a4ada1a0 JavaThread "Unconstrained build operations Thread 86"        [_thread_blocked, id=10476, stack(0x0000003fb3500000,0x0000003fb3600000) (1024K)]
  0x00000168a4ad8460 JavaThread "Unconstrained build operations Thread 87"        [_thread_blocked, id=32816, stack(0x0000003fb3600000,0x0000003fb3700000) (1024K)]
  0x00000168a4adbee0 JavaThread "Unconstrained build operations Thread 88"        [_thread_blocked, id=41336, stack(0x0000003fb3700000,0x0000003fb3800000) (1024K)]
  0x00000168a4ad9a50 JavaThread "Unconstrained build operations Thread 89"        [_thread_blocked, id=42316, stack(0x0000003fb3800000,0x0000003fb3900000) (1024K)]
  0x00000168a4ad8bb0 JavaThread "Unconstrained build operations Thread 90"        [_thread_blocked, id=8492, stack(0x0000003fb3900000,0x0000003fb3a00000) (1024K)]
  0x00000168a4adc630 JavaThread "Unconstrained build operations Thread 91"        [_thread_blocked, id=15880, stack(0x0000003fb3a00000,0x0000003fb3b00000) (1024K)]
  0x00000168a4ad9300 JavaThread "Unconstrained build operations Thread 92"        [_thread_blocked, id=24036, stack(0x0000003fb3b00000,0x0000003fb3c00000) (1024K)]
  0x00000168a4add4d0 JavaThread "Unconstrained build operations Thread 93"        [_thread_blocked, id=33172, stack(0x0000003fb3c00000,0x0000003fb3d00000) (1024K)]
  0x00000168a4addc20 JavaThread "Unconstrained build operations Thread 94"        [_thread_blocked, id=31472, stack(0x0000003fb3d00000,0x0000003fb3e00000) (1024K)]
  0x00000168a4adeac0 JavaThread "Unconstrained build operations Thread 95"        [_thread_blocked, id=4264, stack(0x0000003fb3e00000,0x0000003fb3f00000) (1024K)]
  0x00000168a4ade370 JavaThread "Unconstrained build operations Thread 96"        [_thread_blocked, id=21040, stack(0x0000003fb3f00000,0x0000003fb4000000) (1024K)]
  0x00000168a4adf210 JavaThread "Unconstrained build operations Thread 97"        [_thread_blocked, id=18004, stack(0x0000003fb4000000,0x0000003fb4100000) (1024K)]
  0x00000168a4adf960 JavaThread "Unconstrained build operations Thread 98"        [_thread_blocked, id=25348, stack(0x0000003fb4100000,0x0000003fb4200000) (1024K)]
  0x00000168a4adcd80 JavaThread "Unconstrained build operations Thread 99"        [_thread_blocked, id=3052, stack(0x0000003fb4200000,0x0000003fb4300000) (1024K)]
  0x000001689a6ab910 JavaThread "Unconstrained build operations Thread 100"        [_thread_blocked, id=31396, stack(0x0000003fb4300000,0x0000003fb4400000) (1024K)]
  0x000001689a6ac060 JavaThread "Unconstrained build operations Thread 101"        [_thread_blocked, id=7164, stack(0x0000003fb4400000,0x0000003fb4500000) (1024K)]
  0x000001689a6aaa70 JavaThread "Unconstrained build operations Thread 102"        [_thread_blocked, id=40108, stack(0x0000003fb4500000,0x0000003fb4600000) (1024K)]
  0x000001689a6ac7b0 JavaThread "Unconstrained build operations Thread 103"        [_thread_blocked, id=7592, stack(0x0000003fb4600000,0x0000003fb4700000) (1024K)]
  0x000001689a6aa320 JavaThread "Unconstrained build operations Thread 104"        [_thread_blocked, id=45924, stack(0x0000003fb4700000,0x0000003fb4800000) (1024K)]
  0x000001689a6ab1c0 JavaThread "Unconstrained build operations Thread 105"        [_thread_blocked, id=40936, stack(0x0000003fb4800000,0x0000003fb4900000) (1024K)]
  0x000001689a6a9480 JavaThread "Unconstrained build operations Thread 106"        [_thread_blocked, id=24596, stack(0x0000003fb4900000,0x0000003fb4a00000) (1024K)]
  0x000001689a6acf00 JavaThread "Unconstrained build operations Thread 107"        [_thread_blocked, id=23352, stack(0x0000003fb4a00000,0x0000003fb4b00000) (1024K)]
  0x000001689a6a9bd0 JavaThread "Unconstrained build operations Thread 108"        [_thread_blocked, id=27432, stack(0x0000003fb4b00000,0x0000003fb4c00000) (1024K)]
  0x000001689a6b0980 JavaThread "Unconstrained build operations Thread 109"        [_thread_blocked, id=23040, stack(0x0000003fb4c00000,0x0000003fb4d00000) (1024K)]
  0x000001689a6ae4f0 JavaThread "Unconstrained build operations Thread 110"        [_thread_blocked, id=36564, stack(0x0000003fb4d00000,0x0000003fb4e00000) (1024K)]
  0x000001689a6aec40 JavaThread "Unconstrained build operations Thread 111"        [_thread_blocked, id=38244, stack(0x0000003fb4e00000,0x0000003fb4f00000) (1024K)]
  0x000001689a6b0230 JavaThread "Unconstrained build operations Thread 112"        [_thread_blocked, id=27788, stack(0x0000003fb4f00000,0x0000003fb5000000) (1024K)]
  0x000001689a6ad650 JavaThread "Unconstrained build operations Thread 113"        [_thread_blocked, id=22676, stack(0x0000003fb5000000,0x0000003fb5100000) (1024K)]
  0x000001689a6afae0 JavaThread "Unconstrained build operations Thread 114"        [_thread_blocked, id=24792, stack(0x0000003fb5100000,0x0000003fb5200000) (1024K)]
  0x000001689a6af390 JavaThread "Unconstrained build operations Thread 115"        [_thread_blocked, id=14340, stack(0x0000003fb5200000,0x0000003fb5300000) (1024K)]
  0x000001689a6b10d0 JavaThread "Unconstrained build operations Thread 116"        [_thread_blocked, id=8652, stack(0x0000003fb5300000,0x0000003fb5400000) (1024K)]
  0x000001689a6adda0 JavaThread "Unconstrained build operations Thread 117"        [_thread_blocked, id=29764, stack(0x0000003fb5400000,0x0000003fb5500000) (1024K)]
  0x000001689a6b4b50 JavaThread "Unconstrained build operations Thread 118"        [_thread_blocked, id=38752, stack(0x0000003fb5500000,0x0000003fb5600000) (1024K)]
  0x000001689a6b1f70 JavaThread "Unconstrained build operations Thread 119"        [_thread_blocked, id=22136, stack(0x0000003fb5600000,0x0000003fb5700000) (1024K)]
  0x000001689a6b26c0 JavaThread "Unconstrained build operations Thread 120"        [_thread_blocked, id=16704, stack(0x0000003fb5700000,0x0000003fb5800000) (1024K)]
  0x000001689a6b1820 JavaThread "Unconstrained build operations Thread 121"        [_thread_blocked, id=13788, stack(0x0000003fb5900000,0x0000003fb5a00000) (1024K)]
  0x000001689a6b3cb0 JavaThread "Unconstrained build operations Thread 122"        [_thread_blocked, id=23712, stack(0x0000003fb5a00000,0x0000003fb5b00000) (1024K)]
  0x000001689a6b59f0 JavaThread "Unconstrained build operations Thread 123"        [_thread_blocked, id=37340, stack(0x0000003fb5b00000,0x0000003fb5c00000) (1024K)]
  0x000001689a6b6140 JavaThread "Unconstrained build operations Thread 124"        [_thread_blocked, id=32868, stack(0x0000003fb5c00000,0x0000003fb5d00000) (1024K)]
  0x000001689a6b2e10 JavaThread "Unconstrained build operations Thread 125"        [_thread_blocked, id=32616, stack(0x0000003fb5d00000,0x0000003fb5e00000) (1024K)]
  0x000001689a6b52a0 JavaThread "Unconstrained build operations Thread 126"        [_thread_blocked, id=37096, stack(0x0000003fb5e00000,0x0000003fb5f00000) (1024K)]
  0x000001689a6b6890 JavaThread "Unconstrained build operations Thread 127"        [_thread_blocked, id=20052, stack(0x0000003fb5f00000,0x0000003fb6000000) (1024K)]
  0x000001689a6b4400 JavaThread "Unconstrained build operations Thread 128"        [_thread_blocked, id=43484, stack(0x0000003fb6000000,0x0000003fb6100000) (1024K)]
  0x000001689a6b3560 JavaThread "Unconstrained build operations Thread 129"        [_thread_blocked, id=20980, stack(0x0000003fb6100000,0x0000003fb6200000) (1024K)]
  0x000001689a6b6fe0 JavaThread "Unconstrained build operations Thread 130"        [_thread_blocked, id=35616, stack(0x0000003fb6200000,0x0000003fb6300000) (1024K)]
  0x000001689a6b7730 JavaThread "Unconstrained build operations Thread 131"        [_thread_blocked, id=43732, stack(0x0000003fb6300000,0x0000003fb6400000) (1024K)]
  0x000001689a6b7e80 JavaThread "Unconstrained build operations Thread 132"        [_thread_blocked, id=18100, stack(0x0000003fb6400000,0x0000003fb6500000) (1024K)]
  0x000001689a6b85d0 JavaThread "Unconstrained build operations Thread 133"        [_thread_blocked, id=42552, stack(0x0000003fb6500000,0x0000003fb6600000) (1024K)]
  0x00000168a3b2a770 JavaThread "Unconstrained build operations Thread 134"        [_thread_blocked, id=4056, stack(0x0000003fb6600000,0x0000003fb6700000) (1024K)]
  0x00000168a3b28a30 JavaThread "Unconstrained build operations Thread 135"        [_thread_blocked, id=10844, stack(0x0000003fb6700000,0x0000003fb6800000) (1024K)]
  0x00000168a3b2a020 JavaThread "Unconstrained build operations Thread 136"        [_thread_blocked, id=36868, stack(0x0000003fad500000,0x0000003fad600000) (1024K)]
  0x00000168a3b282e0 JavaThread "Unconstrained build operations Thread 137"        [_thread_blocked, id=38596, stack(0x0000003fb6800000,0x0000003fb6900000) (1024K)]
  0x00000168a3b29180 JavaThread "Unconstrained build operations Thread 138"        [_thread_blocked, id=18392, stack(0x0000003fb6900000,0x0000003fb6a00000) (1024K)]
  0x00000168a3b27b90 JavaThread "Unconstrained build operations Thread 139"        [_thread_blocked, id=26912, stack(0x0000003fb6a00000,0x0000003fb6b00000) (1024K)]
  0x00000168a3b2cc00 JavaThread "Unconstrained build operations Thread 140"        [_thread_blocked, id=35124, stack(0x0000003fb6b00000,0x0000003fb6c00000) (1024K)]
  0x00000168a3b2bd60 JavaThread "Unconstrained build operations Thread 141"        [_thread_blocked, id=30916, stack(0x0000003fb6c00000,0x0000003fb6d00000) (1024K)]
  0x00000168a3b298d0 JavaThread "Unconstrained build operations Thread 142"        [_thread_blocked, id=19892, stack(0x0000003fb6d00000,0x0000003fb6e00000) (1024K)]
  0x00000168a3b2aec0 JavaThread "Unconstrained build operations Thread 143"        [_thread_blocked, id=2044, stack(0x0000003fb6e00000,0x0000003fb6f00000) (1024K)]
  0x00000168a3b2d350 JavaThread "Unconstrained build operations Thread 144"        [_thread_blocked, id=43924, stack(0x0000003fb6f00000,0x0000003fb7000000) (1024K)]
  0x00000168a3b2c4b0 JavaThread "Unconstrained build operations Thread 145"        [_thread_blocked, id=28080, stack(0x0000003fb7000000,0x0000003fb7100000) (1024K)]
  0x00000168a3b2daa0 JavaThread "Unconstrained build operations Thread 146"        [_thread_blocked, id=37172, stack(0x0000003fb7100000,0x0000003fb7200000) (1024K)]
  0x00000168a3b2e1f0 JavaThread "Unconstrained build operations Thread 147"        [_thread_blocked, id=38504, stack(0x0000003fb7200000,0x0000003fb7300000) (1024K)]
  0x00000168a3b2e940 JavaThread "Unconstrained build operations Thread 148"        [_thread_blocked, id=13800, stack(0x0000003fb7300000,0x0000003fb7400000) (1024K)]
  0x000001689ac3bc20 JavaThread "Unconstrained build operations Thread 149"        [_thread_blocked, id=44688, stack(0x0000003fb7400000,0x0000003fb7500000) (1024K)]
  0x00000168a53b8130 JavaThread "Unconstrained build operations Thread 150"        [_thread_blocked, id=11396, stack(0x0000003fb7500000,0x0000003fb7600000) (1024K)]
  0x00000168a53b8880 JavaThread "Unconstrained build operations Thread 151"        [_thread_blocked, id=23140, stack(0x0000003fb7600000,0x0000003fb7700000) (1024K)]
  0x00000168a53b6b40 JavaThread "Unconstrained build operations Thread 152"        [_thread_blocked, id=36172, stack(0x0000003fabd00000,0x0000003fabe00000) (1024K)]
  0x00000168a53b5ca0 JavaThread "Unconstrained build operations Thread 153"        [_thread_blocked, id=21972, stack(0x0000003fabe00000,0x0000003fabf00000) (1024K)]
  0x00000168a53b7290 JavaThread "Unconstrained build operations Thread 154"        [_thread_blocked, id=20976, stack(0x0000003fabf00000,0x0000003fac000000) (1024K)]
  0x00000168a53b4e00 JavaThread "Unconstrained build operations Thread 155"        [_thread_blocked, id=45104, stack(0x0000003fb2000000,0x0000003fb2100000) (1024K)]
  0x00000168a53b8fd0 JavaThread "Unconstrained build operations Thread 156"        [_thread_blocked, id=42428, stack(0x0000003fb5800000,0x0000003fb5900000) (1024K)]
  0x00000168a53b63f0 JavaThread "Unconstrained build operations Thread 157"        [_thread_blocked, id=33756, stack(0x0000003fb7700000,0x0000003fb7800000) (1024K)]
  0x00000168a53b5550 JavaThread "Unconstrained build operations Thread 158"        [_thread_blocked, id=9124, stack(0x0000003fb7800000,0x0000003fb7900000) (1024K)]
  0x00000168a53b9720 JavaThread "Unconstrained build operations Thread 159"        [_thread_blocked, id=38420, stack(0x0000003fb7900000,0x0000003fb7a00000) (1024K)]
  0x00000168a53b9e70 JavaThread "Unconstrained build operations Thread 160"        [_thread_blocked, id=32260, stack(0x0000003fb7c00000,0x0000003fb7d00000) (1024K)]
  0x00000168a53bc300 JavaThread "WorkerExecutor Queue"              [_thread_blocked, id=19676, stack(0x0000003fb7e00000,0x0000003fb7f00000) (1024K)]
  0x00000168a53c3f50 JavaThread "Periodic tasks thread"      daemon [_thread_blocked, id=18384, stack(0x0000003fb8300000,0x0000003fb8400000) (1024K)]
  0x00000168a53c1ac0 JavaThread "ApplicationImpl pooled thread 1" daemon [_thread_blocked, id=38976, stack(0x0000003fb8400000,0x0000003fb8500000) (1024K)]
  0x00000168a615a4b0 JavaThread "Java2D Disposer"            daemon [_thread_blocked, id=16472, stack(0x0000003fad100000,0x0000003fad200000) (1024K)]
  0x00000168a615c1f0 JavaThread "AWT-Windows"                daemon [_thread_in_native, id=31436, stack(0x0000003fb8000000,0x0000003fb8100000) (1024K)]
  0x00000168a8137ff0 JavaThread "WorkerExecutor Queue Thread 2"        [_thread_blocked, id=40500, stack(0x0000003fb8a00000,0x0000003fb8b00000) (1024K)]
  0x00000168a813a480 JavaThread "WorkerExecutor Queue Thread 3"        [_thread_in_Java, id=44300, stack(0x0000003fb1200000,0x0000003fb1300000) (1024K)]
  0x00000168a813b320 JavaThread "Cache worker for Java compile cache (C:\Users\orili\.gradle\caches\8.14\javaCompile)"        [_thread_blocked, id=13144, stack(0x0000003fb1300000,0x0000003fb1400000) (1024K)]
  0x00000168a813abd0 JavaThread "Build operations Thread 3"         [_thread_blocked, id=5432, stack(0x0000003fb1400000,0x0000003fb1500000) (1024K)]
  0x00000168a813ba70 JavaThread "Build operations Thread 4"         [_thread_blocked, id=38192, stack(0x0000003fb7d00000,0x0000003fb7e00000) (1024K)]
  0x00000168a81395e0 JavaThread "Build operations Thread 5"         [_thread_blocked, id=42404, stack(0x0000003fb7f00000,0x0000003fb8000000) (1024K)]
  0x00000168a8138740 JavaThread "Build operations Thread 6"         [_thread_blocked, id=31108, stack(0x0000003fb8100000,0x0000003fb8200000) (1024K)]
  0x00000168a813c910 JavaThread "Build operations Thread 7"         [_thread_blocked, id=45236, stack(0x0000003fb8200000,0x0000003fb8300000) (1024K)]
  0x00000168a813df00 JavaThread "Build operations Thread 8"         [_thread_blocked, id=32196, stack(0x0000003fb8500000,0x0000003fb8600000) (1024K)]
  0x00000168a813d060 JavaThread "Build operations Thread 9"         [_thread_blocked, id=31556, stack(0x0000003fb8600000,0x0000003fb8700000) (1024K)]
  0x00000168a813e650 JavaThread "Build operations Thread 10"        [_thread_blocked, id=25204, stack(0x0000003fb8700000,0x0000003fb8800000) (1024K)]
  0x00000168a813eda0 JavaThread "Build operations Thread 11"        [_thread_blocked, id=37472, stack(0x0000003fb8800000,0x0000003fb8900000) (1024K)]
  0x00000168a813d7b0 JavaThread "Build operations Thread 12"        [_thread_blocked, id=21224, stack(0x0000003fb8900000,0x0000003fb8a00000) (1024K)]
  0x00000168a813f4f0 JavaThread "Build operations Thread 13"        [_thread_blocked, id=24804, stack(0x0000003fb8b00000,0x0000003fb8c00000) (1024K)]
  0x00000168a813c1c0 JavaThread "Build operations Thread 14"        [_thread_blocked, id=27348, stack(0x0000003fb8c00000,0x0000003fb8d00000) (1024K)]
  0x00000168a53be040 JavaThread "Build operations Thread 15"        [_thread_blocked, id=44236, stack(0x0000003fb8d00000,0x0000003fb8e00000) (1024K)]
  0x00000168a53beee0 JavaThread "Build operations Thread 16"        [_thread_blocked, id=11584, stack(0x0000003fb8e00000,0x0000003fb8f00000) (1024K)]
  0x00000168a53bd8f0 JavaThread "WorkerExecutor Queue Thread 4"        [_thread_blocked, id=17648, stack(0x0000003fb8f00000,0x0000003fb9000000) (1024K)]
  0x00000168a53bbbb0 JavaThread "WorkerExecutor Queue Thread 5"        [_thread_blocked, id=16452, stack(0x0000003fb9000000,0x0000003fb9100000) (1024K)]
  0x00000168a6162850 JavaThread "WorkerExecutor Queue Thread 6"        [_thread_blocked, id=10540, stack(0x0000003fb9300000,0x0000003fb9400000) (1024K)]
  0x00000168a615f520 JavaThread "DefaultDispatcher-worker-1" daemon [_thread_blocked, id=29460, stack(0x0000003fb9400000,0x0000003fb9500000) (1024K)]
  0x00000168a61603c0 JavaThread "DefaultDispatcher-worker-2" daemon [_thread_blocked, id=33180, stack(0x0000003fb9500000,0x0000003fb9600000) (1024K)]
  0x00000168a6164590 JavaThread "DefaultDispatcher-worker-3" daemon [_thread_blocked, id=2412, stack(0x0000003fb9600000,0x0000003fb9700000) (1024K)]
  0x00000168a8131240 JavaThread "ForkJoinPool-1-worker-1"    daemon [_thread_in_Java, id=3584, stack(0x0000003fb1000000,0x0000003fb1100000) (1024K)]
  0x00000168a8131990 JavaThread "ForkJoinPool-1-worker-2"    daemon [_thread_in_Java, id=19284, stack(0x0000003fb9100000,0x0000003fb9200000) (1024K)]
  0x00000168a8132830 JavaThread "ForkJoinPool-1-worker-3"    daemon [_thread_in_Java, id=3152, stack(0x0000003fb9200000,0x0000003fb9300000) (1024K)]
  0x00000168a8132f80 JavaThread "ForkJoinPool-1-worker-4"    daemon [_thread_in_Java, id=7220, stack(0x0000003fb9700000,0x0000003fb9800000) (1024K)]
  0x00000168a81303a0 JavaThread "ForkJoinPool-1-worker-5"    daemon [_thread_in_Java, id=16764, stack(0x0000003fb9800000,0x0000003fb9900000) (1024K)]
  0x00000168a81336d0 JavaThread "ForkJoinPool-1-worker-6"    daemon [_thread_in_Java, id=40316, stack(0x0000003fb9900000,0x0000003fb9a00000) (1024K)]
  0x00000168a8133e20 JavaThread "ForkJoinPool-1-worker-7"    daemon [_thread_in_Java, id=5116, stack(0x0000003fb9a00000,0x0000003fb9b00000) (1024K)]
  0x00000168a81378a0 JavaThread "ForkJoinPool-1-worker-8"    daemon [_thread_in_vm, id=41772, stack(0x0000003fb9b00000,0x0000003fb9c00000) (1024K)]
  0x0000016899732d10 JavaThread "ForkJoinPool-1-worker-9"    daemon [_thread_in_vm, id=5192, stack(0x0000003fb9c00000,0x0000003fb9d00000) (1024K)]
  0x0000016899730fd0 JavaThread "ForkJoinPool-1-worker-10"   daemon [_thread_in_Java, id=36872, stack(0x0000003fb9d00000,0x0000003fb9e00000) (1024K)]
  0x00000168997358f0 JavaThread "ForkJoinPool-1-worker-11"   daemon [_thread_in_Java, id=12540, stack(0x0000003fb9e00000,0x0000003fb9f00000) (1024K)]
  0x0000016899736040 JavaThread "ForkJoinPool-1-worker-12"   daemon [_thread_in_Java, id=26332, stack(0x0000003fb9f00000,0x0000003fba000000) (1024K)]
  0x0000016899e2fde0 JavaThread "ForkJoinPool-1-worker-13"   daemon [_thread_in_Java, id=12928, stack(0x0000003fba000000,0x0000003fba100000) (1024K)]
  0x0000016899e313d0 JavaThread "ForkJoinPool-1-worker-14"   daemon [_thread_in_vm, id=8816, stack(0x0000003fba100000,0x0000003fba200000) (1024K)]
  0x0000016899e30530 JavaThread "ForkJoinPool-1-worker-15"   daemon [_thread_in_Java, id=36168, stack(0x0000003fba200000,0x0000003fba300000) (1024K)]
  0x0000016899e32270 JavaThread "ForkJoinPool-1-worker-16"   daemon [_thread_blocked, id=44724, stack(0x0000003fba300000,0x0000003fba400000) (1024K)]
  0x00000168b856fb90 JavaThread "Periodic tasks thread"      daemon [_thread_blocked, id=6316, stack(0x0000003fb0e00000,0x0000003fb0f00000) (1024K)]
  0x00000168b8572020 JavaThread "ApplicationImpl pooled thread 1"        [_thread_blocked, id=9004, stack(0x0000003fba400000,0x0000003fba500000) (1024K)]
  0x00000168b8573610 JavaThread "ForkJoinPool.commonPool-worker-4" daemon [_thread_blocked, id=8520, stack(0x0000003fba700000,0x0000003fba800000) (1024K)]
  0x00000168a6165b80 JavaThread "ForkJoinPool.commonPool-worker-5" daemon [_thread_blocked, id=22236, stack(0x0000003fba800000,0x0000003fba900000) (1024K)]
  0x00000168a53bfd80 JavaThread "ForkJoinPool.commonPool-worker-7" daemon [_thread_blocked, id=21284, stack(0x0000003fbaa00000,0x0000003fbab00000) (1024K)]
  0x00000168bd4a1960 JavaThread "ForkJoinPool.commonPool-worker-6" daemon [_thread_blocked, id=30908, stack(0x0000003fbab00000,0x0000003fbac00000) (1024K)]
  0x00000168a27c0c70 JavaThread "C1 CompilerThread1"         daemon [_thread_blocked, id=29484, stack(0x0000003faa300000,0x0000003faa400000) (1024K)]
  0x00000168a27bd780 JavaThread "C1 CompilerThread2"         daemon [_thread_blocked, id=12356, stack(0x0000003faa500000,0x0000003faa600000) (1024K)]
  0x00000168a7b3fea0 JavaThread "C1 CompilerThread3"         daemon [_thread_blocked, id=29920, stack(0x0000003faaf00000,0x0000003fab000000) (1024K)]
  0x00000168a27c2320 JavaThread "C2 CompilerThread1"         daemon [_thread_in_native, id=35328, stack(0x0000003fa8f00000,0x0000003fa9000000) (1024K)]
  0x00000168b7719300 JavaThread "C2 CompilerThread2"         daemon [_thread_in_native, id=35420, stack(0x0000003fab000000,0x0000003fab100000) (1024K)]
  0x00000168b771e630 JavaThread "C2 CompilerThread3"         daemon [_thread_in_native, id=42140, stack(0x0000003fab600000,0x0000003fab700000) (1024K)]
=>0x00000168b771edc0 JavaThread "C2 CompilerThread4"         daemon [_thread_in_native, id=36064, stack(0x0000003fabc00000,0x0000003fabd00000) (1024K)]
  0x00000168b7720470 JavaThread "C2 CompilerThread5"         daemon [_thread_in_native, id=23240, stack(0x0000003faeb00000,0x0000003faec00000) (1024K)]
  0x00000168a21d4a30 JavaThread "C2 CompilerThread6"         daemon [_thread_in_native, id=44340, stack(0x0000003fb0100000,0x0000003fb0200000) (1024K)]
  0x00000168a21d1540 JavaThread "C2 CompilerThread7"         daemon [_thread_in_native, id=45964, stack(0x0000003fb0a00000,0x0000003fb0b00000) (1024K)]
Total: 279

Other Threads:
  0x00000168515be630 VMThread "VM Thread"                           [id=28820, stack(0x0000003fa8500000,0x0000003fa8600000) (1024K)]
  0x000001685148f870 WatcherThread "VM Periodic Task Thread"        [id=41004, stack(0x0000003fa8400000,0x0000003fa8500000) (1024K)]
  0x00000168333315a0 WorkerThread "GC Thread#0"                     [id=20244, stack(0x0000003fa7f00000,0x0000003fa8000000) (1024K)]
  0x0000016852855380 WorkerThread "GC Thread#1"                     [id=41320, stack(0x0000003fa9100000,0x0000003fa9200000) (1024K)]
  0x0000016852855730 WorkerThread "GC Thread#2"                     [id=39780, stack(0x0000003fa9200000,0x0000003fa9300000) (1024K)]
  0x00000168985dc280 WorkerThread "GC Thread#3"                     [id=16756, stack(0x0000003fa9500000,0x0000003fa9600000) (1024K)]
  0x00000168985dc630 WorkerThread "GC Thread#4"                     [id=4528, stack(0x0000003fa9600000,0x0000003fa9700000) (1024K)]
  0x00000168985dc9e0 WorkerThread "GC Thread#5"                     [id=25256, stack(0x0000003fa9700000,0x0000003fa9800000) (1024K)]
  0x00000168985dcd90 WorkerThread "GC Thread#6"                     [id=23072, stack(0x0000003fa9800000,0x0000003fa9900000) (1024K)]
  0x000001685297a320 WorkerThread "GC Thread#7"                     [id=31076, stack(0x0000003fa9900000,0x0000003fa9a00000) (1024K)]
  0x000001685297a6d0 WorkerThread "GC Thread#8"                     [id=37140, stack(0x0000003fa9a00000,0x0000003fa9b00000) (1024K)]
  0x00000168523ef5f0 WorkerThread "GC Thread#9"                     [id=33304, stack(0x0000003faa900000,0x0000003faaa00000) (1024K)]
  0x00000168523efd50 WorkerThread "GC Thread#10"                    [id=20680, stack(0x0000003faaa00000,0x0000003faab00000) (1024K)]
  0x00000168523ef9a0 WorkerThread "GC Thread#11"                    [id=6944, stack(0x0000003faab00000,0x0000003faac00000) (1024K)]
  0x000001689b7f2340 WorkerThread "GC Thread#12"                    [id=2540, stack(0x0000003faac00000,0x0000003faad00000) (1024K)]
  0x0000016830e1dff0 ConcurrentGCThread "G1 Main Marker"            [id=5996, stack(0x0000003fa8000000,0x0000003fa8100000) (1024K)]
  0x000001683333f060 WorkerThread "G1 Conc#0"                       [id=10276, stack(0x0000003fa8100000,0x0000003fa8200000) (1024K)]
  0x000001689b7f40c0 WorkerThread "G1 Conc#1"                       [id=26512, stack(0x0000003faad00000,0x0000003faae00000) (1024K)]
  0x000001689b7f26f0 WorkerThread "G1 Conc#2"                       [id=18792, stack(0x0000003faae00000,0x0000003faaf00000) (1024K)]
  0x000001683338e970 ConcurrentGCThread "G1 Refine#0"               [id=9072, stack(0x0000003fa8200000,0x0000003fa8300000) (1024K)]
  0x00000168514804e0 ConcurrentGCThread "G1 Service"                [id=11776, stack(0x0000003fa8300000,0x0000003fa8400000) (1024K)]
Total: 21

Threads with active compile tasks:
C2 CompilerThread0  10114682 70784       4       com.android.tools.r8.internal.u54::a (849 bytes)
C2 CompilerThread1  10114682 71187       4       com.android.tools.r8.internal.wk2::a (221 bytes)
C2 CompilerThread2  10114682 71154       4       com.android.tools.r8.internal.fk::a (1828 bytes)
C2 CompilerThread3  10114682 70874       4       com.android.tools.r8.internal.rd4::a (616 bytes)
C2 CompilerThread4  10114682 70631       4       com.android.tools.r8.graph.xa$c::a (782 bytes)
C2 CompilerThread5  10114682 68405 %     4       com.android.tools.r8.internal.tu3::b @ 100 (357 bytes)
C2 CompilerThread6  10114683 71145       4       com.android.tools.r8.internal.r31::a (3928 bytes)
C2 CompilerThread7  10114683 71160 %     4       com.android.tools.r8.internal.n22::a @ 53 (4422 bytes)
Total: 8

VM state: not at safepoint (normal execution)

VM Mutex/Monitor currently owned by a thread: None

Heap address: 0x0000000740000000, size: 3072 MB, Compressed Oops mode: Zero based, Oop shift amount: 3

CDS archive(s) mapped at: [0x0000016853000000-0x0000016853d40000-0x0000016853d40000), size 13893632, SharedBaseAddress: 0x0000016853000000, ArchiveRelocationMode: 1.
Compressed class space mapped at: 0x0000016854000000-0x0000016894000000, reserved size: 1073741824
UseCompressedClassPointers 1, UseCompactObjectHeaders 0
Narrow klass pointer bits 32, Max shift 3
Narrow klass base: 0x0000016853000000, Narrow klass shift: 0
Encoding Range: [0x0000016853000000 - 0x0000016953000000), (4294967296 bytes)
Klass Range:    [0x0000016853000000 - 0x0000016894000000), (1090519040 bytes)
Klass ID Range:  [8 - 1090519033) (1090519025)

GC Precious Log:
 CardTable entry size: 512
 Card Set container configuration: InlinePtr #cards 4 size 8 Array Of Cards #cards 16 size 48 Howl #buckets 8 coarsen threshold 3686 Howl Bitmap #cards 512 size 80 coarsen threshold 460 Card regions per heap region 1 cards per card region 4096
 CPUs: 16 total, 16 available
 Memory: 24196M
 Large Page Support: Disabled
 NUMA Support: Disabled
 Compressed Oops: Enabled (Zero based)
 Heap Region Size: 2M
 Heap Min Capacity: 8M
 Heap Initial Capacity: 380M
 Heap Max Capacity: 3G
 Pre-touch: Disabled
 Parallel Workers: 13
 Concurrent Workers: 3
 Concurrent Refinement Workers: 13
 Periodic GC: Disabled

Heap:
 garbage-first heap   total reserved 3145728K, committed 2441216K, used 1394251K [0x0000000740000000, 0x0000000800000000)
  region size 2048K, 51 young (104448K), 23 survivors (47104K)
 Metaspace       used 311100K, committed 313088K, reserved 1376256K
  class space    used 33840K, committed 34752K, reserved 1048576K

Heap Regions: E=young(eden), S=young(survivor), O=old, HS=humongous(starts), HC=humongous(continues), CS=collection set, F=free, TAMS=top-at-mark-start, PB=parsable bottom
|   0|0x0000000740000000, 0x0000000740200000, 0x0000000740200000|100%|HS|  |TAMS 0x0000000740000000| PB 0x0000000740000000| Complete |  0
|   1|0x0000000740200000, 0x0000000740400000, 0x0000000740400000|100%|HC|  |TAMS 0x0000000740200000| PB 0x0000000740200000| Complete |  0
|   2|0x0000000740400000, 0x0000000740600000, 0x0000000740600000|100%| O|  |TAMS 0x0000000740400000| PB 0x0000000740400000| Untracked |  0
|   3|0x0000000740600000, 0x0000000740800000, 0x0000000740800000|100%| O|  |TAMS 0x0000000740600000| PB 0x0000000740600000| Untracked |  0
|   4|0x0000000740800000, 0x0000000740a00000, 0x0000000740a00000|100%| O|  |TAMS 0x0000000740800000| PB 0x0000000740800000| Untracked |  0
|   5|0x0000000740a00000, 0x0000000740c00000, 0x0000000740c00000|100%| O|  |TAMS 0x0000000740a00000| PB 0x0000000740a00000| Untracked |  0
|   6|0x0000000740c00000, 0x0000000740e00000, 0x0000000740e00000|100%| O|  |TAMS 0x0000000740c00000| PB 0x0000000740c00000| Untracked |  0
|   7|0x0000000740e00000, 0x0000000741000000, 0x0000000741000000|100%| O|  |TAMS 0x0000000740e00000| PB 0x0000000740e00000| Untracked |  0
|   8|0x0000000741000000, 0x0000000741200000, 0x0000000741200000|100%| O|  |TAMS 0x0000000741000000| PB 0x0000000741000000| Untracked |  0
|   9|0x0000000741200000, 0x0000000741400000, 0x0000000741400000|100%| O|  |TAMS 0x0000000741200000| PB 0x0000000741200000| Untracked |  0
|  10|0x0000000741400000, 0x0000000741600000, 0x0000000741600000|100%| O|  |TAMS 0x0000000741400000| PB 0x0000000741400000| Untracked |  0
|  11|0x0000000741600000, 0x0000000741800000, 0x0000000741800000|100%| O|  |TAMS 0x0000000741600000| PB 0x0000000741600000| Untracked |  0
|  12|0x0000000741800000, 0x0000000741a00000, 0x0000000741a00000|100%| O|  |TAMS 0x0000000741800000| PB 0x0000000741800000| Untracked |  0
|  13|0x0000000741a00000, 0x0000000741c00000, 0x0000000741c00000|100%| O|  |TAMS 0x0000000741a00000| PB 0x0000000741a00000| Untracked |  0
|  14|0x0000000741c00000, 0x0000000741e00000, 0x0000000741e00000|100%| O|  |TAMS 0x0000000741c00000| PB 0x0000000741c00000| Untracked |  0
|  15|0x0000000741e00000, 0x0000000742000000, 0x0000000742000000|100%| O|  |TAMS 0x0000000741e00000| PB 0x0000000741e00000| Untracked |  0
|  16|0x0000000742000000, 0x0000000742200000, 0x0000000742200000|100%| O|  |TAMS 0x0000000742000000| PB 0x0000000742000000| Untracked |  0
|  17|0x0000000742200000, 0x0000000742400000, 0x0000000742400000|100%| O|  |TAMS 0x0000000742200000| PB 0x0000000742200000| Untracked |  0
|  18|0x0000000742400000, 0x0000000742600000, 0x0000000742600000|100%| O|Cm|TAMS 0x0000000742400000| PB 0x0000000742400000| Complete |  0
|  19|0x0000000742600000, 0x0000000742800000, 0x0000000742800000|100%| O|  |TAMS 0x0000000742600000| PB 0x0000000742600000| Untracked |  0
|  20|0x0000000742800000, 0x0000000742a00000, 0x0000000742a00000|100%| O|  |TAMS 0x0000000742800000| PB 0x0000000742800000| Untracked |  0
|  21|0x0000000742a00000, 0x0000000742c00000, 0x0000000742c00000|100%| O|  |TAMS 0x0000000742a00000| PB 0x0000000742a00000| Untracked |  0
|  22|0x0000000742c00000, 0x0000000742e00000, 0x0000000742e00000|100%| O|  |TAMS 0x0000000742c00000| PB 0x0000000742c00000| Untracked |  0
|  23|0x0000000742e00000, 0x0000000743000000, 0x0000000743000000|100%|HS|  |TAMS 0x0000000742e00000| PB 0x0000000742e00000| Complete |  0
|  24|0x0000000743000000, 0x0000000743200000, 0x0000000743200000|100%|HS|  |TAMS 0x0000000743000000| PB 0x0000000743000000| Complete |  0
|  25|0x0000000743200000, 0x0000000743400000, 0x0000000743400000|100%| O|  |TAMS 0x0000000743200000| PB 0x0000000743200000| Untracked |  0
|  26|0x0000000743400000, 0x0000000743600000, 0x0000000743600000|100%| O|  |TAMS 0x0000000743400000| PB 0x0000000743400000| Untracked |  0
|  27|0x0000000743600000, 0x0000000743800000, 0x0000000743800000|100%| O|  |TAMS 0x0000000743600000| PB 0x0000000743600000| Untracked |  0
|  28|0x0000000743800000, 0x0000000743a00000, 0x0000000743a00000|100%| O|  |TAMS 0x0000000743800000| PB 0x0000000743800000| Untracked |  0
|  29|0x0000000743a00000, 0x0000000743c00000, 0x0000000743c00000|100%| O|  |TAMS 0x0000000743a00000| PB 0x0000000743a00000| Untracked |  0
|  30|0x0000000743c00000, 0x0000000743e00000, 0x0000000743e00000|100%| O|  |TAMS 0x0000000743c00000| PB 0x0000000743c00000| Untracked |  0
|  31|0x0000000743e00000, 0x0000000744000000, 0x0000000744000000|100%| O|  |TAMS 0x0000000743e00000| PB 0x0000000743e00000| Untracked |  0
|  32|0x0000000744000000, 0x0000000744200000, 0x0000000744200000|100%| O|  |TAMS 0x0000000744000000| PB 0x0000000744000000| Untracked |  0
|  33|0x0000000744200000, 0x0000000744400000, 0x0000000744400000|100%| O|  |TAMS 0x0000000744200000| PB 0x0000000744200000| Untracked |  0
|  34|0x0000000744400000, 0x0000000744600000, 0x0000000744600000|100%| O|  |TAMS 0x0000000744400000| PB 0x0000000744400000| Untracked |  0
|  35|0x0000000744600000, 0x0000000744800000, 0x0000000744800000|100%| O|  |TAMS 0x0000000744600000| PB 0x0000000744600000| Untracked |  0
|  36|0x0000000744800000, 0x0000000744a00000, 0x0000000744a00000|100%| O|  |TAMS 0x0000000744800000| PB 0x0000000744800000| Untracked |  0
|  37|0x0000000744a00000, 0x0000000744c00000, 0x0000000744c00000|100%| O|  |TAMS 0x0000000744a00000| PB 0x0000000744a00000| Untracked |  0
|  38|0x0000000744c00000, 0x0000000744e00000, 0x0000000744e00000|100%| O|  |TAMS 0x0000000744c00000| PB 0x0000000744c00000| Untracked |  0
|  39|0x0000000744e00000, 0x0000000745000000, 0x0000000745000000|100%| O|  |TAMS 0x0000000744e00000| PB 0x0000000744e00000| Untracked |  0
|  40|0x0000000745000000, 0x0000000745200000, 0x0000000745200000|100%| O|  |TAMS 0x0000000745000000| PB 0x0000000745000000| Untracked |  0
|  41|0x0000000745200000, 0x0000000745400000, 0x0000000745400000|100%| O|  |TAMS 0x0000000745200000| PB 0x0000000745200000| Untracked |  0
|  42|0x0000000745400000, 0x0000000745600000, 0x0000000745600000|100%| O|  |TAMS 0x0000000745400000| PB 0x0000000745400000| Untracked |  0
|  43|0x0000000745600000, 0x0000000745800000, 0x0000000745800000|100%| O|  |TAMS 0x0000000745600000| PB 0x0000000745600000| Untracked |  0
|  44|0x0000000745800000, 0x0000000745a00000, 0x0000000745a00000|100%| O|  |TAMS 0x0000000745800000| PB 0x0000000745800000| Untracked |  0
|  45|0x0000000745a00000, 0x0000000745c00000, 0x0000000745c00000|100%| O|  |TAMS 0x0000000745a00000| PB 0x0000000745a00000| Untracked |  0
|  46|0x0000000745c00000, 0x0000000745e00000, 0x0000000745e00000|100%| O|  |TAMS 0x0000000745c00000| PB 0x0000000745c00000| Untracked |  0
|  47|0x0000000745e00000, 0x0000000746000000, 0x0000000746000000|100%| O|  |TAMS 0x0000000745e00000| PB 0x0000000745e00000| Untracked |  0
|  48|0x0000000746000000, 0x0000000746200000, 0x0000000746200000|100%| O|  |TAMS 0x0000000746000000| PB 0x0000000746000000| Untracked |  0
|  49|0x0000000746200000, 0x0000000746400000, 0x0000000746400000|100%| O|  |TAMS 0x0000000746200000| PB 0x0000000746200000| Untracked |  0
|  50|0x0000000746400000, 0x0000000746600000, 0x0000000746600000|100%| O|  |TAMS 0x0000000746400000| PB 0x0000000746400000| Untracked |  0
|  51|0x0000000746600000, 0x0000000746800000, 0x0000000746800000|100%| O|  |TAMS 0x0000000746600000| PB 0x0000000746600000| Untracked |  0
|  52|0x0000000746800000, 0x0000000746a00000, 0x0000000746a00000|100%| O|  |TAMS 0x0000000746800000| PB 0x0000000746800000| Untracked |  0
|  53|0x0000000746a00000, 0x0000000746c00000, 0x0000000746c00000|100%| O|  |TAMS 0x0000000746a00000| PB 0x0000000746a00000| Untracked |  0
|  54|0x0000000746c00000, 0x0000000746e00000, 0x0000000746e00000|100%| O|  |TAMS 0x0000000746c00000| PB 0x0000000746c00000| Untracked |  0
|  55|0x0000000746e00000, 0x0000000747000000, 0x0000000747000000|100%| O|  |TAMS 0x0000000746e00000| PB 0x0000000746e00000| Untracked |  0
|  56|0x0000000747000000, 0x0000000747200000, 0x0000000747200000|100%|HS|  |TAMS 0x0000000747000000| PB 0x0000000747000000| Complete |  0
|  57|0x0000000747200000, 0x0000000747400000, 0x0000000747400000|100%|HC|  |TAMS 0x0000000747200000| PB 0x0000000747200000| Complete |  0
|  58|0x0000000747400000, 0x0000000747600000, 0x0000000747600000|100%| O|  |TAMS 0x0000000747400000| PB 0x0000000747400000| Untracked |  0
|  59|0x0000000747600000, 0x0000000747800000, 0x0000000747800000|100%| O|  |TAMS 0x0000000747600000| PB 0x0000000747600000| Untracked |  0
|  60|0x0000000747800000, 0x0000000747a00000, 0x0000000747a00000|100%| O|  |TAMS 0x0000000747800000| PB 0x0000000747800000| Untracked |  0
|  61|0x0000000747a00000, 0x0000000747c00000, 0x0000000747c00000|100%| O|  |TAMS 0x0000000747a00000| PB 0x0000000747a00000| Untracked |  0
|  62|0x0000000747c00000, 0x0000000747e00000, 0x0000000747e00000|100%|HS|  |TAMS 0x0000000747c00000| PB 0x0000000747c00000| Complete |  0
|  63|0x0000000747e00000, 0x0000000748000000, 0x0000000748000000|100%|HC|  |TAMS 0x0000000747e00000| PB 0x0000000747e00000| Complete |  0
|  64|0x0000000748000000, 0x0000000748200000, 0x0000000748200000|100%|HC|  |TAMS 0x0000000748000000| PB 0x0000000748000000| Complete |  0
|  65|0x0000000748200000, 0x0000000748400000, 0x0000000748400000|100%| O|  |TAMS 0x0000000748200000| PB 0x0000000748200000| Untracked |  0
|  66|0x0000000748400000, 0x0000000748600000, 0x0000000748600000|100%| O|  |TAMS 0x0000000748400000| PB 0x0000000748400000| Untracked |  0
|  67|0x0000000748600000, 0x0000000748800000, 0x0000000748800000|100%| O|  |TAMS 0x0000000748600000| PB 0x0000000748600000| Untracked |  0
|  68|0x0000000748800000, 0x0000000748a00000, 0x0000000748a00000|100%| O|  |TAMS 0x0000000748800000| PB 0x0000000748800000| Untracked |  0
|  69|0x0000000748a00000, 0x0000000748c00000, 0x0000000748c00000|100%| O|  |TAMS 0x0000000748a00000| PB 0x0000000748a00000| Untracked |  0
|  70|0x0000000748c00000, 0x0000000748e00000, 0x0000000748e00000|100%| O|  |TAMS 0x0000000748c00000| PB 0x0000000748c00000| Untracked |  0
|  71|0x0000000748e00000, 0x0000000749000000, 0x0000000749000000|100%| O|  |TAMS 0x0000000748e00000| PB 0x0000000748e00000| Untracked |  0
|  72|0x0000000749000000, 0x0000000749200000, 0x0000000749200000|100%| O|  |TAMS 0x0000000749000000| PB 0x0000000749000000| Untracked |  0
|  73|0x0000000749200000, 0x0000000749400000, 0x0000000749400000|100%| O|  |TAMS 0x0000000749200000| PB 0x0000000749200000| Untracked |  0
|  74|0x0000000749400000, 0x0000000749600000, 0x0000000749600000|100%| O|  |TAMS 0x0000000749400000| PB 0x0000000749400000| Untracked |  0
|  75|0x0000000749600000, 0x0000000749800000, 0x0000000749800000|100%| O|  |TAMS 0x0000000749600000| PB 0x0000000749600000| Untracked |  0
|  76|0x0000000749800000, 0x0000000749a00000, 0x0000000749a00000|100%| O|  |TAMS 0x0000000749800000| PB 0x0000000749800000| Untracked |  0
|  77|0x0000000749a00000, 0x0000000749c00000, 0x0000000749c00000|100%| O|  |TAMS 0x0000000749a00000| PB 0x0000000749a00000| Untracked |  0
|  78|0x0000000749c00000, 0x0000000749e00000, 0x0000000749e00000|100%| O|  |TAMS 0x0000000749c00000| PB 0x0000000749c00000| Untracked |  0
|  79|0x0000000749e00000, 0x000000074a000000, 0x000000074a000000|100%| O|  |TAMS 0x0000000749e00000| PB 0x0000000749e00000| Untracked |  0
|  80|0x000000074a000000, 0x000000074a200000, 0x000000074a200000|100%| O|  |TAMS 0x000000074a000000| PB 0x000000074a000000| Untracked |  0
|  81|0x000000074a200000, 0x000000074a400000, 0x000000074a400000|100%| O|  |TAMS 0x000000074a200000| PB 0x000000074a200000| Untracked |  0
|  82|0x000000074a400000, 0x000000074a600000, 0x000000074a600000|100%| O|  |TAMS 0x000000074a400000| PB 0x000000074a400000| Untracked |  0
|  83|0x000000074a600000, 0x000000074a800000, 0x000000074a800000|100%| O|  |TAMS 0x000000074a600000| PB 0x000000074a600000| Untracked |  0
|  84|0x000000074a800000, 0x000000074aa00000, 0x000000074aa00000|100%| O|  |TAMS 0x000000074a800000| PB 0x000000074a800000| Untracked |  0
|  85|0x000000074aa00000, 0x000000074ac00000, 0x000000074ac00000|100%| O|  |TAMS 0x000000074aa00000| PB 0x000000074aa00000| Untracked |  0
|  86|0x000000074ac00000, 0x000000074ae00000, 0x000000074ae00000|100%| O|  |TAMS 0x000000074ac00000| PB 0x000000074ac00000| Untracked |  0
|  87|0x000000074ae00000, 0x000000074b000000, 0x000000074b000000|100%| O|  |TAMS 0x000000074ae00000| PB 0x000000074ae00000| Untracked |  0
|  88|0x000000074b000000, 0x000000074b200000, 0x000000074b200000|100%| O|  |TAMS 0x000000074b000000| PB 0x000000074b000000| Untracked |  0
|  89|0x000000074b200000, 0x000000074b400000, 0x000000074b400000|100%|HS|  |TAMS 0x000000074b200000| PB 0x000000074b200000| Complete |  0
|  90|0x000000074b400000, 0x000000074b600000, 0x000000074b600000|100%| O|  |TAMS 0x000000074b400000| PB 0x000000074b400000| Untracked |  0
|  91|0x000000074b600000, 0x000000074b800000, 0x000000074b800000|100%| O|  |TAMS 0x000000074b600000| PB 0x000000074b600000| Untracked |  0
|  92|0x000000074b800000, 0x000000074ba00000, 0x000000074ba00000|100%| O|  |TAMS 0x000000074b800000| PB 0x000000074b800000| Untracked |  0
|  93|0x000000074ba00000, 0x000000074bc00000, 0x000000074bc00000|100%| O|  |TAMS 0x000000074ba00000| PB 0x000000074ba00000| Untracked |  0
|  94|0x000000074bc00000, 0x000000074be00000, 0x000000074be00000|100%| O|  |TAMS 0x000000074bc00000| PB 0x000000074bc00000| Untracked |  0
|  95|0x000000074be00000, 0x000000074c000000, 0x000000074c000000|100%| O|  |TAMS 0x000000074be00000| PB 0x000000074be00000| Untracked |  0
|  96|0x000000074c000000, 0x000000074c200000, 0x000000074c200000|100%| O|  |TAMS 0x000000074c000000| PB 0x000000074c000000| Untracked |  0
|  97|0x000000074c200000, 0x000000074c400000, 0x000000074c400000|100%| O|  |TAMS 0x000000074c200000| PB 0x000000074c200000| Untracked |  0
|  98|0x000000074c400000, 0x000000074c600000, 0x000000074c600000|100%| O|  |TAMS 0x000000074c400000| PB 0x000000074c400000| Untracked |  0
|  99|0x000000074c600000, 0x000000074c800000, 0x000000074c800000|100%| O|  |TAMS 0x000000074c600000| PB 0x000000074c600000| Untracked |  0
| 100|0x000000074c800000, 0x000000074ca00000, 0x000000074ca00000|100%| O|  |TAMS 0x000000074c800000| PB 0x000000074c800000| Untracked |  0
| 101|0x000000074ca00000, 0x000000074cc00000, 0x000000074cc00000|100%| O|  |TAMS 0x000000074ca00000| PB 0x000000074ca00000| Untracked |  0
| 102|0x000000074cc00000, 0x000000074ce00000, 0x000000074ce00000|100%| O|  |TAMS 0x000000074cc00000| PB 0x000000074cc00000| Untracked |  0
| 103|0x000000074ce00000, 0x000000074d000000, 0x000000074d000000|100%| O|  |TAMS 0x000000074ce00000| PB 0x000000074ce00000| Untracked |  0
| 104|0x000000074d000000, 0x000000074d200000, 0x000000074d200000|100%| O|  |TAMS 0x000000074d000000| PB 0x000000074d000000| Untracked |  0
| 105|0x000000074d200000, 0x000000074d400000, 0x000000074d400000|100%| O|  |TAMS 0x000000074d200000| PB 0x000000074d200000| Untracked |  0
| 106|0x000000074d400000, 0x000000074d600000, 0x000000074d600000|100%| O|  |TAMS 0x000000074d400000| PB 0x000000074d400000| Untracked |  0
| 107|0x000000074d600000, 0x000000074d800000, 0x000000074d800000|100%| O|  |TAMS 0x000000074d600000| PB 0x000000074d600000| Untracked |  0
| 108|0x000000074d800000, 0x000000074da00000, 0x000000074da00000|100%| O|  |TAMS 0x000000074d800000| PB 0x000000074d800000| Untracked |  0
| 109|0x000000074da00000, 0x000000074dc00000, 0x000000074dc00000|100%| O|  |TAMS 0x000000074da00000| PB 0x000000074da00000| Untracked |  0
| 110|0x000000074dc00000, 0x000000074de00000, 0x000000074de00000|100%| O|  |TAMS 0x000000074dc00000| PB 0x000000074dc00000| Untracked |  0
| 111|0x000000074de00000, 0x000000074e000000, 0x000000074e000000|100%| O|  |TAMS 0x000000074de00000| PB 0x000000074de00000| Untracked |  0
| 112|0x000000074e000000, 0x000000074e200000, 0x000000074e200000|100%| O|  |TAMS 0x000000074e000000| PB 0x000000074e000000| Untracked |  0
| 113|0x000000074e200000, 0x000000074e400000, 0x000000074e400000|100%| O|  |TAMS 0x000000074e200000| PB 0x000000074e200000| Untracked |  0
| 114|0x000000074e400000, 0x000000074e600000, 0x000000074e600000|100%|HS|  |TAMS 0x000000074e400000| PB 0x000000074e400000| Complete |  0
| 115|0x000000074e600000, 0x000000074e800000, 0x000000074e800000|100%|HC|  |TAMS 0x000000074e600000| PB 0x000000074e600000| Complete |  0
| 116|0x000000074e800000, 0x000000074ea00000, 0x000000074ea00000|100%|HS|  |TAMS 0x000000074e800000| PB 0x000000074e800000| Complete |  0
| 117|0x000000074ea00000, 0x000000074ec00000, 0x000000074ec00000|100%|HC|  |TAMS 0x000000074ea00000| PB 0x000000074ea00000| Complete |  0
| 118|0x000000074ec00000, 0x000000074ee00000, 0x000000074ee00000|100%| O|  |TAMS 0x000000074ec00000| PB 0x000000074ec00000| Untracked |  0
| 119|0x000000074ee00000, 0x000000074f000000, 0x000000074f000000|100%| O|  |TAMS 0x000000074ee00000| PB 0x000000074ee00000| Untracked |  0
| 120|0x000000074f000000, 0x000000074f200000, 0x000000074f200000|100%| O|Cm|TAMS 0x000000074f000000| PB 0x000000074f000000| Complete |  0
| 121|0x000000074f200000, 0x000000074f400000, 0x000000074f400000|100%| O|  |TAMS 0x000000074f200000| PB 0x000000074f200000| Untracked |  0
| 122|0x000000074f400000, 0x000000074f600000, 0x000000074f600000|100%| O|  |TAMS 0x000000074f400000| PB 0x000000074f400000| Untracked |  0
| 123|0x000000074f600000, 0x000000074f800000, 0x000000074f800000|100%| O|  |TAMS 0x000000074f600000| PB 0x000000074f600000| Untracked |  0
| 124|0x000000074f800000, 0x000000074fa00000, 0x000000074fa00000|100%| O|Cm|TAMS 0x000000074f800000| PB 0x000000074f800000| Complete |  0
| 125|0x000000074fa00000, 0x000000074fc00000, 0x000000074fc00000|100%| O|Cm|TAMS 0x000000074fa00000| PB 0x000000074fa00000| Complete |  0
| 126|0x000000074fc00000, 0x000000074fe00000, 0x000000074fe00000|100%| O|  |TAMS 0x000000074fc00000| PB 0x000000074fc00000| Untracked |  0
| 127|0x000000074fe00000, 0x0000000750000000, 0x0000000750000000|100%| O|  |TAMS 0x000000074fe00000| PB 0x000000074fe00000| Untracked |  0
| 128|0x0000000750000000, 0x0000000750200000, 0x0000000750200000|100%| O|  |TAMS 0x0000000750000000| PB 0x0000000750000000| Untracked |  0
| 129|0x0000000750200000, 0x0000000750400000, 0x0000000750400000|100%| O|  |TAMS 0x0000000750200000| PB 0x0000000750200000| Untracked |  0
| 130|0x0000000750400000, 0x0000000750600000, 0x0000000750600000|100%| O|  |TAMS 0x0000000750400000| PB 0x0000000750400000| Untracked |  0
| 131|0x0000000750600000, 0x0000000750800000, 0x0000000750800000|100%| O|  |TAMS 0x0000000750600000| PB 0x0000000750600000| Untracked |  0
| 132|0x0000000750800000, 0x0000000750a00000, 0x0000000750a00000|100%| O|  |TAMS 0x0000000750800000| PB 0x0000000750800000| Untracked |  0
| 133|0x0000000750a00000, 0x0000000750c00000, 0x0000000750c00000|100%| O|  |TAMS 0x0000000750a00000| PB 0x0000000750a00000| Untracked |  0
| 134|0x0000000750c00000, 0x0000000750e00000, 0x0000000750e00000|100%| O|  |TAMS 0x0000000750c00000| PB 0x0000000750c00000| Untracked |  0
| 135|0x0000000750e00000, 0x0000000751000000, 0x0000000751000000|100%| O|  |TAMS 0x0000000750e00000| PB 0x0000000750e00000| Untracked |  0
| 136|0x0000000751000000, 0x0000000751200000, 0x0000000751200000|100%| O|  |TAMS 0x0000000751000000| PB 0x0000000751000000| Untracked |  0
| 137|0x0000000751200000, 0x0000000751400000, 0x0000000751400000|100%| O|  |TAMS 0x0000000751200000| PB 0x0000000751200000| Untracked |  0
| 138|0x0000000751400000, 0x0000000751600000, 0x0000000751600000|100%| O|  |TAMS 0x0000000751400000| PB 0x0000000751400000| Untracked |  0
| 139|0x0000000751600000, 0x0000000751800000, 0x0000000751800000|100%| O|  |TAMS 0x0000000751600000| PB 0x0000000751600000| Untracked |  0
| 140|0x0000000751800000, 0x0000000751a00000, 0x0000000751a00000|100%| O|  |TAMS 0x0000000751800000| PB 0x0000000751800000| Untracked |  0
| 141|0x0000000751a00000, 0x0000000751c00000, 0x0000000751c00000|100%| O|  |TAMS 0x0000000751a00000| PB 0x0000000751a00000| Untracked |  0
| 142|0x0000000751c00000, 0x0000000751e00000, 0x0000000751e00000|100%| O|  |TAMS 0x0000000751c00000| PB 0x0000000751c00000| Untracked |  0
| 143|0x0000000751e00000, 0x0000000752000000, 0x0000000752000000|100%| O|  |TAMS 0x0000000751e00000| PB 0x0000000751e00000| Untracked |  0
| 144|0x0000000752000000, 0x0000000752200000, 0x0000000752200000|100%| O|  |TAMS 0x0000000752000000| PB 0x0000000752000000| Untracked |  0
| 145|0x0000000752200000, 0x0000000752400000, 0x0000000752400000|100%| O|  |TAMS 0x0000000752200000| PB 0x0000000752200000| Untracked |  0
| 146|0x0000000752400000, 0x0000000752600000, 0x0000000752600000|100%| O|  |TAMS 0x0000000752400000| PB 0x0000000752400000| Untracked |  0
| 147|0x0000000752600000, 0x0000000752800000, 0x0000000752800000|100%| O|  |TAMS 0x0000000752600000| PB 0x0000000752600000| Untracked |  0
| 148|0x0000000752800000, 0x0000000752a00000, 0x0000000752a00000|100%| O|  |TAMS 0x0000000752800000| PB 0x0000000752800000| Untracked |  0
| 149|0x0000000752a00000, 0x0000000752c00000, 0x0000000752c00000|100%| O|  |TAMS 0x0000000752a00000| PB 0x0000000752a00000| Untracked |  0
| 150|0x0000000752c00000, 0x0000000752e00000, 0x0000000752e00000|100%| O|  |TAMS 0x0000000752c00000| PB 0x0000000752c00000| Untracked |  0
| 151|0x0000000752e00000, 0x0000000753000000, 0x0000000753000000|100%| O|  |TAMS 0x0000000752e00000| PB 0x0000000752e00000| Untracked |  0
| 152|0x0000000753000000, 0x0000000753200000, 0x0000000753200000|100%| O|  |TAMS 0x0000000753000000| PB 0x0000000753000000| Untracked |  0
| 153|0x0000000753200000, 0x0000000753400000, 0x0000000753400000|100%| O|  |TAMS 0x0000000753200000| PB 0x0000000753200000| Untracked |  0
| 154|0x0000000753400000, 0x0000000753600000, 0x0000000753600000|100%| O|  |TAMS 0x0000000753400000| PB 0x0000000753400000| Untracked |  0
| 155|0x0000000753600000, 0x0000000753800000, 0x0000000753800000|100%| O|  |TAMS 0x0000000753600000| PB 0x0000000753600000| Untracked |  0
| 156|0x0000000753800000, 0x0000000753a00000, 0x0000000753a00000|100%| O|  |TAMS 0x0000000753800000| PB 0x0000000753800000| Untracked |  0
| 157|0x0000000753a00000, 0x0000000753c00000, 0x0000000753c00000|100%| O|  |TAMS 0x0000000753a00000| PB 0x0000000753a00000| Untracked |  0
| 158|0x0000000753c00000, 0x0000000753e00000, 0x0000000753e00000|100%| O|  |TAMS 0x0000000753c00000| PB 0x0000000753c00000| Untracked |  0
| 159|0x0000000753e00000, 0x0000000754000000, 0x0000000754000000|100%| O|  |TAMS 0x0000000753e00000| PB 0x0000000753e00000| Untracked |  0
| 160|0x0000000754000000, 0x0000000754200000, 0x0000000754200000|100%| O|  |TAMS 0x0000000754000000| PB 0x0000000754000000| Untracked |  0
| 161|0x0000000754200000, 0x0000000754400000, 0x0000000754400000|100%| O|  |TAMS 0x0000000754200000| PB 0x0000000754200000| Untracked |  0
| 162|0x0000000754400000, 0x0000000754600000, 0x0000000754600000|100%| O|  |TAMS 0x0000000754400000| PB 0x0000000754400000| Untracked |  0
| 163|0x0000000754600000, 0x0000000754800000, 0x0000000754800000|100%| O|  |TAMS 0x0000000754600000| PB 0x0000000754600000| Untracked |  0
| 164|0x0000000754800000, 0x0000000754a00000, 0x0000000754a00000|100%| O|Cm|TAMS 0x0000000754800000| PB 0x0000000754800000| Complete |  0
| 165|0x0000000754a00000, 0x0000000754c00000, 0x0000000754c00000|100%| O|  |TAMS 0x0000000754a00000| PB 0x0000000754a00000| Untracked |  0
| 166|0x0000000754c00000, 0x0000000754e00000, 0x0000000754e00000|100%| O|  |TAMS 0x0000000754c00000| PB 0x0000000754c00000| Untracked |  0
| 167|0x0000000754e00000, 0x0000000755000000, 0x0000000755000000|100%| O|  |TAMS 0x0000000754e00000| PB 0x0000000754e00000| Untracked |  0
| 168|0x0000000755000000, 0x0000000755200000, 0x0000000755200000|100%| O|  |TAMS 0x0000000755000000| PB 0x0000000755000000| Untracked |  0
| 169|0x0000000755200000, 0x0000000755400000, 0x0000000755400000|100%| O|  |TAMS 0x0000000755200000| PB 0x0000000755200000| Untracked |  0
| 170|0x0000000755400000, 0x0000000755600000, 0x0000000755600000|100%| O|  |TAMS 0x0000000755400000| PB 0x0000000755400000| Untracked |  0
| 171|0x0000000755600000, 0x0000000755800000, 0x0000000755800000|100%| O|  |TAMS 0x0000000755600000| PB 0x0000000755600000| Untracked |  0
| 172|0x0000000755800000, 0x0000000755a00000, 0x0000000755a00000|100%| O|  |TAMS 0x0000000755800000| PB 0x0000000755800000| Untracked |  0
| 173|0x0000000755a00000, 0x0000000755c00000, 0x0000000755c00000|100%| O|  |TAMS 0x0000000755a00000| PB 0x0000000755a00000| Untracked |  0
| 174|0x0000000755c00000, 0x0000000755e00000, 0x0000000755e00000|100%| O|  |TAMS 0x0000000755c00000| PB 0x0000000755c00000| Untracked |  0
| 175|0x0000000755e00000, 0x0000000756000000, 0x0000000756000000|100%| O|  |TAMS 0x0000000755e00000| PB 0x0000000755e00000| Untracked |  0
| 176|0x0000000756000000, 0x0000000756200000, 0x0000000756200000|100%| O|  |TAMS 0x0000000756000000| PB 0x0000000756000000| Untracked |  0
| 177|0x0000000756200000, 0x0000000756400000, 0x0000000756400000|100%| O|  |TAMS 0x0000000756200000| PB 0x0000000756200000| Untracked |  0
| 178|0x0000000756400000, 0x0000000756600000, 0x0000000756600000|100%| O|  |TAMS 0x0000000756400000| PB 0x0000000756400000| Untracked |  0
| 179|0x0000000756600000, 0x0000000756800000, 0x0000000756800000|100%| O|  |TAMS 0x0000000756600000| PB 0x0000000756600000| Untracked |  0
| 180|0x0000000756800000, 0x0000000756a00000, 0x0000000756a00000|100%| O|  |TAMS 0x0000000756800000| PB 0x0000000756800000| Untracked |  0
| 181|0x0000000756a00000, 0x0000000756c00000, 0x0000000756c00000|100%| O|  |TAMS 0x0000000756a00000| PB 0x0000000756a00000| Untracked |  0
| 182|0x0000000756c00000, 0x0000000756e00000, 0x0000000756e00000|100%| O|  |TAMS 0x0000000756c00000| PB 0x0000000756c00000| Untracked |  0
| 183|0x0000000756e00000, 0x0000000757000000, 0x0000000757000000|100%| O|  |TAMS 0x0000000756e00000| PB 0x0000000756e00000| Untracked |  0
| 184|0x0000000757000000, 0x0000000757200000, 0x0000000757200000|100%| O|  |TAMS 0x0000000757000000| PB 0x0000000757000000| Untracked |  0
| 185|0x0000000757200000, 0x0000000757400000, 0x0000000757400000|100%| O|  |TAMS 0x0000000757200000| PB 0x0000000757200000| Untracked |  0
| 186|0x0000000757400000, 0x0000000757600000, 0x0000000757600000|100%| O|  |TAMS 0x0000000757400000| PB 0x0000000757400000| Untracked |  0
| 187|0x0000000757600000, 0x0000000757800000, 0x0000000757800000|100%| O|  |TAMS 0x0000000757600000| PB 0x0000000757600000| Untracked |  0
| 188|0x0000000757800000, 0x0000000757a00000, 0x0000000757a00000|100%| O|  |TAMS 0x0000000757800000| PB 0x0000000757800000| Untracked |  0
| 189|0x0000000757a00000, 0x0000000757c00000, 0x0000000757c00000|100%| O|  |TAMS 0x0000000757a00000| PB 0x0000000757a00000| Untracked |  0
| 190|0x0000000757c00000, 0x0000000757e00000, 0x0000000757e00000|100%| O|  |TAMS 0x0000000757c00000| PB 0x0000000757c00000| Untracked |  0
| 191|0x0000000757e00000, 0x0000000758000000, 0x0000000758000000|100%| O|  |TAMS 0x0000000757e00000| PB 0x0000000757e00000| Untracked |  0
| 192|0x0000000758000000, 0x0000000758200000, 0x0000000758200000|100%| O|  |TAMS 0x0000000758000000| PB 0x0000000758000000| Untracked |  0
| 193|0x0000000758200000, 0x0000000758400000, 0x0000000758400000|100%| O|  |TAMS 0x0000000758200000| PB 0x0000000758200000| Untracked |  0
| 194|0x0000000758400000, 0x0000000758600000, 0x0000000758600000|100%| O|  |TAMS 0x0000000758400000| PB 0x0000000758400000| Untracked |  0
| 195|0x0000000758600000, 0x0000000758800000, 0x0000000758800000|100%| O|  |TAMS 0x0000000758600000| PB 0x0000000758600000| Untracked |  0
| 196|0x0000000758800000, 0x0000000758a00000, 0x0000000758a00000|100%| O|  |TAMS 0x0000000758800000| PB 0x0000000758800000| Untracked |  0
| 197|0x0000000758a00000, 0x0000000758c00000, 0x0000000758c00000|100%| O|  |TAMS 0x0000000758a00000| PB 0x0000000758a00000| Untracked |  0
| 198|0x0000000758c00000, 0x0000000758e00000, 0x0000000758e00000|100%| O|  |TAMS 0x0000000758c00000| PB 0x0000000758c00000| Untracked |  0
| 199|0x0000000758e00000, 0x0000000759000000, 0x0000000759000000|100%| O|Cm|TAMS 0x0000000758e00000| PB 0x0000000758e00000| Complete |  0
| 200|0x0000000759000000, 0x0000000759200000, 0x0000000759200000|100%| O|  |TAMS 0x0000000759000000| PB 0x0000000759000000| Untracked |  0
| 201|0x0000000759200000, 0x0000000759400000, 0x0000000759400000|100%| O|  |TAMS 0x0000000759200000| PB 0x0000000759200000| Untracked |  0
| 202|0x0000000759400000, 0x0000000759600000, 0x0000000759600000|100%| O|  |TAMS 0x0000000759400000| PB 0x0000000759400000| Untracked |  0
| 203|0x0000000759600000, 0x0000000759800000, 0x0000000759800000|100%| O|  |TAMS 0x0000000759600000| PB 0x0000000759600000| Untracked |  0
| 204|0x0000000759800000, 0x0000000759a00000, 0x0000000759a00000|100%| O|  |TAMS 0x0000000759800000| PB 0x0000000759800000| Untracked |  0
| 205|0x0000000759a00000, 0x0000000759c00000, 0x0000000759c00000|100%| O|  |TAMS 0x0000000759a00000| PB 0x0000000759a00000| Untracked |  0
| 206|0x0000000759c00000, 0x0000000759e00000, 0x0000000759e00000|100%| O|  |TAMS 0x0000000759c00000| PB 0x0000000759c00000| Untracked |  0
| 207|0x0000000759e00000, 0x000000075a000000, 0x000000075a000000|100%| O|  |TAMS 0x0000000759e00000| PB 0x0000000759e00000| Untracked |  0
| 208|0x000000075a000000, 0x000000075a200000, 0x000000075a200000|100%| O|  |TAMS 0x000000075a000000| PB 0x000000075a000000| Untracked |  0
| 209|0x000000075a200000, 0x000000075a400000, 0x000000075a400000|100%| O|  |TAMS 0x000000075a200000| PB 0x000000075a200000| Untracked |  0
| 210|0x000000075a400000, 0x000000075a600000, 0x000000075a600000|100%| O|  |TAMS 0x000000075a400000| PB 0x000000075a400000| Untracked |  0
| 211|0x000000075a600000, 0x000000075a800000, 0x000000075a800000|100%| O|  |TAMS 0x000000075a600000| PB 0x000000075a600000| Untracked |  0
| 212|0x000000075a800000, 0x000000075aa00000, 0x000000075aa00000|100%| O|  |TAMS 0x000000075a800000| PB 0x000000075a800000| Untracked |  0
| 213|0x000000075aa00000, 0x000000075ac00000, 0x000000075ac00000|100%| O|  |TAMS 0x000000075aa00000| PB 0x000000075aa00000| Untracked |  0
| 214|0x000000075ac00000, 0x000000075ae00000, 0x000000075ae00000|100%| O|  |TAMS 0x000000075ac00000| PB 0x000000075ac00000| Untracked |  0
| 215|0x000000075ae00000, 0x000000075b000000, 0x000000075b000000|100%| O|  |TAMS 0x000000075ae00000| PB 0x000000075ae00000| Untracked |  0
| 216|0x000000075b000000, 0x000000075b200000, 0x000000075b200000|100%| O|  |TAMS 0x000000075b000000| PB 0x000000075b000000| Untracked |  0
| 217|0x000000075b200000, 0x000000075b400000, 0x000000075b400000|100%| O|  |TAMS 0x000000075b200000| PB 0x000000075b200000| Untracked |  0
| 218|0x000000075b400000, 0x000000075b600000, 0x000000075b600000|100%| O|  |TAMS 0x000000075b400000| PB 0x000000075b400000| Untracked |  0
| 219|0x000000075b600000, 0x000000075b800000, 0x000000075b800000|100%| O|  |TAMS 0x000000075b600000| PB 0x000000075b600000| Untracked |  0
| 220|0x000000075b800000, 0x000000075ba00000, 0x000000075ba00000|100%| O|  |TAMS 0x000000075b800000| PB 0x000000075b800000| Untracked |  0
| 221|0x000000075ba00000, 0x000000075bc00000, 0x000000075bc00000|100%| O|  |TAMS 0x000000075ba00000| PB 0x000000075ba00000| Untracked |  0
| 222|0x000000075bc00000, 0x000000075be00000, 0x000000075be00000|100%| O|  |TAMS 0x000000075bc00000| PB 0x000000075bc00000| Untracked |  0
| 223|0x000000075be00000, 0x000000075c000000, 0x000000075c000000|100%| O|  |TAMS 0x000000075be00000| PB 0x000000075be00000| Untracked |  0
| 224|0x000000075c000000, 0x000000075c200000, 0x000000075c200000|100%| O|  |TAMS 0x000000075c000000| PB 0x000000075c000000| Untracked |  0
| 225|0x000000075c200000, 0x000000075c400000, 0x000000075c400000|100%| O|  |TAMS 0x000000075c200000| PB 0x000000075c200000| Untracked |  0
| 226|0x000000075c400000, 0x000000075c600000, 0x000000075c600000|100%| O|  |TAMS 0x000000075c400000| PB 0x000000075c400000| Untracked |  0
| 227|0x000000075c600000, 0x000000075c800000, 0x000000075c800000|100%| O|  |TAMS 0x000000075c600000| PB 0x000000075c600000| Untracked |  0
| 228|0x000000075c800000, 0x000000075ca00000, 0x000000075ca00000|100%| O|  |TAMS 0x000000075c800000| PB 0x000000075c800000| Untracked |  0
| 229|0x000000075ca00000, 0x000000075cc00000, 0x000000075cc00000|100%| O|  |TAMS 0x000000075ca00000| PB 0x000000075ca00000| Untracked |  0
| 230|0x000000075cc00000, 0x000000075ce00000, 0x000000075ce00000|100%| O|  |TAMS 0x000000075cc00000| PB 0x000000075cc00000| Untracked |  0
| 231|0x000000075ce00000, 0x000000075d000000, 0x000000075d000000|100%| O|  |TAMS 0x000000075ce00000| PB 0x000000075ce00000| Untracked |  0
| 232|0x000000075d000000, 0x000000075d200000, 0x000000075d200000|100%| O|Cm|TAMS 0x000000075d000000| PB 0x000000075d000000| Complete |  0
| 233|0x000000075d200000, 0x000000075d400000, 0x000000075d400000|100%| O|  |TAMS 0x000000075d200000| PB 0x000000075d200000| Untracked |  0
| 234|0x000000075d400000, 0x000000075d600000, 0x000000075d600000|100%| O|  |TAMS 0x000000075d400000| PB 0x000000075d400000| Untracked |  0
| 235|0x000000075d600000, 0x000000075d800000, 0x000000075d800000|100%| O|  |TAMS 0x000000075d600000| PB 0x000000075d600000| Untracked |  0
| 236|0x000000075d800000, 0x000000075da00000, 0x000000075da00000|100%| O|  |TAMS 0x000000075d800000| PB 0x000000075d800000| Untracked |  0
| 237|0x000000075da00000, 0x000000075dc00000, 0x000000075dc00000|100%| O|  |TAMS 0x000000075da00000| PB 0x000000075da00000| Untracked |  0
| 238|0x000000075dc00000, 0x000000075de00000, 0x000000075de00000|100%| O|  |TAMS 0x000000075dc00000| PB 0x000000075dc00000| Untracked |  0
| 239|0x000000075de00000, 0x000000075e000000, 0x000000075e000000|100%| O|  |TAMS 0x000000075de00000| PB 0x000000075de00000| Untracked |  0
| 240|0x000000075e000000, 0x000000075e200000, 0x000000075e200000|100%| O|  |TAMS 0x000000075e000000| PB 0x000000075e000000| Untracked |  0
| 241|0x000000075e200000, 0x000000075e400000, 0x000000075e400000|100%| O|  |TAMS 0x000000075e200000| PB 0x000000075e200000| Untracked |  0
| 242|0x000000075e400000, 0x000000075e600000, 0x000000075e600000|100%| O|  |TAMS 0x000000075e400000| PB 0x000000075e400000| Untracked |  0
| 243|0x000000075e600000, 0x000000075e800000, 0x000000075e800000|100%| O|  |TAMS 0x000000075e600000| PB 0x000000075e600000| Untracked |  0
| 244|0x000000075e800000, 0x000000075ea00000, 0x000000075ea00000|100%| O|  |TAMS 0x000000075e800000| PB 0x000000075e800000| Untracked |  0
| 245|0x000000075ea00000, 0x000000075ec00000, 0x000000075ec00000|100%| O|  |TAMS 0x000000075ea00000| PB 0x000000075ea00000| Untracked |  0
| 246|0x000000075ec00000, 0x000000075ee00000, 0x000000075ee00000|100%| O|  |TAMS 0x000000075ec00000| PB 0x000000075ec00000| Untracked |  0
| 247|0x000000075ee00000, 0x000000075f000000, 0x000000075f000000|100%| O|  |TAMS 0x000000075ee00000| PB 0x000000075ee00000| Untracked |  0
| 248|0x000000075f000000, 0x000000075f200000, 0x000000075f200000|100%| O|  |TAMS 0x000000075f000000| PB 0x000000075f000000| Untracked |  0
| 249|0x000000075f200000, 0x000000075f400000, 0x000000075f400000|100%| O|  |TAMS 0x000000075f200000| PB 0x000000075f200000| Untracked |  0
| 250|0x000000075f400000, 0x000000075f600000, 0x000000075f600000|100%|HS|  |TAMS 0x000000075f400000| PB 0x000000075f400000| Complete |  0
| 251|0x000000075f600000, 0x000000075f800000, 0x000000075f800000|100%|HC|  |TAMS 0x000000075f600000| PB 0x000000075f600000| Complete |  0
| 252|0x000000075f800000, 0x000000075fa00000, 0x000000075fa00000|100%| O|  |TAMS 0x000000075f800000| PB 0x000000075f800000| Untracked |  0
| 253|0x000000075fa00000, 0x000000075fc00000, 0x000000075fc00000|100%| O|  |TAMS 0x000000075fa00000| PB 0x000000075fa00000| Untracked |  0
| 254|0x000000075fc00000, 0x000000075fe00000, 0x000000075fe00000|100%| O|  |TAMS 0x000000075fc00000| PB 0x000000075fc00000| Untracked |  0
| 255|0x000000075fe00000, 0x0000000760000000, 0x0000000760000000|100%| O|  |TAMS 0x000000075fe00000| PB 0x000000075fe00000| Untracked |  0
| 256|0x0000000760000000, 0x0000000760200000, 0x0000000760200000|100%| O|  |TAMS 0x0000000760000000| PB 0x0000000760000000| Untracked |  0
| 257|0x0000000760200000, 0x0000000760400000, 0x0000000760400000|100%| O|  |TAMS 0x0000000760200000| PB 0x0000000760200000| Untracked |  0
| 258|0x0000000760400000, 0x0000000760600000, 0x0000000760600000|100%| O|  |TAMS 0x0000000760400000| PB 0x0000000760400000| Untracked |  0
| 259|0x0000000760600000, 0x0000000760800000, 0x0000000760800000|100%| O|  |TAMS 0x0000000760600000| PB 0x0000000760600000| Untracked |  0
| 260|0x0000000760800000, 0x0000000760a00000, 0x0000000760a00000|100%| O|  |TAMS 0x0000000760800000| PB 0x0000000760800000| Untracked |  0
| 261|0x0000000760a00000, 0x0000000760c00000, 0x0000000760c00000|100%| O|  |TAMS 0x0000000760a00000| PB 0x0000000760a00000| Untracked |  0
| 262|0x0000000760c00000, 0x0000000760e00000, 0x0000000760e00000|100%| O|  |TAMS 0x0000000760c00000| PB 0x0000000760c00000| Untracked |  0
| 263|0x0000000760e00000, 0x0000000761000000, 0x0000000761000000|100%| O|  |TAMS 0x0000000760e00000| PB 0x0000000760e00000| Untracked |  0
| 264|0x0000000761000000, 0x0000000761200000, 0x0000000761200000|100%| O|  |TAMS 0x0000000761000000| PB 0x0000000761000000| Untracked |  0
| 265|0x0000000761200000, 0x0000000761400000, 0x0000000761400000|100%| O|  |TAMS 0x0000000761200000| PB 0x0000000761200000| Untracked |  0
| 266|0x0000000761400000, 0x0000000761600000, 0x0000000761600000|100%| O|  |TAMS 0x0000000761400000| PB 0x0000000761400000| Untracked |  0
| 267|0x0000000761600000, 0x0000000761800000, 0x0000000761800000|100%| O|  |TAMS 0x0000000761600000| PB 0x0000000761600000| Untracked |  0
| 268|0x0000000761800000, 0x0000000761a00000, 0x0000000761a00000|100%| O|  |TAMS 0x0000000761800000| PB 0x0000000761800000| Untracked |  0
| 269|0x0000000761a00000, 0x0000000761c00000, 0x0000000761c00000|100%| O|  |TAMS 0x0000000761a00000| PB 0x0000000761a00000| Untracked |  0
| 270|0x0000000761c00000, 0x0000000761e00000, 0x0000000761e00000|100%| O|  |TAMS 0x0000000761c00000| PB 0x0000000761c00000| Untracked |  0
| 271|0x0000000761e00000, 0x0000000762000000, 0x0000000762000000|100%| O|  |TAMS 0x0000000761e00000| PB 0x0000000761e00000| Untracked |  0
| 272|0x0000000762000000, 0x0000000762200000, 0x0000000762200000|100%| O|  |TAMS 0x0000000762000000| PB 0x0000000762000000| Untracked |  0
| 273|0x0000000762200000, 0x0000000762400000, 0x0000000762400000|100%| O|  |TAMS 0x0000000762200000| PB 0x0000000762200000| Untracked |  0
| 274|0x0000000762400000, 0x0000000762600000, 0x0000000762600000|100%| O|  |TAMS 0x0000000762400000| PB 0x0000000762400000| Untracked |  0
| 275|0x0000000762600000, 0x0000000762800000, 0x0000000762800000|100%| O|  |TAMS 0x0000000762600000| PB 0x0000000762600000| Untracked |  0
| 276|0x0000000762800000, 0x0000000762a00000, 0x0000000762a00000|100%| O|  |TAMS 0x0000000762800000| PB 0x0000000762800000| Untracked |  0
| 277|0x0000000762a00000, 0x0000000762c00000, 0x0000000762c00000|100%| O|  |TAMS 0x0000000762a00000| PB 0x0000000762a00000| Untracked |  0
| 278|0x0000000762c00000, 0x0000000762e00000, 0x0000000762e00000|100%| O|  |TAMS 0x0000000762c00000| PB 0x0000000762c00000| Untracked |  0
| 279|0x0000000762e00000, 0x0000000763000000, 0x0000000763000000|100%| O|  |TAMS 0x0000000762e00000| PB 0x0000000762e00000| Untracked |  0
| 280|0x0000000763000000, 0x0000000763200000, 0x0000000763200000|100%| O|  |TAMS 0x0000000763000000| PB 0x0000000763000000| Untracked |  0
| 281|0x0000000763200000, 0x0000000763400000, 0x0000000763400000|100%| O|  |TAMS 0x0000000763200000| PB 0x0000000763200000| Untracked |  0
| 282|0x0000000763400000, 0x0000000763600000, 0x0000000763600000|100%| O|  |TAMS 0x0000000763400000| PB 0x0000000763400000| Untracked |  0
| 283|0x0000000763600000, 0x0000000763800000, 0x0000000763800000|100%| O|  |TAMS 0x0000000763600000| PB 0x0000000763600000| Untracked |  0
| 284|0x0000000763800000, 0x0000000763a00000, 0x0000000763a00000|100%| O|  |TAMS 0x0000000763800000| PB 0x0000000763800000| Untracked |  0
| 285|0x0000000763a00000, 0x0000000763c00000, 0x0000000763c00000|100%| O|  |TAMS 0x0000000763a00000| PB 0x0000000763a00000| Untracked |  0
| 286|0x0000000763c00000, 0x0000000763e00000, 0x0000000763e00000|100%| O|  |TAMS 0x0000000763c00000| PB 0x0000000763c00000| Untracked |  0
| 287|0x0000000763e00000, 0x0000000764000000, 0x0000000764000000|100%| O|  |TAMS 0x0000000763e00000| PB 0x0000000763e00000| Untracked |  0
| 288|0x0000000764000000, 0x0000000764200000, 0x0000000764200000|100%| O|  |TAMS 0x0000000764000000| PB 0x0000000764000000| Untracked |  0
| 289|0x0000000764200000, 0x0000000764400000, 0x0000000764400000|100%| O|  |TAMS 0x0000000764200000| PB 0x0000000764200000| Untracked |  0
| 290|0x0000000764400000, 0x0000000764600000, 0x0000000764600000|100%| O|  |TAMS 0x0000000764400000| PB 0x0000000764400000| Untracked |  0
| 291|0x0000000764600000, 0x0000000764800000, 0x0000000764800000|100%| O|  |TAMS 0x0000000764600000| PB 0x0000000764600000| Untracked |  0
| 292|0x0000000764800000, 0x0000000764a00000, 0x0000000764a00000|100%| O|  |TAMS 0x0000000764800000| PB 0x0000000764800000| Untracked |  0
| 293|0x0000000764a00000, 0x0000000764c00000, 0x0000000764c00000|100%| O|  |TAMS 0x0000000764a00000| PB 0x0000000764a00000| Untracked |  0
| 294|0x0000000764c00000, 0x0000000764e00000, 0x0000000764e00000|100%| O|  |TAMS 0x0000000764c00000| PB 0x0000000764c00000| Untracked |  0
| 295|0x0000000764e00000, 0x0000000765000000, 0x0000000765000000|100%| O|  |TAMS 0x0000000764e00000| PB 0x0000000764e00000| Untracked |  0
| 296|0x0000000765000000, 0x0000000765200000, 0x0000000765200000|100%| O|  |TAMS 0x0000000765000000| PB 0x0000000765000000| Untracked |  0
| 297|0x0000000765200000, 0x0000000765400000, 0x0000000765400000|100%| O|  |TAMS 0x0000000765200000| PB 0x0000000765200000| Untracked |  0
| 298|0x0000000765400000, 0x0000000765600000, 0x0000000765600000|100%| O|  |TAMS 0x0000000765400000| PB 0x0000000765400000| Untracked |  0
| 299|0x0000000765600000, 0x0000000765800000, 0x0000000765800000|100%| O|  |TAMS 0x0000000765600000| PB 0x0000000765600000| Untracked |  0
| 300|0x0000000765800000, 0x0000000765a00000, 0x0000000765a00000|100%| O|  |TAMS 0x0000000765800000| PB 0x0000000765800000| Untracked |  0
| 301|0x0000000765a00000, 0x0000000765c00000, 0x0000000765c00000|100%| O|  |TAMS 0x0000000765a00000| PB 0x0000000765a00000| Untracked |  0
| 302|0x0000000765c00000, 0x0000000765e00000, 0x0000000765e00000|100%| O|  |TAMS 0x0000000765c00000| PB 0x0000000765c00000| Untracked |  0
| 303|0x0000000765e00000, 0x0000000766000000, 0x0000000766000000|100%| O|  |TAMS 0x0000000765e00000| PB 0x0000000765e00000| Untracked |  0
| 304|0x0000000766000000, 0x0000000766200000, 0x0000000766200000|100%| O|  |TAMS 0x0000000766000000| PB 0x0000000766000000| Untracked |  0
| 305|0x0000000766200000, 0x0000000766400000, 0x0000000766400000|100%| O|  |TAMS 0x0000000766200000| PB 0x0000000766200000| Untracked |  0
| 306|0x0000000766400000, 0x0000000766600000, 0x0000000766600000|100%| O|  |TAMS 0x0000000766400000| PB 0x0000000766400000| Untracked |  0
| 307|0x0000000766600000, 0x0000000766800000, 0x0000000766800000|100%| O|  |TAMS 0x0000000766600000| PB 0x0000000766600000| Untracked |  0
| 308|0x0000000766800000, 0x0000000766a00000, 0x0000000766a00000|100%| O|  |TAMS 0x0000000766800000| PB 0x0000000766800000| Untracked |  0
| 309|0x0000000766a00000, 0x0000000766c00000, 0x0000000766c00000|100%| O|  |TAMS 0x0000000766a00000| PB 0x0000000766a00000| Untracked |  0
| 310|0x0000000766c00000, 0x0000000766e00000, 0x0000000766e00000|100%| O|  |TAMS 0x0000000766c00000| PB 0x0000000766c00000| Untracked |  0
| 311|0x0000000766e00000, 0x0000000767000000, 0x0000000767000000|100%| O|  |TAMS 0x0000000766e00000| PB 0x0000000766e00000| Untracked |  0
| 312|0x0000000767000000, 0x0000000767200000, 0x0000000767200000|100%| O|  |TAMS 0x0000000767000000| PB 0x0000000767000000| Untracked |  0
| 313|0x0000000767200000, 0x0000000767200000, 0x0000000767400000|  0%| F|  |TAMS 0x0000000767200000| PB 0x0000000767200000| Untracked |  0
| 314|0x0000000767400000, 0x0000000767600000, 0x0000000767600000|100%| O|  |TAMS 0x0000000767400000| PB 0x0000000767400000| Untracked |  0
| 315|0x0000000767600000, 0x0000000767800000, 0x0000000767800000|100%| O|  |TAMS 0x0000000767600000| PB 0x0000000767600000| Untracked |  0
| 316|0x0000000767800000, 0x0000000767a00000, 0x0000000767a00000|100%| O|  |TAMS 0x0000000767800000| PB 0x0000000767800000| Untracked |  0
| 317|0x0000000767a00000, 0x0000000767c00000, 0x0000000767c00000|100%|HS|  |TAMS 0x0000000767a00000| PB 0x0000000767a00000| Complete |  0
| 318|0x0000000767c00000, 0x0000000767e00000, 0x0000000767e00000|100%|HS|  |TAMS 0x0000000767c00000| PB 0x0000000767c00000| Complete |  0
| 319|0x0000000767e00000, 0x0000000768000000, 0x0000000768000000|100%|HC|  |TAMS 0x0000000767e00000| PB 0x0000000767e00000| Complete |  0
| 320|0x0000000768000000, 0x0000000768200000, 0x0000000768200000|100%|HS|  |TAMS 0x0000000768000000| PB 0x0000000768000000| Complete |  0
| 321|0x0000000768200000, 0x0000000768400000, 0x0000000768400000|100%|HC|  |TAMS 0x0000000768200000| PB 0x0000000768200000| Complete |  0
| 322|0x0000000768400000, 0x0000000768600000, 0x0000000768600000|100%| O|  |TAMS 0x0000000768400000| PB 0x0000000768400000| Untracked |  0
| 323|0x0000000768600000, 0x0000000768800000, 0x0000000768800000|100%| O|  |TAMS 0x0000000768600000| PB 0x0000000768600000| Untracked |  0
| 324|0x0000000768800000, 0x0000000768a00000, 0x0000000768a00000|100%| O|  |TAMS 0x0000000768800000| PB 0x0000000768800000| Untracked |  0
| 325|0x0000000768a00000, 0x0000000768c00000, 0x0000000768c00000|100%| O|  |TAMS 0x0000000768a00000| PB 0x0000000768a00000| Untracked |  0
| 326|0x0000000768c00000, 0x0000000768e00000, 0x0000000768e00000|100%| O|  |TAMS 0x0000000768c00000| PB 0x0000000768c00000| Untracked |  0
| 327|0x0000000768e00000, 0x0000000769000000, 0x0000000769000000|100%| O|  |TAMS 0x0000000768e00000| PB 0x0000000768e00000| Untracked |  0
| 328|0x0000000769000000, 0x0000000769200000, 0x0000000769200000|100%| O|  |TAMS 0x0000000769000000| PB 0x0000000769000000| Untracked |  0
| 329|0x0000000769200000, 0x0000000769400000, 0x0000000769400000|100%| O|  |TAMS 0x0000000769200000| PB 0x0000000769200000| Untracked |  0
| 330|0x0000000769400000, 0x0000000769600000, 0x0000000769600000|100%| O|  |TAMS 0x0000000769400000| PB 0x0000000769400000| Untracked |  0
| 331|0x0000000769600000, 0x0000000769800000, 0x0000000769800000|100%| O|  |TAMS 0x0000000769600000| PB 0x0000000769600000| Untracked |  0
| 332|0x0000000769800000, 0x0000000769a00000, 0x0000000769a00000|100%| O|  |TAMS 0x0000000769800000| PB 0x0000000769800000| Untracked |  0
| 333|0x0000000769a00000, 0x0000000769c00000, 0x0000000769c00000|100%| O|  |TAMS 0x0000000769a00000| PB 0x0000000769a00000| Untracked |  0
| 334|0x0000000769c00000, 0x0000000769e00000, 0x0000000769e00000|100%| O|  |TAMS 0x0000000769c00000| PB 0x0000000769c00000| Untracked |  0
| 335|0x0000000769e00000, 0x000000076a000000, 0x000000076a000000|100%| O|  |TAMS 0x0000000769e00000| PB 0x0000000769e00000| Untracked |  0
| 336|0x000000076a000000, 0x000000076a200000, 0x000000076a200000|100%| O|  |TAMS 0x000000076a000000| PB 0x000000076a000000| Untracked |  0
| 337|0x000000076a200000, 0x000000076a400000, 0x000000076a400000|100%| O|  |TAMS 0x000000076a200000| PB 0x000000076a200000| Untracked |  0
| 338|0x000000076a400000, 0x000000076a600000, 0x000000076a600000|100%| O|  |TAMS 0x000000076a400000| PB 0x000000076a400000| Untracked |  0
| 339|0x000000076a600000, 0x000000076a800000, 0x000000076a800000|100%| O|  |TAMS 0x000000076a600000| PB 0x000000076a600000| Untracked |  0
| 340|0x000000076a800000, 0x000000076aa00000, 0x000000076aa00000|100%| O|  |TAMS 0x000000076a800000| PB 0x000000076a800000| Untracked |  0
| 341|0x000000076aa00000, 0x000000076ac00000, 0x000000076ac00000|100%| O|  |TAMS 0x000000076aa00000| PB 0x000000076aa00000| Untracked |  0
| 342|0x000000076ac00000, 0x000000076ae00000, 0x000000076ae00000|100%| O|  |TAMS 0x000000076ac00000| PB 0x000000076ac00000| Untracked |  0
| 343|0x000000076ae00000, 0x000000076b000000, 0x000000076b000000|100%| O|  |TAMS 0x000000076ae00000| PB 0x000000076ae00000| Untracked |  0
| 344|0x000000076b000000, 0x000000076b200000, 0x000000076b200000|100%| O|  |TAMS 0x000000076b000000| PB 0x000000076b000000| Untracked |  0
| 345|0x000000076b200000, 0x000000076b400000, 0x000000076b400000|100%| O|Cm|TAMS 0x000000076b200000| PB 0x000000076b200000| Complete |  0
| 346|0x000000076b400000, 0x000000076b600000, 0x000000076b600000|100%| O|  |TAMS 0x000000076b400000| PB 0x000000076b400000| Untracked |  0
| 347|0x000000076b600000, 0x000000076b800000, 0x000000076b800000|100%| O|  |TAMS 0x000000076b600000| PB 0x000000076b600000| Untracked |  0
| 348|0x000000076b800000, 0x000000076ba00000, 0x000000076ba00000|100%| O|  |TAMS 0x000000076b800000| PB 0x000000076b800000| Untracked |  0
| 349|0x000000076ba00000, 0x000000076bc00000, 0x000000076bc00000|100%| O|  |TAMS 0x000000076ba00000| PB 0x000000076ba00000| Untracked |  0
| 350|0x000000076bc00000, 0x000000076be00000, 0x000000076be00000|100%| O|  |TAMS 0x000000076bc00000| PB 0x000000076bc00000| Untracked |  0
| 351|0x000000076be00000, 0x000000076c000000, 0x000000076c000000|100%| O|  |TAMS 0x000000076be00000| PB 0x000000076be00000| Untracked |  0
| 352|0x000000076c000000, 0x000000076c200000, 0x000000076c200000|100%| O|  |TAMS 0x000000076c000000| PB 0x000000076c000000| Untracked |  0
| 353|0x000000076c200000, 0x000000076c400000, 0x000000076c400000|100%| O|  |TAMS 0x000000076c200000| PB 0x000000076c200000| Untracked |  0
| 354|0x000000076c400000, 0x000000076c600000, 0x000000076c600000|100%| O|  |TAMS 0x000000076c400000| PB 0x000000076c400000| Untracked |  0
| 355|0x000000076c600000, 0x000000076c800000, 0x000000076c800000|100%| O|  |TAMS 0x000000076c600000| PB 0x000000076c600000| Untracked |  0
| 356|0x000000076c800000, 0x000000076ca00000, 0x000000076ca00000|100%| O|  |TAMS 0x000000076c800000| PB 0x000000076c800000| Untracked |  0
| 357|0x000000076ca00000, 0x000000076cc00000, 0x000000076cc00000|100%| O|  |TAMS 0x000000076ca00000| PB 0x000000076ca00000| Untracked |  0
| 358|0x000000076cc00000, 0x000000076ce00000, 0x000000076ce00000|100%| O|  |TAMS 0x000000076cc00000| PB 0x000000076cc00000| Untracked |  0
| 359|0x000000076ce00000, 0x000000076d000000, 0x000000076d000000|100%| O|  |TAMS 0x000000076ce00000| PB 0x000000076ce00000| Untracked |  0
| 360|0x000000076d000000, 0x000000076d200000, 0x000000076d200000|100%| O|  |TAMS 0x000000076d000000| PB 0x000000076d000000| Untracked |  0
| 361|0x000000076d200000, 0x000000076d400000, 0x000000076d400000|100%| O|  |TAMS 0x000000076d200000| PB 0x000000076d200000| Untracked |  0
| 362|0x000000076d400000, 0x000000076d600000, 0x000000076d600000|100%| O|  |TAMS 0x000000076d400000| PB 0x000000076d400000| Untracked |  0
| 363|0x000000076d600000, 0x000000076d800000, 0x000000076d800000|100%| O|  |TAMS 0x000000076d600000| PB 0x000000076d600000| Untracked |  0
| 364|0x000000076d800000, 0x000000076da00000, 0x000000076da00000|100%| O|  |TAMS 0x000000076d800000| PB 0x000000076d800000| Untracked |  0
| 365|0x000000076da00000, 0x000000076dc00000, 0x000000076dc00000|100%| O|  |TAMS 0x000000076da00000| PB 0x000000076da00000| Untracked |  0
| 366|0x000000076dc00000, 0x000000076de00000, 0x000000076de00000|100%| O|  |TAMS 0x000000076dc00000| PB 0x000000076dc00000| Untracked |  0
| 367|0x000000076de00000, 0x000000076e000000, 0x000000076e000000|100%| O|  |TAMS 0x000000076de00000| PB 0x000000076de00000| Untracked |  0
| 368|0x000000076e000000, 0x000000076e200000, 0x000000076e200000|100%| O|  |TAMS 0x000000076e000000| PB 0x000000076e000000| Untracked |  0
| 369|0x000000076e200000, 0x000000076e400000, 0x000000076e400000|100%| O|  |TAMS 0x000000076e200000| PB 0x000000076e200000| Untracked |  0
| 370|0x000000076e400000, 0x000000076e600000, 0x000000076e600000|100%| O|  |TAMS 0x000000076e400000| PB 0x000000076e400000| Untracked |  0
| 371|0x000000076e600000, 0x000000076e800000, 0x000000076e800000|100%| O|  |TAMS 0x000000076e600000| PB 0x000000076e600000| Untracked |  0
| 372|0x000000076e800000, 0x000000076ea00000, 0x000000076ea00000|100%| O|  |TAMS 0x000000076e800000| PB 0x000000076e800000| Untracked |  0
| 373|0x000000076ea00000, 0x000000076ec00000, 0x000000076ec00000|100%| O|Cm|TAMS 0x000000076ea00000| PB 0x000000076ea00000| Complete |  0
| 374|0x000000076ec00000, 0x000000076ee00000, 0x000000076ee00000|100%| O|  |TAMS 0x000000076ec00000| PB 0x000000076ec00000| Untracked |  0
| 375|0x000000076ee00000, 0x000000076f000000, 0x000000076f000000|100%| O|  |TAMS 0x000000076ee00000| PB 0x000000076ee00000| Untracked |  0
| 376|0x000000076f000000, 0x000000076f200000, 0x000000076f200000|100%| O|  |TAMS 0x000000076f000000| PB 0x000000076f000000| Untracked |  0
| 377|0x000000076f200000, 0x000000076f400000, 0x000000076f400000|100%| O|Cm|TAMS 0x000000076f200000| PB 0x000000076f200000| Complete |  0
| 378|0x000000076f400000, 0x000000076f600000, 0x000000076f600000|100%| O|  |TAMS 0x000000076f400000| PB 0x000000076f400000| Untracked |  0
| 379|0x000000076f600000, 0x000000076f800000, 0x000000076f800000|100%| O|  |TAMS 0x000000076f600000| PB 0x000000076f600000| Untracked |  0
| 380|0x000000076f800000, 0x000000076fa00000, 0x000000076fa00000|100%| O|  |TAMS 0x000000076f800000| PB 0x000000076f800000| Untracked |  0
| 381|0x000000076fa00000, 0x000000076fc00000, 0x000000076fc00000|100%| O|  |TAMS 0x000000076fa00000| PB 0x000000076fa00000| Untracked |  0
| 382|0x000000076fc00000, 0x000000076fe00000, 0x000000076fe00000|100%| O|  |TAMS 0x000000076fc00000| PB 0x000000076fc00000| Untracked |  0
| 383|0x000000076fe00000, 0x0000000770000000, 0x0000000770000000|100%| O|  |TAMS 0x000000076fe00000| PB 0x000000076fe00000| Untracked |  0
| 384|0x0000000770000000, 0x0000000770200000, 0x0000000770200000|100%| O|  |TAMS 0x0000000770000000| PB 0x0000000770000000| Untracked |  0
| 385|0x0000000770200000, 0x0000000770400000, 0x0000000770400000|100%| O|Cm|TAMS 0x0000000770200000| PB 0x0000000770200000| Complete |  0
| 386|0x0000000770400000, 0x0000000770600000, 0x0000000770600000|100%| O|  |TAMS 0x0000000770400000| PB 0x0000000770400000| Untracked |  0
| 387|0x0000000770600000, 0x0000000770800000, 0x0000000770800000|100%| O|Cm|TAMS 0x0000000770600000| PB 0x0000000770600000| Complete |  0
| 388|0x0000000770800000, 0x0000000770a00000, 0x0000000770a00000|100%| O|  |TAMS 0x0000000770800000| PB 0x0000000770800000| Untracked |  0
| 389|0x0000000770a00000, 0x0000000770c00000, 0x0000000770c00000|100%| O|Cm|TAMS 0x0000000770a00000| PB 0x0000000770a00000| Complete |  0
| 390|0x0000000770c00000, 0x0000000770e00000, 0x0000000770e00000|100%| O|  |TAMS 0x0000000770c00000| PB 0x0000000770c00000| Untracked |  0
| 391|0x0000000770e00000, 0x0000000771000000, 0x0000000771000000|100%| O|  |TAMS 0x0000000770e00000| PB 0x0000000770e00000| Untracked |  0
| 392|0x0000000771000000, 0x0000000771200000, 0x0000000771200000|100%| O|  |TAMS 0x0000000771000000| PB 0x0000000771000000| Untracked |  0
| 393|0x0000000771200000, 0x0000000771400000, 0x0000000771400000|100%|HS|  |TAMS 0x0000000771200000| PB 0x0000000771200000| Complete |  0
| 394|0x0000000771400000, 0x0000000771600000, 0x0000000771600000|100%|HC|  |TAMS 0x0000000771400000| PB 0x0000000771400000| Complete |  0
| 395|0x0000000771600000, 0x0000000771800000, 0x0000000771800000|100%|HC|  |TAMS 0x0000000771600000| PB 0x0000000771600000| Complete |  0
| 396|0x0000000771800000, 0x0000000771a00000, 0x0000000771a00000|100%|HC|  |TAMS 0x0000000771800000| PB 0x0000000771800000| Complete |  0
| 397|0x0000000771a00000, 0x0000000771c00000, 0x0000000771c00000|100%| O|  |TAMS 0x0000000771a00000| PB 0x0000000771a00000| Untracked |  0
| 398|0x0000000771c00000, 0x0000000771e00000, 0x0000000771e00000|100%| O|  |TAMS 0x0000000771c00000| PB 0x0000000771c00000| Untracked |  0
| 399|0x0000000771e00000, 0x0000000772000000, 0x0000000772000000|100%| O|  |TAMS 0x0000000771e00000| PB 0x0000000771e00000| Untracked |  0
| 400|0x0000000772000000, 0x0000000772200000, 0x0000000772200000|100%| O|  |TAMS 0x0000000772000000| PB 0x0000000772000000| Untracked |  0
| 401|0x0000000772200000, 0x0000000772400000, 0x0000000772400000|100%| O|  |TAMS 0x0000000772200000| PB 0x0000000772200000| Untracked |  0
| 402|0x0000000772400000, 0x0000000772400000, 0x0000000772600000|  0%| F|  |TAMS 0x0000000772400000| PB 0x0000000772400000| Untracked |  0
| 403|0x0000000772600000, 0x0000000772600000, 0x0000000772800000|  0%| F|  |TAMS 0x0000000772600000| PB 0x0000000772600000| Untracked |  0
| 404|0x0000000772800000, 0x0000000772a00000, 0x0000000772a00000|100%| O|Cm|TAMS 0x0000000772800000| PB 0x0000000772800000| Complete |  0
| 405|0x0000000772a00000, 0x0000000772c00000, 0x0000000772c00000|100%| O|  |TAMS 0x0000000772a00000| PB 0x0000000772a00000| Untracked |  0
| 406|0x0000000772c00000, 0x0000000772e00000, 0x0000000772e00000|100%| O|Cm|TAMS 0x0000000772c00000| PB 0x0000000772c00000| Complete |  0
| 407|0x0000000772e00000, 0x0000000773000000, 0x0000000773000000|100%| O|Cm|TAMS 0x0000000772e00000| PB 0x0000000772e00000| Complete |  0
| 408|0x0000000773000000, 0x0000000773000000, 0x0000000773200000|  0%| F|  |TAMS 0x0000000773000000| PB 0x0000000773000000| Untracked |  0
| 409|0x0000000773200000, 0x0000000773400000, 0x0000000773400000|100%| O|Cm|TAMS 0x0000000773200000| PB 0x0000000773200000| Complete |  0
| 410|0x0000000773400000, 0x0000000773400000, 0x0000000773600000|  0%| F|  |TAMS 0x0000000773400000| PB 0x0000000773400000| Untracked |  0
| 411|0x0000000773600000, 0x0000000773800000, 0x0000000773800000|100%| O|  |TAMS 0x0000000773600000| PB 0x0000000773600000| Untracked |  0
| 412|0x0000000773800000, 0x0000000773a00000, 0x0000000773a00000|100%| O|  |TAMS 0x0000000773800000| PB 0x0000000773800000| Untracked |  0
| 413|0x0000000773a00000, 0x0000000773c00000, 0x0000000773c00000|100%| O|  |TAMS 0x0000000773a00000| PB 0x0000000773a00000| Untracked |  0
| 414|0x0000000773c00000, 0x0000000773c00000, 0x0000000773e00000|  0%| F|  |TAMS 0x0000000773c00000| PB 0x0000000773c00000| Untracked |  0
| 415|0x0000000773e00000, 0x0000000774000000, 0x0000000774000000|100%| O|  |TAMS 0x0000000773e00000| PB 0x0000000773e00000| Untracked |  0
| 416|0x0000000774000000, 0x0000000774200000, 0x0000000774200000|100%| O|  |TAMS 0x0000000774000000| PB 0x0000000774000000| Untracked |  0
| 417|0x0000000774200000, 0x0000000774400000, 0x0000000774400000|100%|HS|  |TAMS 0x0000000774200000| PB 0x0000000774200000| Complete |  0
| 418|0x0000000774400000, 0x0000000774600000, 0x0000000774600000|100%| O|  |TAMS 0x0000000774400000| PB 0x0000000774400000| Untracked |  0
| 419|0x0000000774600000, 0x0000000774600000, 0x0000000774800000|  0%| F|  |TAMS 0x0000000774600000| PB 0x0000000774600000| Untracked |  0
| 420|0x0000000774800000, 0x0000000774a00000, 0x0000000774a00000|100%| O|  |TAMS 0x0000000774800000| PB 0x0000000774800000| Untracked |  0
| 421|0x0000000774a00000, 0x0000000774c00000, 0x0000000774c00000|100%| O|  |TAMS 0x0000000774a00000| PB 0x0000000774a00000| Untracked |  0
| 422|0x0000000774c00000, 0x0000000774c00000, 0x0000000774e00000|  0%| F|  |TAMS 0x0000000774c00000| PB 0x0000000774c00000| Untracked |  0
| 423|0x0000000774e00000, 0x0000000775000000, 0x0000000775000000|100%| O|  |TAMS 0x0000000774e00000| PB 0x0000000774e00000| Untracked |  0
| 424|0x0000000775000000, 0x0000000775200000, 0x0000000775200000|100%| O|  |TAMS 0x0000000775000000| PB 0x0000000775000000| Untracked |  0
| 425|0x0000000775200000, 0x0000000775400000, 0x0000000775400000|100%| O|Cm|TAMS 0x0000000775200000| PB 0x0000000775200000| Complete |  0
| 426|0x0000000775400000, 0x0000000775600000, 0x0000000775600000|100%| O|Cm|TAMS 0x0000000775400000| PB 0x0000000775400000| Complete |  0
| 427|0x0000000775600000, 0x0000000775800000, 0x0000000775800000|100%| O|Cm|TAMS 0x0000000775600000| PB 0x0000000775600000| Complete |  0
| 428|0x0000000775800000, 0x0000000775a00000, 0x0000000775a00000|100%| O|  |TAMS 0x0000000775800000| PB 0x0000000775800000| Untracked |  0
| 429|0x0000000775a00000, 0x0000000775c00000, 0x0000000775c00000|100%| O|Cm|TAMS 0x0000000775a00000| PB 0x0000000775a00000| Complete |  0
| 430|0x0000000775c00000, 0x0000000775e00000, 0x0000000775e00000|100%| O|Cm|TAMS 0x0000000775c00000| PB 0x0000000775c00000| Complete |  0
| 431|0x0000000775e00000, 0x0000000776000000, 0x0000000776000000|100%| O|Cm|TAMS 0x0000000775e00000| PB 0x0000000775e00000| Complete |  0
| 432|0x0000000776000000, 0x0000000776200000, 0x0000000776200000|100%| O|  |TAMS 0x0000000776000000| PB 0x0000000776000000| Untracked |  0
| 433|0x0000000776200000, 0x0000000776400000, 0x0000000776400000|100%| O|  |TAMS 0x0000000776200000| PB 0x0000000776200000| Untracked |  0
| 434|0x0000000776400000, 0x0000000776600000, 0x0000000776600000|100%| O|  |TAMS 0x0000000776400000| PB 0x0000000776400000| Untracked |  0
| 435|0x0000000776600000, 0x0000000776600000, 0x0000000776800000|  0%| F|  |TAMS 0x0000000776600000| PB 0x0000000776600000| Untracked |  0
| 436|0x0000000776800000, 0x0000000776a00000, 0x0000000776a00000|100%| O|  |TAMS 0x0000000776800000| PB 0x0000000776800000| Untracked |  0
| 437|0x0000000776a00000, 0x0000000776c00000, 0x0000000776c00000|100%| O|  |TAMS 0x0000000776a00000| PB 0x0000000776a00000| Untracked |  0
| 438|0x0000000776c00000, 0x0000000776e00000, 0x0000000776e00000|100%| O|Cm|TAMS 0x0000000776c00000| PB 0x0000000776c00000| Complete |  0
| 439|0x0000000776e00000, 0x0000000776e00000, 0x0000000777000000|  0%| F|  |TAMS 0x0000000776e00000| PB 0x0000000776e00000| Untracked |  0
| 440|0x0000000777000000, 0x0000000777000000, 0x0000000777200000|  0%| F|  |TAMS 0x0000000777000000| PB 0x0000000777000000| Untracked |  0
| 441|0x0000000777200000, 0x0000000777400000, 0x0000000777400000|100%| O|  |TAMS 0x0000000777200000| PB 0x0000000777200000| Untracked |  0
| 442|0x0000000777400000, 0x0000000777600000, 0x0000000777600000|100%| O|  |TAMS 0x0000000777400000| PB 0x0000000777400000| Untracked |  0
| 443|0x0000000777600000, 0x0000000777800000, 0x0000000777800000|100%| O|  |TAMS 0x0000000777600000| PB 0x0000000777600000| Untracked |  0
| 444|0x0000000777800000, 0x0000000777a00000, 0x0000000777a00000|100%| O|Cm|TAMS 0x0000000777800000| PB 0x0000000777800000| Complete |  0
| 445|0x0000000777a00000, 0x0000000777c00000, 0x0000000777c00000|100%| O|  |TAMS 0x0000000777a00000| PB 0x0000000777a00000| Untracked |  0
| 446|0x0000000777c00000, 0x0000000777e00000, 0x0000000777e00000|100%| O|Cm|TAMS 0x0000000777c00000| PB 0x0000000777c00000| Complete |  0
| 447|0x0000000777e00000, 0x0000000778000000, 0x0000000778000000|100%| O|Cm|TAMS 0x0000000777e00000| PB 0x0000000777e00000| Complete |  0
| 448|0x0000000778000000, 0x0000000778200000, 0x0000000778200000|100%| O|  |TAMS 0x0000000778000000| PB 0x0000000778000000| Untracked |  0
| 449|0x0000000778200000, 0x0000000778400000, 0x0000000778400000|100%| O|  |TAMS 0x0000000778200000| PB 0x0000000778200000| Untracked |  0
| 450|0x0000000778400000, 0x0000000778600000, 0x0000000778600000|100%| O|  |TAMS 0x0000000778400000| PB 0x0000000778400000| Untracked |  0
| 451|0x0000000778600000, 0x0000000778800000, 0x0000000778800000|100%| O|  |TAMS 0x0000000778600000| PB 0x0000000778600000| Untracked |  0
| 452|0x0000000778800000, 0x0000000778800000, 0x0000000778a00000|  0%| F|  |TAMS 0x0000000778800000| PB 0x0000000778800000| Untracked |  0
| 453|0x0000000778a00000, 0x0000000778c00000, 0x0000000778c00000|100%| O|Cm|TAMS 0x0000000778a00000| PB 0x0000000778a00000| Complete |  0
| 454|0x0000000778c00000, 0x0000000778e00000, 0x0000000778e00000|100%| O|  |TAMS 0x0000000778c00000| PB 0x0000000778c00000| Untracked |  0
| 455|0x0000000778e00000, 0x0000000779000000, 0x0000000779000000|100%| O|  |TAMS 0x0000000778e00000| PB 0x0000000778e00000| Untracked |  0
| 456|0x0000000779000000, 0x0000000779200000, 0x0000000779200000|100%|HS|  |TAMS 0x0000000779000000| PB 0x0000000779000000| Complete |  0
| 457|0x0000000779200000, 0x0000000779400000, 0x0000000779400000|100%|HC|  |TAMS 0x0000000779200000| PB 0x0000000779200000| Complete |  0
| 458|0x0000000779400000, 0x0000000779600000, 0x0000000779600000|100%| O|  |TAMS 0x0000000779400000| PB 0x0000000779400000| Untracked |  0
| 459|0x0000000779600000, 0x0000000779800000, 0x0000000779800000|100%| O|Cm|TAMS 0x0000000779600000| PB 0x0000000779600000| Complete |  0
| 460|0x0000000779800000, 0x0000000779a00000, 0x0000000779a00000|100%| O|  |TAMS 0x0000000779800000| PB 0x0000000779800000| Untracked |  0
| 461|0x0000000779a00000, 0x0000000779c00000, 0x0000000779c00000|100%| O|  |TAMS 0x0000000779a00000| PB 0x0000000779a00000| Untracked |  0
| 462|0x0000000779c00000, 0x0000000779e00000, 0x0000000779e00000|100%| O|  |TAMS 0x0000000779c00000| PB 0x0000000779c00000| Untracked |  0
| 463|0x0000000779e00000, 0x000000077a000000, 0x000000077a000000|100%| O|  |TAMS 0x0000000779e00000| PB 0x0000000779e00000| Untracked |  0
| 464|0x000000077a000000, 0x000000077a200000, 0x000000077a200000|100%| O|Cm|TAMS 0x000000077a000000| PB 0x000000077a000000| Complete |  0
| 465|0x000000077a200000, 0x000000077a400000, 0x000000077a400000|100%| O|  |TAMS 0x000000077a200000| PB 0x000000077a200000| Untracked |  0
| 466|0x000000077a400000, 0x000000077a600000, 0x000000077a600000|100%| O|Cm|TAMS 0x000000077a400000| PB 0x000000077a400000| Complete |  0
| 467|0x000000077a600000, 0x000000077a800000, 0x000000077a800000|100%| O|  |TAMS 0x000000077a600000| PB 0x000000077a600000| Untracked |  0
| 468|0x000000077a800000, 0x000000077aa00000, 0x000000077aa00000|100%| O|Cm|TAMS 0x000000077a800000| PB 0x000000077a800000| Complete |  0
| 469|0x000000077aa00000, 0x000000077aa00000, 0x000000077ac00000|  0%| F|  |TAMS 0x000000077aa00000| PB 0x000000077aa00000| Untracked |  0
| 470|0x000000077ac00000, 0x000000077ae00000, 0x000000077ae00000|100%| O|  |TAMS 0x000000077ac00000| PB 0x000000077ac00000| Untracked |  0
| 471|0x000000077ae00000, 0x000000077b000000, 0x000000077b000000|100%| O|  |TAMS 0x000000077ae00000| PB 0x000000077ae00000| Untracked |  0
| 472|0x000000077b000000, 0x000000077b200000, 0x000000077b200000|100%| O|  |TAMS 0x000000077b000000| PB 0x000000077b000000| Untracked |  0
| 473|0x000000077b200000, 0x000000077b400000, 0x000000077b400000|100%| O|  |TAMS 0x000000077b200000| PB 0x000000077b200000| Untracked |  0
| 474|0x000000077b400000, 0x000000077b600000, 0x000000077b600000|100%| O|  |TAMS 0x000000077b400000| PB 0x000000077b400000| Untracked |  0
| 475|0x000000077b600000, 0x000000077b800000, 0x000000077b800000|100%| O|  |TAMS 0x000000077b600000| PB 0x000000077b600000| Untracked |  0
| 476|0x000000077b800000, 0x000000077ba00000, 0x000000077ba00000|100%| O|  |TAMS 0x000000077b800000| PB 0x000000077b800000| Untracked |  0
| 477|0x000000077ba00000, 0x000000077bc00000, 0x000000077bc00000|100%| O|Cm|TAMS 0x000000077ba00000| PB 0x000000077ba00000| Complete |  0
| 478|0x000000077bc00000, 0x000000077be00000, 0x000000077be00000|100%| O|  |TAMS 0x000000077bc00000| PB 0x000000077bc00000| Untracked |  0
| 479|0x000000077be00000, 0x000000077c000000, 0x000000077c000000|100%| O|Cm|TAMS 0x000000077be00000| PB 0x000000077be00000| Complete |  0
| 480|0x000000077c000000, 0x000000077c200000, 0x000000077c200000|100%| O|  |TAMS 0x000000077c000000| PB 0x000000077c000000| Untracked |  0
| 481|0x000000077c200000, 0x000000077c200000, 0x000000077c400000|  0%| F|  |TAMS 0x000000077c200000| PB 0x000000077c200000| Untracked |  0
| 482|0x000000077c400000, 0x000000077c600000, 0x000000077c600000|100%| O|  |TAMS 0x000000077c400000| PB 0x000000077c400000| Untracked |  0
| 483|0x000000077c600000, 0x000000077c600000, 0x000000077c800000|  0%| F|  |TAMS 0x000000077c600000| PB 0x000000077c600000| Untracked |  0
| 484|0x000000077c800000, 0x000000077ca00000, 0x000000077ca00000|100%| O|  |TAMS 0x000000077c800000| PB 0x000000077c800000| Untracked |  0
| 485|0x000000077ca00000, 0x000000077cc00000, 0x000000077cc00000|100%|HS|  |TAMS 0x000000077ca00000| PB 0x000000077ca00000| Complete |  0
| 486|0x000000077cc00000, 0x000000077ce00000, 0x000000077ce00000|100%| O|  |TAMS 0x000000077cc00000| PB 0x000000077cc00000| Untracked |  0
| 487|0x000000077ce00000, 0x000000077d000000, 0x000000077d000000|100%| O|  |TAMS 0x000000077ce00000| PB 0x000000077ce00000| Untracked |  0
| 488|0x000000077d000000, 0x000000077d200000, 0x000000077d200000|100%| O|Cm|TAMS 0x000000077d000000| PB 0x000000077d000000| Complete |  0
| 489|0x000000077d200000, 0x000000077d400000, 0x000000077d400000|100%| O|Cm|TAMS 0x000000077d200000| PB 0x000000077d200000| Complete |  0
| 490|0x000000077d400000, 0x000000077d600000, 0x000000077d600000|100%| O|  |TAMS 0x000000077d400000| PB 0x000000077d400000| Untracked |  0
| 491|0x000000077d600000, 0x000000077d800000, 0x000000077d800000|100%| O|  |TAMS 0x000000077d600000| PB 0x000000077d600000| Untracked |  0
| 492|0x000000077d800000, 0x000000077da00000, 0x000000077da00000|100%| O|  |TAMS 0x000000077d800000| PB 0x000000077d800000| Untracked |  0
| 493|0x000000077da00000, 0x000000077dc00000, 0x000000077dc00000|100%| O|  |TAMS 0x000000077da00000| PB 0x000000077da00000| Untracked |  0
| 494|0x000000077dc00000, 0x000000077de00000, 0x000000077de00000|100%| O|  |TAMS 0x000000077dc00000| PB 0x000000077dc00000| Untracked |  0
| 495|0x000000077de00000, 0x000000077e000000, 0x000000077e000000|100%| O|Cm|TAMS 0x000000077de00000| PB 0x000000077de00000| Complete |  0
| 496|0x000000077e000000, 0x000000077e000000, 0x000000077e200000|  0%| F|  |TAMS 0x000000077e000000| PB 0x000000077e000000| Untracked |  0
| 497|0x000000077e200000, 0x000000077e400000, 0x000000077e400000|100%| O|Cm|TAMS 0x000000077e200000| PB 0x000000077e200000| Complete |  0
| 498|0x000000077e400000, 0x000000077e600000, 0x000000077e600000|100%| O|  |TAMS 0x000000077e400000| PB 0x000000077e400000| Untracked |  0
| 499|0x000000077e600000, 0x000000077e800000, 0x000000077e800000|100%| O|  |TAMS 0x000000077e600000| PB 0x000000077e600000| Untracked |  0
| 500|0x000000077e800000, 0x000000077ea00000, 0x000000077ea00000|100%| O|  |TAMS 0x000000077e800000| PB 0x000000077e800000| Untracked |  0
| 501|0x000000077ea00000, 0x000000077ec00000, 0x000000077ec00000|100%| O|Cm|TAMS 0x000000077ea00000| PB 0x000000077ea00000| Complete |  0
| 502|0x000000077ec00000, 0x000000077ee00000, 0x000000077ee00000|100%| O|  |TAMS 0x000000077ec00000| PB 0x000000077ec00000| Untracked |  0
| 503|0x000000077ee00000, 0x000000077f000000, 0x000000077f000000|100%| O|  |TAMS 0x000000077ee00000| PB 0x000000077ee00000| Untracked |  0
| 504|0x000000077f000000, 0x000000077f200000, 0x000000077f200000|100%| O|  |TAMS 0x000000077f000000| PB 0x000000077f000000| Untracked |  0
| 505|0x000000077f200000, 0x000000077f400000, 0x000000077f400000|100%| O|  |TAMS 0x000000077f200000| PB 0x000000077f200000| Untracked |  0
| 506|0x000000077f400000, 0x000000077f600000, 0x000000077f600000|100%| O|  |TAMS 0x000000077f400000| PB 0x000000077f400000| Untracked |  0
| 507|0x000000077f600000, 0x000000077f800000, 0x000000077f800000|100%| O|Cm|TAMS 0x000000077f600000| PB 0x000000077f600000| Complete |  0
| 508|0x000000077f800000, 0x000000077fa00000, 0x000000077fa00000|100%| O|Cm|TAMS 0x000000077f800000| PB 0x000000077f800000| Complete |  0
| 509|0x000000077fa00000, 0x000000077fc00000, 0x000000077fc00000|100%| O|Cm|TAMS 0x000000077fa00000| PB 0x000000077fa00000| Complete |  0
| 510|0x000000077fc00000, 0x000000077fe00000, 0x000000077fe00000|100%| O|Cm|TAMS 0x000000077fc00000| PB 0x000000077fc00000| Complete |  0
| 511|0x000000077fe00000, 0x000000077ffecbe8, 0x0000000780000000| 96%| O|  |TAMS 0x000000077fe00000| PB 0x000000077fe00000| Untracked |  0
| 512|0x0000000780000000, 0x0000000780200000, 0x0000000780200000|100%| O|  |TAMS 0x0000000780000000| PB 0x0000000780000000| Untracked |  0
| 513|0x0000000780200000, 0x0000000780400000, 0x0000000780400000|100%| O|  |TAMS 0x0000000780200000| PB 0x0000000780200000| Untracked |  0
| 514|0x0000000780400000, 0x0000000780400000, 0x0000000780600000|  0%| F|  |TAMS 0x0000000780400000| PB 0x0000000780400000| Untracked |  0
| 515|0x0000000780600000, 0x0000000780600000, 0x0000000780800000|  0%| F|  |TAMS 0x0000000780600000| PB 0x0000000780600000| Untracked |  0
| 516|0x0000000780800000, 0x0000000780a00000, 0x0000000780a00000|100%| O|Cm|TAMS 0x0000000780800000| PB 0x0000000780800000| Complete |  0
| 517|0x0000000780a00000, 0x0000000780a00000, 0x0000000780c00000|  0%| F|  |TAMS 0x0000000780a00000| PB 0x0000000780a00000| Untracked |  0
| 518|0x0000000780c00000, 0x0000000780e00000, 0x0000000780e00000|100%| O|  |TAMS 0x0000000780c00000| PB 0x0000000780c00000| Untracked |  0
| 519|0x0000000780e00000, 0x0000000780e00000, 0x0000000781000000|  0%| F|  |TAMS 0x0000000780e00000| PB 0x0000000780e00000| Untracked |  0
| 520|0x0000000781000000, 0x0000000781000000, 0x0000000781200000|  0%| F|  |TAMS 0x0000000781000000| PB 0x0000000781000000| Untracked |  0
| 521|0x0000000781200000, 0x0000000781400000, 0x0000000781400000|100%| O|  |TAMS 0x0000000781200000| PB 0x0000000781200000| Untracked |  0
| 522|0x0000000781400000, 0x0000000781400000, 0x0000000781600000|  0%| F|  |TAMS 0x0000000781400000| PB 0x0000000781400000| Untracked |  0
| 523|0x0000000781600000, 0x0000000781600000, 0x0000000781800000|  0%| F|  |TAMS 0x0000000781600000| PB 0x0000000781600000| Untracked |  0
| 524|0x0000000781800000, 0x0000000781800000, 0x0000000781a00000|  0%| F|  |TAMS 0x0000000781800000| PB 0x0000000781800000| Untracked |  0
| 525|0x0000000781a00000, 0x0000000781c00000, 0x0000000781c00000|100%| O|  |TAMS 0x0000000781a00000| PB 0x0000000781a00000| Untracked |  0
| 526|0x0000000781c00000, 0x0000000781c00000, 0x0000000781e00000|  0%| F|  |TAMS 0x0000000781c00000| PB 0x0000000781c00000| Untracked |  0
| 527|0x0000000781e00000, 0x0000000782000000, 0x0000000782000000|100%| O|  |TAMS 0x0000000781e00000| PB 0x0000000781e00000| Untracked |  0
| 528|0x0000000782000000, 0x0000000782000000, 0x0000000782200000|  0%| F|  |TAMS 0x0000000782000000| PB 0x0000000782000000| Untracked |  0
| 529|0x0000000782200000, 0x0000000782400000, 0x0000000782400000|100%| O|  |TAMS 0x0000000782200000| PB 0x0000000782200000| Untracked |  0
| 530|0x0000000782400000, 0x0000000782600000, 0x0000000782600000|100%| O|  |TAMS 0x0000000782400000| PB 0x0000000782400000| Untracked |  0
| 531|0x0000000782600000, 0x0000000782800000, 0x0000000782800000|100%| O|  |TAMS 0x0000000782600000| PB 0x0000000782600000| Untracked |  0
| 532|0x0000000782800000, 0x0000000782a00000, 0x0000000782a00000|100%| O|Cm|TAMS 0x0000000782800000| PB 0x0000000782800000| Complete |  0
| 533|0x0000000782a00000, 0x0000000782a00000, 0x0000000782c00000|  0%| F|  |TAMS 0x0000000782a00000| PB 0x0000000782a00000| Untracked |  0
| 534|0x0000000782c00000, 0x0000000782c00000, 0x0000000782e00000|  0%| F|  |TAMS 0x0000000782c00000| PB 0x0000000782c00000| Untracked |  0
| 535|0x0000000782e00000, 0x0000000783000000, 0x0000000783000000|100%| O|  |TAMS 0x0000000782e00000| PB 0x0000000782e00000| Untracked |  0
| 536|0x0000000783000000, 0x0000000783200000, 0x0000000783200000|100%| O|  |TAMS 0x0000000783000000| PB 0x0000000783000000| Untracked |  0
| 537|0x0000000783200000, 0x0000000783200000, 0x0000000783400000|  0%| F|  |TAMS 0x0000000783200000| PB 0x0000000783200000| Untracked |  0
| 538|0x0000000783400000, 0x0000000783600000, 0x0000000783600000|100%| O|  |TAMS 0x0000000783400000| PB 0x0000000783400000| Untracked |  0
| 539|0x0000000783600000, 0x0000000783800000, 0x0000000783800000|100%|HS|  |TAMS 0x0000000783600000| PB 0x0000000783600000| Complete |  0
| 540|0x0000000783800000, 0x0000000783a00000, 0x0000000783a00000|100%|HS|  |TAMS 0x0000000783800000| PB 0x0000000783800000| Complete |  0
| 541|0x0000000783a00000, 0x0000000783c00000, 0x0000000783c00000|100%| O|Cm|TAMS 0x0000000783a00000| PB 0x0000000783a00000| Complete |  0
| 542|0x0000000783c00000, 0x0000000783e00000, 0x0000000783e00000|100%| O|  |TAMS 0x0000000783c00000| PB 0x0000000783c00000| Untracked |  0
| 543|0x0000000783e00000, 0x0000000784000000, 0x0000000784000000|100%| O|  |TAMS 0x0000000783e00000| PB 0x0000000783e00000| Untracked |  0
| 544|0x0000000784000000, 0x0000000784200000, 0x0000000784200000|100%| O|Cm|TAMS 0x0000000784000000| PB 0x0000000784000000| Complete |  0
| 545|0x0000000784200000, 0x0000000784400000, 0x0000000784400000|100%| O|Cm|TAMS 0x0000000784200000| PB 0x0000000784200000| Complete |  0
| 546|0x0000000784400000, 0x0000000784600000, 0x0000000784600000|100%| O|Cm|TAMS 0x0000000784400000| PB 0x0000000784400000| Complete |  0
| 547|0x0000000784600000, 0x0000000784600000, 0x0000000784800000|  0%| F|  |TAMS 0x0000000784600000| PB 0x0000000784600000| Untracked |  0
| 548|0x0000000784800000, 0x0000000784a00000, 0x0000000784a00000|100%| O|  |TAMS 0x0000000784800000| PB 0x0000000784800000| Untracked |  0
| 549|0x0000000784a00000, 0x0000000784a00000, 0x0000000784c00000|  0%| F|  |TAMS 0x0000000784a00000| PB 0x0000000784a00000| Untracked |  0
| 550|0x0000000784c00000, 0x0000000784e00000, 0x0000000784e00000|100%| O|  |TAMS 0x0000000784c00000| PB 0x0000000784c00000| Untracked |  0
| 551|0x0000000784e00000, 0x0000000785000000, 0x0000000785000000|100%| O|Cm|TAMS 0x0000000784e00000| PB 0x0000000784e00000| Complete |  0
| 552|0x0000000785000000, 0x0000000785200000, 0x0000000785200000|100%| O|Cm|TAMS 0x0000000785000000| PB 0x0000000785000000| Complete |  0
| 553|0x0000000785200000, 0x0000000785400000, 0x0000000785400000|100%| O|  |TAMS 0x0000000785200000| PB 0x0000000785200000| Untracked |  0
| 554|0x0000000785400000, 0x0000000785600000, 0x0000000785600000|100%| O|  |TAMS 0x0000000785400000| PB 0x0000000785400000| Untracked |  0
| 555|0x0000000785600000, 0x0000000785800000, 0x0000000785800000|100%| O|  |TAMS 0x0000000785600000| PB 0x0000000785600000| Untracked |  0
| 556|0x0000000785800000, 0x0000000785a00000, 0x0000000785a00000|100%| O|  |TAMS 0x0000000785800000| PB 0x0000000785800000| Untracked |  0
| 557|0x0000000785a00000, 0x0000000785c00000, 0x0000000785c00000|100%| O|  |TAMS 0x0000000785a00000| PB 0x0000000785a00000| Untracked |  0
| 558|0x0000000785c00000, 0x0000000785e00000, 0x0000000785e00000|100%| O|  |TAMS 0x0000000785c00000| PB 0x0000000785c00000| Untracked |  0
| 559|0x0000000785e00000, 0x0000000786000000, 0x0000000786000000|100%| O|  |TAMS 0x0000000785e00000| PB 0x0000000785e00000| Untracked |  0
| 560|0x0000000786000000, 0x0000000786200000, 0x0000000786200000|100%| O|  |TAMS 0x0000000786000000| PB 0x0000000786000000| Untracked |  0
| 561|0x0000000786200000, 0x0000000786400000, 0x0000000786400000|100%| O|  |TAMS 0x0000000786200000| PB 0x0000000786200000| Untracked |  0
| 562|0x0000000786400000, 0x0000000786600000, 0x0000000786600000|100%| O|  |TAMS 0x0000000786400000| PB 0x0000000786400000| Untracked |  0
| 563|0x0000000786600000, 0x0000000786800000, 0x0000000786800000|100%| O|  |TAMS 0x0000000786600000| PB 0x0000000786600000| Untracked |  0
| 564|0x0000000786800000, 0x0000000786a00000, 0x0000000786a00000|100%| O|  |TAMS 0x0000000786800000| PB 0x0000000786800000| Untracked |  0
| 565|0x0000000786a00000, 0x0000000786a00000, 0x0000000786c00000|  0%| F|  |TAMS 0x0000000786a00000| PB 0x0000000786a00000| Untracked |  0
| 566|0x0000000786c00000, 0x0000000786c00000, 0x0000000786e00000|  0%| F|  |TAMS 0x0000000786c00000| PB 0x0000000786c00000| Untracked |  0
| 567|0x0000000786e00000, 0x0000000787000000, 0x0000000787000000|100%| O|Cm|TAMS 0x0000000786e00000| PB 0x0000000786e00000| Complete |  0
| 568|0x0000000787000000, 0x0000000787200000, 0x0000000787200000|100%|HS|  |TAMS 0x0000000787000000| PB 0x0000000787000000| Complete |  0
| 569|0x0000000787200000, 0x0000000787400000, 0x0000000787400000|100%|HC|  |TAMS 0x0000000787200000| PB 0x0000000787200000| Complete |  0
| 570|0x0000000787400000, 0x0000000787600000, 0x0000000787600000|100%|HS|  |TAMS 0x0000000787400000| PB 0x0000000787400000| Complete |  0
| 571|0x0000000787600000, 0x0000000787800000, 0x0000000787800000|100%|HC|  |TAMS 0x0000000787600000| PB 0x0000000787600000| Complete |  0
| 572|0x0000000787800000, 0x0000000787a00000, 0x0000000787a00000|100%|HC|  |TAMS 0x0000000787800000| PB 0x0000000787800000| Complete |  0
| 573|0x0000000787a00000, 0x0000000787c00000, 0x0000000787c00000|100%| O|  |TAMS 0x0000000787a00000| PB 0x0000000787a00000| Untracked |  0
| 574|0x0000000787c00000, 0x0000000787e00000, 0x0000000787e00000|100%| O|Cm|TAMS 0x0000000787c00000| PB 0x0000000787c00000| Complete |  0
| 575|0x0000000787e00000, 0x0000000788000000, 0x0000000788000000|100%| O|Cm|TAMS 0x0000000787e00000| PB 0x0000000787e00000| Complete |  0
| 576|0x0000000788000000, 0x0000000788200000, 0x0000000788200000|100%| O|Cm|TAMS 0x0000000788000000| PB 0x0000000788000000| Complete |  0
| 577|0x0000000788200000, 0x0000000788400000, 0x0000000788400000|100%| O|Cm|TAMS 0x0000000788200000| PB 0x0000000788200000| Complete |  0
| 578|0x0000000788400000, 0x0000000788600000, 0x0000000788600000|100%| O|  |TAMS 0x0000000788400000| PB 0x0000000788400000| Untracked |  0
| 579|0x0000000788600000, 0x0000000788800000, 0x0000000788800000|100%| O|  |TAMS 0x0000000788600000| PB 0x0000000788600000| Untracked |  0
| 580|0x0000000788800000, 0x0000000788800000, 0x0000000788a00000|  0%| F|  |TAMS 0x0000000788800000| PB 0x0000000788800000| Untracked |  0
| 581|0x0000000788a00000, 0x0000000788c00000, 0x0000000788c00000|100%| O|Cm|TAMS 0x0000000788a00000| PB 0x0000000788a00000| Complete |  0
| 582|0x0000000788c00000, 0x0000000788e00000, 0x0000000788e00000|100%| O|Cm|TAMS 0x0000000788c00000| PB 0x0000000788c00000| Complete |  0
| 583|0x0000000788e00000, 0x0000000788e00000, 0x0000000789000000|  0%| F|  |TAMS 0x0000000788e00000| PB 0x0000000788e00000| Untracked |  0
| 584|0x0000000789000000, 0x0000000789200000, 0x0000000789200000|100%| O|Cm|TAMS 0x0000000789000000| PB 0x0000000789000000| Complete |  0
| 585|0x0000000789200000, 0x0000000789400000, 0x0000000789400000|100%| O|  |TAMS 0x0000000789200000| PB 0x0000000789200000| Untracked |  0
| 586|0x0000000789400000, 0x0000000789600000, 0x0000000789600000|100%| O|  |TAMS 0x0000000789400000| PB 0x0000000789400000| Untracked |  0
| 587|0x0000000789600000, 0x0000000789800000, 0x0000000789800000|100%| O|  |TAMS 0x0000000789600000| PB 0x0000000789600000| Untracked |  0
| 588|0x0000000789800000, 0x0000000789a00000, 0x0000000789a00000|100%| O|  |TAMS 0x0000000789800000| PB 0x0000000789800000| Untracked |  0
| 589|0x0000000789a00000, 0x0000000789c00000, 0x0000000789c00000|100%| O|  |TAMS 0x0000000789a00000| PB 0x0000000789a00000| Untracked |  0
| 590|0x0000000789c00000, 0x0000000789e00000, 0x0000000789e00000|100%| O|Cm|TAMS 0x0000000789c00000| PB 0x0000000789c00000| Complete |  0
| 591|0x0000000789e00000, 0x000000078a000000, 0x000000078a000000|100%| O|  |TAMS 0x0000000789e00000| PB 0x0000000789e00000| Untracked |  0
| 592|0x000000078a000000, 0x000000078a200000, 0x000000078a200000|100%| O|  |TAMS 0x000000078a000000| PB 0x000000078a000000| Untracked |  0
| 593|0x000000078a200000, 0x000000078a400000, 0x000000078a400000|100%| O|Cm|TAMS 0x000000078a200000| PB 0x000000078a200000| Complete |  0
| 594|0x000000078a400000, 0x000000078a600000, 0x000000078a600000|100%| O|  |TAMS 0x000000078a400000| PB 0x000000078a400000| Untracked |  0
| 595|0x000000078a600000, 0x000000078a600000, 0x000000078a800000|  0%| F|  |TAMS 0x000000078a600000| PB 0x000000078a600000| Untracked |  0
| 596|0x000000078a800000, 0x000000078a800000, 0x000000078aa00000|  0%| F|  |TAMS 0x000000078a800000| PB 0x000000078a800000| Untracked |  0
| 597|0x000000078aa00000, 0x000000078aa00000, 0x000000078ac00000|  0%| F|  |TAMS 0x000000078aa00000| PB 0x000000078aa00000| Untracked |  0
| 598|0x000000078ac00000, 0x000000078ac00000, 0x000000078ae00000|  0%| F|  |TAMS 0x000000078ac00000| PB 0x000000078ac00000| Untracked |  0
| 599|0x000000078ae00000, 0x000000078b000000, 0x000000078b000000|100%| O|Cm|TAMS 0x000000078ae00000| PB 0x000000078ae00000| Complete |  0
| 600|0x000000078b000000, 0x000000078b200000, 0x000000078b200000|100%| O|Cm|TAMS 0x000000078b000000| PB 0x000000078b000000| Complete |  0
| 601|0x000000078b200000, 0x000000078b400000, 0x000000078b400000|100%| O|Cm|TAMS 0x000000078b200000| PB 0x000000078b200000| Complete |  0
| 602|0x000000078b400000, 0x000000078b600000, 0x000000078b600000|100%| O|Cm|TAMS 0x000000078b400000| PB 0x000000078b400000| Complete |  0
| 603|0x000000078b600000, 0x000000078b800000, 0x000000078b800000|100%| O|Cm|TAMS 0x000000078b600000| PB 0x000000078b600000| Complete |  0
| 604|0x000000078b800000, 0x000000078b800000, 0x000000078ba00000|  0%| F|  |TAMS 0x000000078b800000| PB 0x000000078b800000| Untracked |  0
| 605|0x000000078ba00000, 0x000000078bc00000, 0x000000078bc00000|100%| O|  |TAMS 0x000000078ba00000| PB 0x000000078ba00000| Untracked |  0
| 606|0x000000078bc00000, 0x000000078be00000, 0x000000078be00000|100%| O|  |TAMS 0x000000078bc00000| PB 0x000000078bc00000| Untracked |  0
| 607|0x000000078be00000, 0x000000078c000000, 0x000000078c000000|100%| O|  |TAMS 0x000000078be00000| PB 0x000000078be00000| Untracked |  0
| 608|0x000000078c000000, 0x000000078c200000, 0x000000078c200000|100%| O|  |TAMS 0x000000078c000000| PB 0x000000078c000000| Untracked |  0
| 609|0x000000078c200000, 0x000000078c400000, 0x000000078c400000|100%| O|  |TAMS 0x000000078c200000| PB 0x000000078c200000| Untracked |  0
| 610|0x000000078c400000, 0x000000078c600000, 0x000000078c600000|100%| O|  |TAMS 0x000000078c400000| PB 0x000000078c400000| Untracked |  0
| 611|0x000000078c600000, 0x000000078c800000, 0x000000078c800000|100%| O|  |TAMS 0x000000078c600000| PB 0x000000078c600000| Untracked |  0
| 612|0x000000078c800000, 0x000000078c800000, 0x000000078ca00000|  0%| F|  |TAMS 0x000000078c800000| PB 0x000000078c800000| Untracked |  0
| 613|0x000000078ca00000, 0x000000078cc00000, 0x000000078cc00000|100%| O|  |TAMS 0x000000078ca00000| PB 0x000000078ca00000| Untracked |  0
| 614|0x000000078cc00000, 0x000000078cc00000, 0x000000078ce00000|  0%| F|  |TAMS 0x000000078cc00000| PB 0x000000078cc00000| Untracked |  0
| 615|0x000000078ce00000, 0x000000078ce00000, 0x000000078d000000|  0%| F|  |TAMS 0x000000078ce00000| PB 0x000000078ce00000| Untracked |  0
| 616|0x000000078d000000, 0x000000078d000000, 0x000000078d200000|  0%| F|  |TAMS 0x000000078d000000| PB 0x000000078d000000| Untracked |  0
| 617|0x000000078d200000, 0x000000078d400000, 0x000000078d400000|100%| O|Cm|TAMS 0x000000078d200000| PB 0x000000078d200000| Complete |  0
| 618|0x000000078d400000, 0x000000078d600000, 0x000000078d600000|100%| O|  |TAMS 0x000000078d400000| PB 0x000000078d400000| Untracked |  0
| 619|0x000000078d600000, 0x000000078d800000, 0x000000078d800000|100%| O|  |TAMS 0x000000078d600000| PB 0x000000078d600000| Untracked |  0
| 620|0x000000078d800000, 0x000000078da00000, 0x000000078da00000|100%| O|Cm|TAMS 0x000000078d800000| PB 0x000000078d800000| Complete |  0
| 621|0x000000078da00000, 0x000000078dc00000, 0x000000078dc00000|100%| O|Cm|TAMS 0x000000078da00000| PB 0x000000078da00000| Complete |  0
| 622|0x000000078dc00000, 0x000000078de00000, 0x000000078de00000|100%| O|Cm|TAMS 0x000000078dc00000| PB 0x000000078dc00000| Complete |  0
| 623|0x000000078de00000, 0x000000078e000000, 0x000000078e000000|100%| O|  |TAMS 0x000000078de00000| PB 0x000000078de00000| Untracked |  0
| 624|0x000000078e000000, 0x000000078e200000, 0x000000078e200000|100%| O|  |TAMS 0x000000078e000000| PB 0x000000078e000000| Untracked |  0
| 625|0x000000078e200000, 0x000000078e400000, 0x000000078e400000|100%| O|Cm|TAMS 0x000000078e200000| PB 0x000000078e200000| Complete |  0
| 626|0x000000078e400000, 0x000000078e600000, 0x000000078e600000|100%| O|  |TAMS 0x000000078e400000| PB 0x000000078e400000| Untracked |  0
| 627|0x000000078e600000, 0x000000078e800000, 0x000000078e800000|100%| O|  |TAMS 0x000000078e600000| PB 0x000000078e600000| Untracked |  0
| 628|0x000000078e800000, 0x000000078ea00000, 0x000000078ea00000|100%| O|Cm|TAMS 0x000000078e800000| PB 0x000000078e800000| Complete |  0
| 629|0x000000078ea00000, 0x000000078ec00000, 0x000000078ec00000|100%| O|Cm|TAMS 0x000000078ea00000| PB 0x000000078ea00000| Complete |  0
| 630|0x000000078ec00000, 0x000000078ec00000, 0x000000078ee00000|  0%| F|  |TAMS 0x000000078ec00000| PB 0x000000078ec00000| Untracked |  0
| 631|0x000000078ee00000, 0x000000078ee00000, 0x000000078f000000|  0%| F|  |TAMS 0x000000078ee00000| PB 0x000000078ee00000| Untracked |  0
| 632|0x000000078f000000, 0x000000078f000000, 0x000000078f200000|  0%| F|  |TAMS 0x000000078f000000| PB 0x000000078f000000| Untracked |  0
| 633|0x000000078f200000, 0x000000078f200000, 0x000000078f400000|  0%| F|  |TAMS 0x000000078f200000| PB 0x000000078f200000| Untracked |  0
| 634|0x000000078f400000, 0x000000078f400000, 0x000000078f600000|  0%| F|  |TAMS 0x000000078f400000| PB 0x000000078f400000| Untracked |  0
| 635|0x000000078f600000, 0x000000078f800000, 0x000000078f800000|100%| O|  |TAMS 0x000000078f600000| PB 0x000000078f600000| Untracked |  0
| 636|0x000000078f800000, 0x000000078fa00000, 0x000000078fa00000|100%| O|Cm|TAMS 0x000000078f800000| PB 0x000000078f800000| Complete |  0
| 637|0x000000078fa00000, 0x000000078fc00000, 0x000000078fc00000|100%| O|Cm|TAMS 0x000000078fa00000| PB 0x000000078fa00000| Complete |  0
| 638|0x000000078fc00000, 0x000000078fe00000, 0x000000078fe00000|100%| O|  |TAMS 0x000000078fc00000| PB 0x000000078fc00000| Untracked |  0
| 639|0x000000078fe00000, 0x0000000790000000, 0x0000000790000000|100%| O|  |TAMS 0x000000078fe00000| PB 0x000000078fe00000| Untracked |  0
| 640|0x0000000790000000, 0x0000000790200000, 0x0000000790200000|100%| O|Cm|TAMS 0x0000000790000000| PB 0x0000000790000000| Complete |  0
| 641|0x0000000790200000, 0x0000000790200000, 0x0000000790400000|  0%| F|  |TAMS 0x0000000790200000| PB 0x0000000790200000| Untracked |  0
| 642|0x0000000790400000, 0x0000000790600000, 0x0000000790600000|100%| O|Cm|TAMS 0x0000000790400000| PB 0x0000000790400000| Complete |  0
| 643|0x0000000790600000, 0x0000000790800000, 0x0000000790800000|100%| O|Cm|TAMS 0x0000000790600000| PB 0x0000000790600000| Complete |  0
| 644|0x0000000790800000, 0x0000000790a00000, 0x0000000790a00000|100%| O|Cm|TAMS 0x0000000790800000| PB 0x0000000790800000| Complete |  0
| 645|0x0000000790a00000, 0x0000000790c00000, 0x0000000790c00000|100%| O|Cm|TAMS 0x0000000790a00000| PB 0x0000000790a00000| Complete |  0
| 646|0x0000000790c00000, 0x0000000790c00000, 0x0000000790e00000|  0%| F|  |TAMS 0x0000000790c00000| PB 0x0000000790c00000| Untracked |  0
| 647|0x0000000790e00000, 0x0000000790e00000, 0x0000000791000000|  0%| F|  |TAMS 0x0000000790e00000| PB 0x0000000790e00000| Untracked |  0
| 648|0x0000000791000000, 0x0000000791000000, 0x0000000791200000|  0%| F|  |TAMS 0x0000000791000000| PB 0x0000000791000000| Untracked |  0
| 649|0x0000000791200000, 0x0000000791200000, 0x0000000791400000|  0%| F|  |TAMS 0x0000000791200000| PB 0x0000000791200000| Untracked |  0
| 650|0x0000000791400000, 0x0000000791400000, 0x0000000791600000|  0%| F|  |TAMS 0x0000000791400000| PB 0x0000000791400000| Untracked |  0
| 651|0x0000000791600000, 0x0000000791600000, 0x0000000791800000|  0%| F|  |TAMS 0x0000000791600000| PB 0x0000000791600000| Untracked |  0
| 652|0x0000000791800000, 0x0000000791800000, 0x0000000791a00000|  0%| F|  |TAMS 0x0000000791800000| PB 0x0000000791800000| Untracked |  0
| 653|0x0000000791a00000, 0x0000000791a00000, 0x0000000791c00000|  0%| F|  |TAMS 0x0000000791a00000| PB 0x0000000791a00000| Untracked |  0
| 654|0x0000000791c00000, 0x0000000791e00000, 0x0000000791e00000|100%| O|Cm|TAMS 0x0000000791c00000| PB 0x0000000791c00000| Complete |  0
| 655|0x0000000791e00000, 0x0000000792000000, 0x0000000792000000|100%|HS|  |TAMS 0x0000000791e00000| PB 0x0000000791e00000| Complete |  0
| 656|0x0000000792000000, 0x0000000792000000, 0x0000000792200000|  0%| F|  |TAMS 0x0000000792000000| PB 0x0000000792000000| Untracked |  0
| 657|0x0000000792200000, 0x0000000792400000, 0x0000000792400000|100%| O|  |TAMS 0x0000000792200000| PB 0x0000000792200000| Untracked |  0
| 658|0x0000000792400000, 0x0000000792600000, 0x0000000792600000|100%| O|  |TAMS 0x0000000792400000| PB 0x0000000792400000| Untracked |  0
| 659|0x0000000792600000, 0x0000000792800000, 0x0000000792800000|100%| O|  |TAMS 0x0000000792600000| PB 0x0000000792600000| Untracked |  0
| 660|0x0000000792800000, 0x0000000792a00000, 0x0000000792a00000|100%| O|  |TAMS 0x0000000792800000| PB 0x0000000792800000| Untracked |  0
| 661|0x0000000792a00000, 0x0000000792c00000, 0x0000000792c00000|100%| O|  |TAMS 0x0000000792a00000| PB 0x0000000792a00000| Untracked |  0
| 662|0x0000000792c00000, 0x0000000792e00000, 0x0000000792e00000|100%| O|  |TAMS 0x0000000792c00000| PB 0x0000000792c00000| Untracked |  0
| 663|0x0000000792e00000, 0x0000000793000000, 0x0000000793000000|100%| O|  |TAMS 0x0000000792e00000| PB 0x0000000792e00000| Untracked |  0
| 664|0x0000000793000000, 0x0000000793200000, 0x0000000793200000|100%| O|  |TAMS 0x0000000793000000| PB 0x0000000793000000| Untracked |  0
| 665|0x0000000793200000, 0x0000000793400000, 0x0000000793400000|100%| O|  |TAMS 0x0000000793200000| PB 0x0000000793200000| Untracked |  0
| 666|0x0000000793400000, 0x0000000793600000, 0x0000000793600000|100%| O|  |TAMS 0x0000000793400000| PB 0x0000000793400000| Untracked |  0
| 667|0x0000000793600000, 0x0000000793800000, 0x0000000793800000|100%| O|  |TAMS 0x0000000793600000| PB 0x0000000793600000| Untracked |  0
| 668|0x0000000793800000, 0x0000000793a00000, 0x0000000793a00000|100%| O|  |TAMS 0x0000000793800000| PB 0x0000000793800000| Untracked |  0
| 669|0x0000000793a00000, 0x0000000793c00000, 0x0000000793c00000|100%| O|  |TAMS 0x0000000793a00000| PB 0x0000000793a00000| Untracked |  0
| 670|0x0000000793c00000, 0x0000000793e00000, 0x0000000793e00000|100%| O|  |TAMS 0x0000000793c00000| PB 0x0000000793c00000| Untracked |  0
| 671|0x0000000793e00000, 0x0000000794000000, 0x0000000794000000|100%| O|  |TAMS 0x0000000793e00000| PB 0x0000000793e00000| Untracked |  0
| 672|0x0000000794000000, 0x0000000794200000, 0x0000000794200000|100%| O|  |TAMS 0x0000000794000000| PB 0x0000000794000000| Untracked |  0
| 673|0x0000000794200000, 0x0000000794400000, 0x0000000794400000|100%| O|  |TAMS 0x0000000794200000| PB 0x0000000794200000| Untracked |  0
| 674|0x0000000794400000, 0x0000000794600000, 0x0000000794600000|100%| O|  |TAMS 0x0000000794400000| PB 0x0000000794400000| Untracked |  0
| 675|0x0000000794600000, 0x0000000794800000, 0x0000000794800000|100%| O|  |TAMS 0x0000000794600000| PB 0x0000000794600000| Untracked |  0
| 676|0x0000000794800000, 0x0000000794a00000, 0x0000000794a00000|100%| O|  |TAMS 0x0000000794800000| PB 0x0000000794800000| Untracked |  0
| 677|0x0000000794a00000, 0x0000000794c00000, 0x0000000794c00000|100%| O|  |TAMS 0x0000000794a00000| PB 0x0000000794a00000| Untracked |  0
| 678|0x0000000794c00000, 0x0000000794e00000, 0x0000000794e00000|100%| O|  |TAMS 0x0000000794c00000| PB 0x0000000794c00000| Untracked |  0
| 679|0x0000000794e00000, 0x0000000795000000, 0x0000000795000000|100%| O|  |TAMS 0x0000000794e00000| PB 0x0000000794e00000| Untracked |  0
| 680|0x0000000795000000, 0x0000000795200000, 0x0000000795200000|100%| O|Cm|TAMS 0x0000000795000000| PB 0x0000000795000000| Complete |  0
| 681|0x0000000795200000, 0x0000000795400000, 0x0000000795400000|100%| O|Cm|TAMS 0x0000000795200000| PB 0x0000000795200000| Complete |  0
| 682|0x0000000795400000, 0x0000000795600000, 0x0000000795600000|100%| O|  |TAMS 0x0000000795400000| PB 0x0000000795400000| Untracked |  0
| 683|0x0000000795600000, 0x0000000795800000, 0x0000000795800000|100%| O|  |TAMS 0x0000000795600000| PB 0x0000000795600000| Untracked |  0
| 684|0x0000000795800000, 0x0000000795a00000, 0x0000000795a00000|100%| O|  |TAMS 0x0000000795800000| PB 0x0000000795800000| Untracked |  0
| 685|0x0000000795a00000, 0x0000000795c00000, 0x0000000795c00000|100%| O|  |TAMS 0x0000000795a00000| PB 0x0000000795a00000| Untracked |  0
| 686|0x0000000795c00000, 0x0000000795e00000, 0x0000000795e00000|100%| O|  |TAMS 0x0000000795c00000| PB 0x0000000795c00000| Untracked |  0
| 687|0x0000000795e00000, 0x0000000796000000, 0x0000000796000000|100%| O|Cm|TAMS 0x0000000795e00000| PB 0x0000000795e00000| Complete |  0
| 688|0x0000000796000000, 0x0000000796000000, 0x0000000796200000|  0%| F|  |TAMS 0x0000000796000000| PB 0x0000000796000000| Untracked |  0
| 689|0x0000000796200000, 0x0000000796200000, 0x0000000796400000|  0%| F|  |TAMS 0x0000000796200000| PB 0x0000000796200000| Untracked |  0
| 690|0x0000000796400000, 0x0000000796400000, 0x0000000796600000|  0%| F|  |TAMS 0x0000000796400000| PB 0x0000000796400000| Untracked |  0
| 691|0x0000000796600000, 0x0000000796600000, 0x0000000796800000|  0%| F|  |TAMS 0x0000000796600000| PB 0x0000000796600000| Untracked |  0
| 692|0x0000000796800000, 0x0000000796800000, 0x0000000796a00000|  0%| F|  |TAMS 0x0000000796800000| PB 0x0000000796800000| Untracked |  0
| 693|0x0000000796a00000, 0x0000000796a00000, 0x0000000796c00000|  0%| F|  |TAMS 0x0000000796a00000| PB 0x0000000796a00000| Untracked |  0
| 694|0x0000000796c00000, 0x0000000796c00000, 0x0000000796e00000|  0%| F|  |TAMS 0x0000000796c00000| PB 0x0000000796c00000| Untracked |  0
| 695|0x0000000796e00000, 0x0000000796e00000, 0x0000000797000000|  0%| F|  |TAMS 0x0000000796e00000| PB 0x0000000796e00000| Untracked |  0
| 696|0x0000000797000000, 0x0000000797000000, 0x0000000797200000|  0%| F|  |TAMS 0x0000000797000000| PB 0x0000000797000000| Untracked |  0
| 697|0x0000000797200000, 0x0000000797200000, 0x0000000797400000|  0%| F|  |TAMS 0x0000000797200000| PB 0x0000000797200000| Untracked |  0
| 698|0x0000000797400000, 0x0000000797400000, 0x0000000797600000|  0%| F|  |TAMS 0x0000000797400000| PB 0x0000000797400000| Untracked |  0
| 699|0x0000000797600000, 0x0000000797600000, 0x0000000797800000|  0%| F|  |TAMS 0x0000000797600000| PB 0x0000000797600000| Untracked |  0
| 700|0x0000000797800000, 0x0000000797800000, 0x0000000797a00000|  0%| F|  |TAMS 0x0000000797800000| PB 0x0000000797800000| Untracked |  0
| 701|0x0000000797a00000, 0x0000000797a00000, 0x0000000797c00000|  0%| F|  |TAMS 0x0000000797a00000| PB 0x0000000797a00000| Untracked |  0
| 702|0x0000000797c00000, 0x0000000797c00000, 0x0000000797e00000|  0%| F|  |TAMS 0x0000000797c00000| PB 0x0000000797c00000| Untracked |  0
| 703|0x0000000797e00000, 0x0000000797e00000, 0x0000000798000000|  0%| F|  |TAMS 0x0000000797e00000| PB 0x0000000797e00000| Untracked |  0
| 704|0x0000000798000000, 0x0000000798000000, 0x0000000798200000|  0%| F|  |TAMS 0x0000000798000000| PB 0x0000000798000000| Untracked |  0
| 705|0x0000000798200000, 0x0000000798200000, 0x0000000798400000|  0%| F|  |TAMS 0x0000000798200000| PB 0x0000000798200000| Untracked |  0
| 706|0x0000000798400000, 0x0000000798400000, 0x0000000798600000|  0%| F|  |TAMS 0x0000000798400000| PB 0x0000000798400000| Untracked |  0
| 707|0x0000000798600000, 0x0000000798600000, 0x0000000798800000|  0%| F|  |TAMS 0x0000000798600000| PB 0x0000000798600000| Untracked |  0
| 708|0x0000000798800000, 0x0000000798800000, 0x0000000798a00000|  0%| F|  |TAMS 0x0000000798800000| PB 0x0000000798800000| Untracked |  0
| 709|0x0000000798a00000, 0x0000000798a00000, 0x0000000798c00000|  0%| F|  |TAMS 0x0000000798a00000| PB 0x0000000798a00000| Untracked |  0
| 710|0x0000000798c00000, 0x0000000798c00000, 0x0000000798e00000|  0%| F|  |TAMS 0x0000000798c00000| PB 0x0000000798c00000| Untracked |  0
| 711|0x0000000798e00000, 0x0000000798e00000, 0x0000000799000000|  0%| F|  |TAMS 0x0000000798e00000| PB 0x0000000798e00000| Untracked |  0
| 712|0x0000000799000000, 0x0000000799000000, 0x0000000799200000|  0%| F|  |TAMS 0x0000000799000000| PB 0x0000000799000000| Untracked |  0
| 713|0x0000000799200000, 0x0000000799200000, 0x0000000799400000|  0%| F|  |TAMS 0x0000000799200000| PB 0x0000000799200000| Untracked |  0
| 714|0x0000000799400000, 0x0000000799400000, 0x0000000799600000|  0%| F|  |TAMS 0x0000000799400000| PB 0x0000000799400000| Untracked |  0
| 715|0x0000000799600000, 0x0000000799600000, 0x0000000799800000|  0%| F|  |TAMS 0x0000000799600000| PB 0x0000000799600000| Untracked |  0
| 716|0x0000000799800000, 0x0000000799800000, 0x0000000799a00000|  0%| F|  |TAMS 0x0000000799800000| PB 0x0000000799800000| Untracked |  0
| 717|0x0000000799a00000, 0x0000000799a00000, 0x0000000799c00000|  0%| F|  |TAMS 0x0000000799a00000| PB 0x0000000799a00000| Untracked |  0
| 718|0x0000000799c00000, 0x0000000799c00000, 0x0000000799e00000|  0%| F|  |TAMS 0x0000000799c00000| PB 0x0000000799c00000| Untracked |  0
| 719|0x0000000799e00000, 0x0000000799e00000, 0x000000079a000000|  0%| F|  |TAMS 0x0000000799e00000| PB 0x0000000799e00000| Untracked |  0
| 720|0x000000079a000000, 0x000000079a000000, 0x000000079a200000|  0%| F|  |TAMS 0x000000079a000000| PB 0x000000079a000000| Untracked |  0
| 721|0x000000079a200000, 0x000000079a200000, 0x000000079a400000|  0%| F|  |TAMS 0x000000079a200000| PB 0x000000079a200000| Untracked |  0
| 722|0x000000079a400000, 0x000000079a400000, 0x000000079a600000|  0%| F|  |TAMS 0x000000079a400000| PB 0x000000079a400000| Untracked |  0
| 723|0x000000079a600000, 0x000000079a600000, 0x000000079a800000|  0%| F|  |TAMS 0x000000079a600000| PB 0x000000079a600000| Untracked |  0
| 724|0x000000079a800000, 0x000000079a800000, 0x000000079aa00000|  0%| F|  |TAMS 0x000000079a800000| PB 0x000000079a800000| Untracked |  0
| 725|0x000000079aa00000, 0x000000079aa00000, 0x000000079ac00000|  0%| F|  |TAMS 0x000000079aa00000| PB 0x000000079aa00000| Untracked |  0
| 726|0x000000079ac00000, 0x000000079ac00000, 0x000000079ae00000|  0%| F|  |TAMS 0x000000079ac00000| PB 0x000000079ac00000| Untracked |  0
| 727|0x000000079ae00000, 0x000000079ae00000, 0x000000079b000000|  0%| F|  |TAMS 0x000000079ae00000| PB 0x000000079ae00000| Untracked |  0
| 728|0x000000079b000000, 0x000000079b000000, 0x000000079b200000|  0%| F|  |TAMS 0x000000079b000000| PB 0x000000079b000000| Untracked |  0
| 729|0x000000079b200000, 0x000000079b200000, 0x000000079b400000|  0%| F|  |TAMS 0x000000079b200000| PB 0x000000079b200000| Untracked |  0
| 730|0x000000079b400000, 0x000000079b400000, 0x000000079b600000|  0%| F|  |TAMS 0x000000079b400000| PB 0x000000079b400000| Untracked |  0
| 731|0x000000079b600000, 0x000000079b600000, 0x000000079b800000|  0%| F|  |TAMS 0x000000079b600000| PB 0x000000079b600000| Untracked |  0
| 732|0x000000079b800000, 0x000000079b800000, 0x000000079ba00000|  0%| F|  |TAMS 0x000000079b800000| PB 0x000000079b800000| Untracked |  0
| 733|0x000000079ba00000, 0x000000079ba00000, 0x000000079bc00000|  0%| F|  |TAMS 0x000000079ba00000| PB 0x000000079ba00000| Untracked |  0
| 734|0x000000079bc00000, 0x000000079bc00000, 0x000000079be00000|  0%| F|  |TAMS 0x000000079bc00000| PB 0x000000079bc00000| Untracked |  0
| 735|0x000000079be00000, 0x000000079be00000, 0x000000079c000000|  0%| F|  |TAMS 0x000000079be00000| PB 0x000000079be00000| Untracked |  0
| 736|0x000000079c000000, 0x000000079c000000, 0x000000079c200000|  0%| F|  |TAMS 0x000000079c000000| PB 0x000000079c000000| Untracked |  0
| 737|0x000000079c200000, 0x000000079c200000, 0x000000079c400000|  0%| F|  |TAMS 0x000000079c200000| PB 0x000000079c200000| Untracked |  0
| 738|0x000000079c400000, 0x000000079c400000, 0x000000079c600000|  0%| F|  |TAMS 0x000000079c400000| PB 0x000000079c400000| Untracked |  0
| 739|0x000000079c600000, 0x000000079c600000, 0x000000079c800000|  0%| F|  |TAMS 0x000000079c600000| PB 0x000000079c600000| Untracked |  0
| 740|0x000000079c800000, 0x000000079c800000, 0x000000079ca00000|  0%| F|  |TAMS 0x000000079c800000| PB 0x000000079c800000| Untracked |  0
| 741|0x000000079ca00000, 0x000000079ca00000, 0x000000079cc00000|  0%| F|  |TAMS 0x000000079ca00000| PB 0x000000079ca00000| Untracked |  0
| 742|0x000000079cc00000, 0x000000079cc00000, 0x000000079ce00000|  0%| F|  |TAMS 0x000000079cc00000| PB 0x000000079cc00000| Untracked |  0
| 743|0x000000079ce00000, 0x000000079ce00000, 0x000000079d000000|  0%| F|  |TAMS 0x000000079ce00000| PB 0x000000079ce00000| Untracked |  0
| 744|0x000000079d000000, 0x000000079d000000, 0x000000079d200000|  0%| F|  |TAMS 0x000000079d000000| PB 0x000000079d000000| Untracked |  0
| 745|0x000000079d200000, 0x000000079d200000, 0x000000079d400000|  0%| F|  |TAMS 0x000000079d200000| PB 0x000000079d200000| Untracked |  0
| 746|0x000000079d400000, 0x000000079d400000, 0x000000079d600000|  0%| F|  |TAMS 0x000000079d400000| PB 0x000000079d400000| Untracked |  0
| 747|0x000000079d600000, 0x000000079d600000, 0x000000079d800000|  0%| F|  |TAMS 0x000000079d600000| PB 0x000000079d600000| Untracked |  0
| 748|0x000000079d800000, 0x000000079d800000, 0x000000079da00000|  0%| F|  |TAMS 0x000000079d800000| PB 0x000000079d800000| Untracked |  0
| 749|0x000000079da00000, 0x000000079da00000, 0x000000079dc00000|  0%| F|  |TAMS 0x000000079da00000| PB 0x000000079da00000| Untracked |  0
| 750|0x000000079dc00000, 0x000000079dc00000, 0x000000079de00000|  0%| F|  |TAMS 0x000000079dc00000| PB 0x000000079dc00000| Untracked |  0
| 751|0x000000079de00000, 0x000000079de00000, 0x000000079e000000|  0%| F|  |TAMS 0x000000079de00000| PB 0x000000079de00000| Untracked |  0
| 752|0x000000079e000000, 0x000000079e000000, 0x000000079e200000|  0%| F|  |TAMS 0x000000079e000000| PB 0x000000079e000000| Untracked |  0
| 753|0x000000079e200000, 0x000000079e3a6220, 0x000000079e400000| 82%| S|CS|TAMS 0x000000079e200000| PB 0x000000079e200000| Complete |  0
| 754|0x000000079e400000, 0x000000079e600000, 0x000000079e600000|100%| S|CS|TAMS 0x000000079e400000| PB 0x000000079e400000| Complete |  0
| 755|0x000000079e600000, 0x000000079e800000, 0x000000079e800000|100%| S|CS|TAMS 0x000000079e600000| PB 0x000000079e600000| Complete |  0
| 756|0x000000079e800000, 0x000000079ea00000, 0x000000079ea00000|100%| S|CS|TAMS 0x000000079e800000| PB 0x000000079e800000| Complete |  0
| 757|0x000000079ea00000, 0x000000079ec00000, 0x000000079ec00000|100%| S|CS|TAMS 0x000000079ea00000| PB 0x000000079ea00000| Complete |  0
| 758|0x000000079ec00000, 0x000000079ee00000, 0x000000079ee00000|100%| S|CS|TAMS 0x000000079ec00000| PB 0x000000079ec00000| Complete |  0
| 759|0x000000079ee00000, 0x000000079f000000, 0x000000079f000000|100%| S|CS|TAMS 0x000000079ee00000| PB 0x000000079ee00000| Complete |  0
| 760|0x000000079f000000, 0x000000079f200000, 0x000000079f200000|100%| S|CS|TAMS 0x000000079f000000| PB 0x000000079f000000| Complete |  0
| 761|0x000000079f200000, 0x000000079f400000, 0x000000079f400000|100%| S|CS|TAMS 0x000000079f200000| PB 0x000000079f200000| Complete |  0
| 762|0x000000079f400000, 0x000000079f600000, 0x000000079f600000|100%| S|CS|TAMS 0x000000079f400000| PB 0x000000079f400000| Complete |  0
| 763|0x000000079f600000, 0x000000079f800000, 0x000000079f800000|100%| S|CS|TAMS 0x000000079f600000| PB 0x000000079f600000| Complete |  0
| 764|0x000000079f800000, 0x000000079fa00000, 0x000000079fa00000|100%| S|CS|TAMS 0x000000079f800000| PB 0x000000079f800000| Complete |  0
| 765|0x000000079fa00000, 0x000000079fc00000, 0x000000079fc00000|100%| S|CS|TAMS 0x000000079fa00000| PB 0x000000079fa00000| Complete |  0
| 766|0x000000079fc00000, 0x000000079fc00000, 0x000000079fe00000|  0%| F|  |TAMS 0x000000079fc00000| PB 0x000000079fc00000| Untracked |  0
| 767|0x000000079fe00000, 0x000000079fe00000, 0x00000007a0000000|  0%| F|  |TAMS 0x000000079fe00000| PB 0x000000079fe00000| Untracked |  0
| 768|0x00000007a0000000, 0x00000007a0000000, 0x00000007a0200000|  0%| F|  |TAMS 0x00000007a0000000| PB 0x00000007a0000000| Untracked |  0
| 769|0x00000007a0200000, 0x00000007a0200000, 0x00000007a0400000|  0%| F|  |TAMS 0x00000007a0200000| PB 0x00000007a0200000| Untracked |  0
| 770|0x00000007a0400000, 0x00000007a0400000, 0x00000007a0600000|  0%| F|  |TAMS 0x00000007a0400000| PB 0x00000007a0400000| Untracked |  0
| 771|0x00000007a0600000, 0x00000007a0600000, 0x00000007a0800000|  0%| F|  |TAMS 0x00000007a0600000| PB 0x00000007a0600000| Untracked |  0
| 772|0x00000007a0800000, 0x00000007a0800000, 0x00000007a0a00000|  0%| F|  |TAMS 0x00000007a0800000| PB 0x00000007a0800000| Untracked |  0
| 773|0x00000007a0a00000, 0x00000007a0a00000, 0x00000007a0c00000|  0%| F|  |TAMS 0x00000007a0a00000| PB 0x00000007a0a00000| Untracked |  0
| 774|0x00000007a0c00000, 0x00000007a0c00000, 0x00000007a0e00000|  0%| F|  |TAMS 0x00000007a0c00000| PB 0x00000007a0c00000| Untracked |  0
| 775|0x00000007a0e00000, 0x00000007a0e00000, 0x00000007a1000000|  0%| F|  |TAMS 0x00000007a0e00000| PB 0x00000007a0e00000| Untracked |  0
| 776|0x00000007a1000000, 0x00000007a1000000, 0x00000007a1200000|  0%| F|  |TAMS 0x00000007a1000000| PB 0x00000007a1000000| Untracked |  0
| 777|0x00000007a1200000, 0x00000007a1200000, 0x00000007a1400000|  0%| F|  |TAMS 0x00000007a1200000| PB 0x00000007a1200000| Untracked |  0
| 778|0x00000007a1400000, 0x00000007a1400000, 0x00000007a1600000|  0%| F|  |TAMS 0x00000007a1400000| PB 0x00000007a1400000| Untracked |  0
| 779|0x00000007a1600000, 0x00000007a1600000, 0x00000007a1800000|  0%| F|  |TAMS 0x00000007a1600000| PB 0x00000007a1600000| Untracked |  0
| 780|0x00000007a1800000, 0x00000007a1800000, 0x00000007a1a00000|  0%| F|  |TAMS 0x00000007a1800000| PB 0x00000007a1800000| Untracked |  0
| 781|0x00000007a1a00000, 0x00000007a1a00000, 0x00000007a1c00000|  0%| F|  |TAMS 0x00000007a1a00000| PB 0x00000007a1a00000| Untracked |  0
| 782|0x00000007a1c00000, 0x00000007a1c00000, 0x00000007a1e00000|  0%| F|  |TAMS 0x00000007a1c00000| PB 0x00000007a1c00000| Untracked |  0
| 783|0x00000007a1e00000, 0x00000007a1e00000, 0x00000007a2000000|  0%| F|  |TAMS 0x00000007a1e00000| PB 0x00000007a1e00000| Untracked |  0
| 784|0x00000007a2000000, 0x00000007a2000000, 0x00000007a2200000|  0%| F|  |TAMS 0x00000007a2000000| PB 0x00000007a2000000| Untracked |  0
| 785|0x00000007a2200000, 0x00000007a2200000, 0x00000007a2400000|  0%| F|  |TAMS 0x00000007a2200000| PB 0x00000007a2200000| Untracked |  0
| 786|0x00000007a2400000, 0x00000007a2400000, 0x00000007a2600000|  0%| F|  |TAMS 0x00000007a2400000| PB 0x00000007a2400000| Untracked |  0
| 787|0x00000007a2600000, 0x00000007a2600000, 0x00000007a2800000|  0%| F|  |TAMS 0x00000007a2600000| PB 0x00000007a2600000| Untracked |  0
| 788|0x00000007a2800000, 0x00000007a2800000, 0x00000007a2a00000|  0%| F|  |TAMS 0x00000007a2800000| PB 0x00000007a2800000| Untracked |  0
| 789|0x00000007a2a00000, 0x00000007a2a00000, 0x00000007a2c00000|  0%| F|  |TAMS 0x00000007a2a00000| PB 0x00000007a2a00000| Untracked |  0
| 790|0x00000007a2c00000, 0x00000007a2c00000, 0x00000007a2e00000|  0%| F|  |TAMS 0x00000007a2c00000| PB 0x00000007a2c00000| Untracked |  0
| 791|0x00000007a2e00000, 0x00000007a2e00000, 0x00000007a3000000|  0%| F|  |TAMS 0x00000007a2e00000| PB 0x00000007a2e00000| Untracked |  0
| 792|0x00000007a3000000, 0x00000007a3000000, 0x00000007a3200000|  0%| F|  |TAMS 0x00000007a3000000| PB 0x00000007a3000000| Untracked |  0
| 793|0x00000007a3200000, 0x00000007a3200000, 0x00000007a3400000|  0%| F|  |TAMS 0x00000007a3200000| PB 0x00000007a3200000| Untracked |  0
| 794|0x00000007a3400000, 0x00000007a3400000, 0x00000007a3600000|  0%| F|  |TAMS 0x00000007a3400000| PB 0x00000007a3400000| Untracked |  0
| 795|0x00000007a3600000, 0x00000007a3600000, 0x00000007a3800000|  0%| F|  |TAMS 0x00000007a3600000| PB 0x00000007a3600000| Untracked |  0
| 796|0x00000007a3800000, 0x00000007a3800000, 0x00000007a3a00000|  0%| F|  |TAMS 0x00000007a3800000| PB 0x00000007a3800000| Untracked |  0
| 797|0x00000007a3a00000, 0x00000007a3a00000, 0x00000007a3c00000|  0%| F|  |TAMS 0x00000007a3a00000| PB 0x00000007a3a00000| Untracked |  0
| 798|0x00000007a3c00000, 0x00000007a3e00000, 0x00000007a3e00000|100%| S|CS|TAMS 0x00000007a3c00000| PB 0x00000007a3c00000| Complete |  0
| 799|0x00000007a3e00000, 0x00000007a4000000, 0x00000007a4000000|100%| S|CS|TAMS 0x00000007a3e00000| PB 0x00000007a3e00000| Complete |  0
| 800|0x00000007a4000000, 0x00000007a4200000, 0x00000007a4200000|100%| S|CS|TAMS 0x00000007a4000000| PB 0x00000007a4000000| Complete |  0
| 801|0x00000007a4200000, 0x00000007a4400000, 0x00000007a4400000|100%| S|CS|TAMS 0x00000007a4200000| PB 0x00000007a4200000| Complete |  0
| 802|0x00000007a4400000, 0x00000007a4600000, 0x00000007a4600000|100%| S|CS|TAMS 0x00000007a4400000| PB 0x00000007a4400000| Complete |  0
| 803|0x00000007a4600000, 0x00000007a4800000, 0x00000007a4800000|100%| S|CS|TAMS 0x00000007a4600000| PB 0x00000007a4600000| Complete |  0
| 804|0x00000007a4800000, 0x00000007a4a00000, 0x00000007a4a00000|100%| S|CS|TAMS 0x00000007a4800000| PB 0x00000007a4800000| Complete |  0
| 805|0x00000007a4a00000, 0x00000007a4c00000, 0x00000007a4c00000|100%| S|CS|TAMS 0x00000007a4a00000| PB 0x00000007a4a00000| Complete |  0
| 806|0x00000007a4c00000, 0x00000007a4e00000, 0x00000007a4e00000|100%| S|CS|TAMS 0x00000007a4c00000| PB 0x00000007a4c00000| Complete |  0
| 807|0x00000007a4e00000, 0x00000007a5000000, 0x00000007a5000000|100%| S|CS|TAMS 0x00000007a4e00000| PB 0x00000007a4e00000| Complete |  0
| 808|0x00000007a5000000, 0x00000007a5000000, 0x00000007a5200000|  0%| F|  |TAMS 0x00000007a5000000| PB 0x00000007a5000000| Untracked |  0
| 809|0x00000007a5200000, 0x00000007a5200000, 0x00000007a5400000|  0%| F|  |TAMS 0x00000007a5200000| PB 0x00000007a5200000| Untracked |  0
| 810|0x00000007a5400000, 0x00000007a5400000, 0x00000007a5600000|  0%| F|  |TAMS 0x00000007a5400000| PB 0x00000007a5400000| Untracked |  0
| 811|0x00000007a5600000, 0x00000007a5600000, 0x00000007a5800000|  0%| F|  |TAMS 0x00000007a5600000| PB 0x00000007a5600000| Untracked |  0
| 812|0x00000007a5800000, 0x00000007a5800000, 0x00000007a5a00000|  0%| F|  |TAMS 0x00000007a5800000| PB 0x00000007a5800000| Untracked |  0
| 813|0x00000007a5a00000, 0x00000007a5a00000, 0x00000007a5c00000|  0%| F|  |TAMS 0x00000007a5a00000| PB 0x00000007a5a00000| Untracked |  0
| 814|0x00000007a5c00000, 0x00000007a5c00000, 0x00000007a5e00000|  0%| F|  |TAMS 0x00000007a5c00000| PB 0x00000007a5c00000| Untracked |  0
| 815|0x00000007a5e00000, 0x00000007a5e00000, 0x00000007a6000000|  0%| F|  |TAMS 0x00000007a5e00000| PB 0x00000007a5e00000| Untracked |  0
| 816|0x00000007a6000000, 0x00000007a6000000, 0x00000007a6200000|  0%| F|  |TAMS 0x00000007a6000000| PB 0x00000007a6000000| Untracked |  0
| 817|0x00000007a6200000, 0x00000007a6200000, 0x00000007a6400000|  0%| F|  |TAMS 0x00000007a6200000| PB 0x00000007a6200000| Untracked |  0
| 818|0x00000007a6400000, 0x00000007a6400000, 0x00000007a6600000|  0%| F|  |TAMS 0x00000007a6400000| PB 0x00000007a6400000| Untracked |  0
| 819|0x00000007a6600000, 0x00000007a6600000, 0x00000007a6800000|  0%| F|  |TAMS 0x00000007a6600000| PB 0x00000007a6600000| Untracked |  0
| 820|0x00000007a6800000, 0x00000007a6800000, 0x00000007a6a00000|  0%| F|  |TAMS 0x00000007a6800000| PB 0x00000007a6800000| Untracked |  0
| 821|0x00000007a6a00000, 0x00000007a6a00000, 0x00000007a6c00000|  0%| F|  |TAMS 0x00000007a6a00000| PB 0x00000007a6a00000| Untracked |  0
| 822|0x00000007a6c00000, 0x00000007a6c00000, 0x00000007a6e00000|  0%| F|  |TAMS 0x00000007a6c00000| PB 0x00000007a6c00000| Untracked |  0
| 823|0x00000007a6e00000, 0x00000007a6e00000, 0x00000007a7000000|  0%| F|  |TAMS 0x00000007a6e00000| PB 0x00000007a6e00000| Untracked |  0
| 824|0x00000007a7000000, 0x00000007a7000000, 0x00000007a7200000|  0%| F|  |TAMS 0x00000007a7000000| PB 0x00000007a7000000| Untracked |  0
| 825|0x00000007a7200000, 0x00000007a7200000, 0x00000007a7400000|  0%| F|  |TAMS 0x00000007a7200000| PB 0x00000007a7200000| Untracked |  0
| 826|0x00000007a7400000, 0x00000007a7400000, 0x00000007a7600000|  0%| F|  |TAMS 0x00000007a7400000| PB 0x00000007a7400000| Untracked |  0
| 827|0x00000007a7600000, 0x00000007a7600000, 0x00000007a7800000|  0%| F|  |TAMS 0x00000007a7600000| PB 0x00000007a7600000| Untracked |  0
| 828|0x00000007a7800000, 0x00000007a7800000, 0x00000007a7a00000|  0%| F|  |TAMS 0x00000007a7800000| PB 0x00000007a7800000| Untracked |  0
| 829|0x00000007a7a00000, 0x00000007a7a00000, 0x00000007a7c00000|  0%| F|  |TAMS 0x00000007a7a00000| PB 0x00000007a7a00000| Untracked |  0
| 830|0x00000007a7c00000, 0x00000007a7c00000, 0x00000007a7e00000|  0%| F|  |TAMS 0x00000007a7c00000| PB 0x00000007a7c00000| Untracked |  0
| 831|0x00000007a7e00000, 0x00000007a7e00000, 0x00000007a8000000|  0%| F|  |TAMS 0x00000007a7e00000| PB 0x00000007a7e00000| Untracked |  0
| 832|0x00000007a8000000, 0x00000007a8000000, 0x00000007a8200000|  0%| F|  |TAMS 0x00000007a8000000| PB 0x00000007a8000000| Untracked |  0
| 833|0x00000007a8200000, 0x00000007a8200000, 0x00000007a8400000|  0%| F|  |TAMS 0x00000007a8200000| PB 0x00000007a8200000| Untracked |  0
| 834|0x00000007a8400000, 0x00000007a8400000, 0x00000007a8600000|  0%| F|  |TAMS 0x00000007a8400000| PB 0x00000007a8400000| Untracked |  0
| 835|0x00000007a8600000, 0x00000007a8600000, 0x00000007a8800000|  0%| F|  |TAMS 0x00000007a8600000| PB 0x00000007a8600000| Untracked |  0
| 836|0x00000007a8800000, 0x00000007a8800000, 0x00000007a8a00000|  0%| F|  |TAMS 0x00000007a8800000| PB 0x00000007a8800000| Untracked |  0
| 837|0x00000007a8a00000, 0x00000007a8a00000, 0x00000007a8c00000|  0%| F|  |TAMS 0x00000007a8a00000| PB 0x00000007a8a00000| Untracked |  0
| 838|0x00000007a8c00000, 0x00000007a8c00000, 0x00000007a8e00000|  0%| F|  |TAMS 0x00000007a8c00000| PB 0x00000007a8c00000| Untracked |  0
| 839|0x00000007a8e00000, 0x00000007a8e00000, 0x00000007a9000000|  0%| F|  |TAMS 0x00000007a8e00000| PB 0x00000007a8e00000| Untracked |  0
| 840|0x00000007a9000000, 0x00000007a9000000, 0x00000007a9200000|  0%| F|  |TAMS 0x00000007a9000000| PB 0x00000007a9000000| Untracked |  0
| 841|0x00000007a9200000, 0x00000007a9200000, 0x00000007a9400000|  0%| F|  |TAMS 0x00000007a9200000| PB 0x00000007a9200000| Untracked |  0
| 842|0x00000007a9400000, 0x00000007a9400000, 0x00000007a9600000|  0%| F|  |TAMS 0x00000007a9400000| PB 0x00000007a9400000| Untracked |  0
| 843|0x00000007a9600000, 0x00000007a9600000, 0x00000007a9800000|  0%| F|  |TAMS 0x00000007a9600000| PB 0x00000007a9600000| Untracked |  0
| 844|0x00000007a9800000, 0x00000007a9800000, 0x00000007a9a00000|  0%| F|  |TAMS 0x00000007a9800000| PB 0x00000007a9800000| Untracked |  0
| 845|0x00000007a9a00000, 0x00000007a9a00000, 0x00000007a9c00000|  0%| F|  |TAMS 0x00000007a9a00000| PB 0x00000007a9a00000| Untracked |  0
| 846|0x00000007a9c00000, 0x00000007a9c00000, 0x00000007a9e00000|  0%| F|  |TAMS 0x00000007a9c00000| PB 0x00000007a9c00000| Untracked |  0
| 847|0x00000007a9e00000, 0x00000007a9e00000, 0x00000007aa000000|  0%| F|  |TAMS 0x00000007a9e00000| PB 0x00000007a9e00000| Untracked |  0
| 848|0x00000007aa000000, 0x00000007aa000000, 0x00000007aa200000|  0%| F|  |TAMS 0x00000007aa000000| PB 0x00000007aa000000| Untracked |  0
| 849|0x00000007aa200000, 0x00000007aa200000, 0x00000007aa400000|  0%| F|  |TAMS 0x00000007aa200000| PB 0x00000007aa200000| Untracked |  0
| 850|0x00000007aa400000, 0x00000007aa400000, 0x00000007aa600000|  0%| F|  |TAMS 0x00000007aa400000| PB 0x00000007aa400000| Untracked |  0
| 851|0x00000007aa600000, 0x00000007aa600000, 0x00000007aa800000|  0%| F|  |TAMS 0x00000007aa600000| PB 0x00000007aa600000| Untracked |  0
| 852|0x00000007aa800000, 0x00000007aa800000, 0x00000007aaa00000|  0%| F|  |TAMS 0x00000007aa800000| PB 0x00000007aa800000| Untracked |  0
| 853|0x00000007aaa00000, 0x00000007aaa00000, 0x00000007aac00000|  0%| F|  |TAMS 0x00000007aaa00000| PB 0x00000007aaa00000| Untracked |  0
| 854|0x00000007aac00000, 0x00000007aac00000, 0x00000007aae00000|  0%| F|  |TAMS 0x00000007aac00000| PB 0x00000007aac00000| Untracked |  0
| 855|0x00000007aae00000, 0x00000007aae00000, 0x00000007ab000000|  0%| F|  |TAMS 0x00000007aae00000| PB 0x00000007aae00000| Untracked |  0
| 856|0x00000007ab000000, 0x00000007ab000000, 0x00000007ab200000|  0%| F|  |TAMS 0x00000007ab000000| PB 0x00000007ab000000| Untracked |  0
| 857|0x00000007ab200000, 0x00000007ab200000, 0x00000007ab400000|  0%| F|  |TAMS 0x00000007ab200000| PB 0x00000007ab200000| Untracked |  0
| 858|0x00000007ab400000, 0x00000007ab400000, 0x00000007ab600000|  0%| F|  |TAMS 0x00000007ab400000| PB 0x00000007ab400000| Untracked |  0
| 859|0x00000007ab600000, 0x00000007ab600000, 0x00000007ab800000|  0%| F|  |TAMS 0x00000007ab600000| PB 0x00000007ab600000| Untracked |  0
| 860|0x00000007ab800000, 0x00000007ab800000, 0x00000007aba00000|  0%| F|  |TAMS 0x00000007ab800000| PB 0x00000007ab800000| Untracked |  0
| 861|0x00000007aba00000, 0x00000007aba00000, 0x00000007abc00000|  0%| F|  |TAMS 0x00000007aba00000| PB 0x00000007aba00000| Untracked |  0
| 862|0x00000007abc00000, 0x00000007abc00000, 0x00000007abe00000|  0%| F|  |TAMS 0x00000007abc00000| PB 0x00000007abc00000| Untracked |  0
| 863|0x00000007abe00000, 0x00000007abe00000, 0x00000007ac000000|  0%| F|  |TAMS 0x00000007abe00000| PB 0x00000007abe00000| Untracked |  0
| 864|0x00000007ac000000, 0x00000007ac000000, 0x00000007ac200000|  0%| F|  |TAMS 0x00000007ac000000| PB 0x00000007ac000000| Untracked |  0
| 865|0x00000007ac200000, 0x00000007ac200000, 0x00000007ac400000|  0%| F|  |TAMS 0x00000007ac200000| PB 0x00000007ac200000| Untracked |  0
| 866|0x00000007ac400000, 0x00000007ac400000, 0x00000007ac600000|  0%| F|  |TAMS 0x00000007ac400000| PB 0x00000007ac400000| Untracked |  0
| 867|0x00000007ac600000, 0x00000007ac600000, 0x00000007ac800000|  0%| F|  |TAMS 0x00000007ac600000| PB 0x00000007ac600000| Untracked |  0
| 868|0x00000007ac800000, 0x00000007ac800000, 0x00000007aca00000|  0%| F|  |TAMS 0x00000007ac800000| PB 0x00000007ac800000| Untracked |  0
| 869|0x00000007aca00000, 0x00000007aca00000, 0x00000007acc00000|  0%| F|  |TAMS 0x00000007aca00000| PB 0x00000007aca00000| Untracked |  0
| 870|0x00000007acc00000, 0x00000007acc00000, 0x00000007ace00000|  0%| F|  |TAMS 0x00000007acc00000| PB 0x00000007acc00000| Untracked |  0
| 871|0x00000007ace00000, 0x00000007ace00000, 0x00000007ad000000|  0%| F|  |TAMS 0x00000007ace00000| PB 0x00000007ace00000| Untracked |  0
| 872|0x00000007ad000000, 0x00000007ad000000, 0x00000007ad200000|  0%| F|  |TAMS 0x00000007ad000000| PB 0x00000007ad000000| Untracked |  0
| 873|0x00000007ad200000, 0x00000007ad200000, 0x00000007ad400000|  0%| F|  |TAMS 0x00000007ad200000| PB 0x00000007ad200000| Untracked |  0
| 874|0x00000007ad400000, 0x00000007ad400000, 0x00000007ad600000|  0%| F|  |TAMS 0x00000007ad400000| PB 0x00000007ad400000| Untracked |  0
| 875|0x00000007ad600000, 0x00000007ad600000, 0x00000007ad800000|  0%| F|  |TAMS 0x00000007ad600000| PB 0x00000007ad600000| Untracked |  0
| 876|0x00000007ad800000, 0x00000007ad800000, 0x00000007ada00000|  0%| F|  |TAMS 0x00000007ad800000| PB 0x00000007ad800000| Untracked |  0
| 877|0x00000007ada00000, 0x00000007ada00000, 0x00000007adc00000|  0%| F|  |TAMS 0x00000007ada00000| PB 0x00000007ada00000| Untracked |  0
| 878|0x00000007adc00000, 0x00000007adc00000, 0x00000007ade00000|  0%| F|  |TAMS 0x00000007adc00000| PB 0x00000007adc00000| Untracked |  0
| 879|0x00000007ade00000, 0x00000007ade00000, 0x00000007ae000000|  0%| F|  |TAMS 0x00000007ade00000| PB 0x00000007ade00000| Untracked |  0
| 880|0x00000007ae000000, 0x00000007ae000000, 0x00000007ae200000|  0%| F|  |TAMS 0x00000007ae000000| PB 0x00000007ae000000| Untracked |  0
| 881|0x00000007ae200000, 0x00000007ae200000, 0x00000007ae400000|  0%| F|  |TAMS 0x00000007ae200000| PB 0x00000007ae200000| Untracked |  0
| 882|0x00000007ae400000, 0x00000007ae400000, 0x00000007ae600000|  0%| F|  |TAMS 0x00000007ae400000| PB 0x00000007ae400000| Untracked |  0
| 883|0x00000007ae600000, 0x00000007ae600000, 0x00000007ae800000|  0%| F|  |TAMS 0x00000007ae600000| PB 0x00000007ae600000| Untracked |  0
| 884|0x00000007ae800000, 0x00000007ae800000, 0x00000007aea00000|  0%| F|  |TAMS 0x00000007ae800000| PB 0x00000007ae800000| Untracked |  0
| 885|0x00000007aea00000, 0x00000007aea00000, 0x00000007aec00000|  0%| F|  |TAMS 0x00000007aea00000| PB 0x00000007aea00000| Untracked |  0
| 886|0x00000007aec00000, 0x00000007aec00000, 0x00000007aee00000|  0%| F|  |TAMS 0x00000007aec00000| PB 0x00000007aec00000| Untracked |  0
| 887|0x00000007aee00000, 0x00000007aee00000, 0x00000007af000000|  0%| F|  |TAMS 0x00000007aee00000| PB 0x00000007aee00000| Untracked |  0
| 888|0x00000007af000000, 0x00000007af000000, 0x00000007af200000|  0%| F|  |TAMS 0x00000007af000000| PB 0x00000007af000000| Untracked |  0
| 889|0x00000007af200000, 0x00000007af200000, 0x00000007af400000|  0%| F|  |TAMS 0x00000007af200000| PB 0x00000007af200000| Untracked |  0
| 890|0x00000007af400000, 0x00000007af400000, 0x00000007af600000|  0%| F|  |TAMS 0x00000007af400000| PB 0x00000007af400000| Untracked |  0
| 891|0x00000007af600000, 0x00000007af600000, 0x00000007af800000|  0%| F|  |TAMS 0x00000007af600000| PB 0x00000007af600000| Untracked |  0
| 892|0x00000007af800000, 0x00000007af800000, 0x00000007afa00000|  0%| F|  |TAMS 0x00000007af800000| PB 0x00000007af800000| Untracked |  0
| 893|0x00000007afa00000, 0x00000007afa00000, 0x00000007afc00000|  0%| F|  |TAMS 0x00000007afa00000| PB 0x00000007afa00000| Untracked |  0
| 894|0x00000007afc00000, 0x00000007afc00000, 0x00000007afe00000|  0%| F|  |TAMS 0x00000007afc00000| PB 0x00000007afc00000| Untracked |  0
| 895|0x00000007afe00000, 0x00000007afe00000, 0x00000007b0000000|  0%| F|  |TAMS 0x00000007afe00000| PB 0x00000007afe00000| Untracked |  0
| 896|0x00000007b0000000, 0x00000007b0000000, 0x00000007b0200000|  0%| F|  |TAMS 0x00000007b0000000| PB 0x00000007b0000000| Untracked |  0
| 897|0x00000007b0200000, 0x00000007b0200000, 0x00000007b0400000|  0%| F|  |TAMS 0x00000007b0200000| PB 0x00000007b0200000| Untracked |  0
| 898|0x00000007b0400000, 0x00000007b0400000, 0x00000007b0600000|  0%| F|  |TAMS 0x00000007b0400000| PB 0x00000007b0400000| Untracked |  0
| 899|0x00000007b0600000, 0x00000007b0600000, 0x00000007b0800000|  0%| F|  |TAMS 0x00000007b0600000| PB 0x00000007b0600000| Untracked |  0
| 900|0x00000007b0800000, 0x00000007b0800000, 0x00000007b0a00000|  0%| F|  |TAMS 0x00000007b0800000| PB 0x00000007b0800000| Untracked |  0
| 901|0x00000007b0a00000, 0x00000007b0a00000, 0x00000007b0c00000|  0%| F|  |TAMS 0x00000007b0a00000| PB 0x00000007b0a00000| Untracked |  0
| 902|0x00000007b0c00000, 0x00000007b0c00000, 0x00000007b0e00000|  0%| F|  |TAMS 0x00000007b0c00000| PB 0x00000007b0c00000| Untracked |  0
| 903|0x00000007b0e00000, 0x00000007b0e00000, 0x00000007b1000000|  0%| F|  |TAMS 0x00000007b0e00000| PB 0x00000007b0e00000| Untracked |  0
| 904|0x00000007b1000000, 0x00000007b1000000, 0x00000007b1200000|  0%| F|  |TAMS 0x00000007b1000000| PB 0x00000007b1000000| Untracked |  0
| 905|0x00000007b1200000, 0x00000007b1200000, 0x00000007b1400000|  0%| F|  |TAMS 0x00000007b1200000| PB 0x00000007b1200000| Untracked |  0
| 906|0x00000007b1400000, 0x00000007b1400000, 0x00000007b1600000|  0%| F|  |TAMS 0x00000007b1400000| PB 0x00000007b1400000| Untracked |  0
| 907|0x00000007b1600000, 0x00000007b1600000, 0x00000007b1800000|  0%| F|  |TAMS 0x00000007b1600000| PB 0x00000007b1600000| Untracked |  0
| 908|0x00000007b1800000, 0x00000007b1800000, 0x00000007b1a00000|  0%| F|  |TAMS 0x00000007b1800000| PB 0x00000007b1800000| Untracked |  0
| 909|0x00000007b1a00000, 0x00000007b1a00000, 0x00000007b1c00000|  0%| F|  |TAMS 0x00000007b1a00000| PB 0x00000007b1a00000| Untracked |  0
| 910|0x00000007b1c00000, 0x00000007b1c00000, 0x00000007b1e00000|  0%| F|  |TAMS 0x00000007b1c00000| PB 0x00000007b1c00000| Untracked |  0
| 911|0x00000007b1e00000, 0x00000007b1e00000, 0x00000007b2000000|  0%| F|  |TAMS 0x00000007b1e00000| PB 0x00000007b1e00000| Untracked |  0
| 912|0x00000007b2000000, 0x00000007b2000000, 0x00000007b2200000|  0%| F|  |TAMS 0x00000007b2000000| PB 0x00000007b2000000| Untracked |  0
| 913|0x00000007b2200000, 0x00000007b2200000, 0x00000007b2400000|  0%| F|  |TAMS 0x00000007b2200000| PB 0x00000007b2200000| Untracked |  0
| 914|0x00000007b2400000, 0x00000007b2400000, 0x00000007b2600000|  0%| F|  |TAMS 0x00000007b2400000| PB 0x00000007b2400000| Untracked |  0
| 915|0x00000007b2600000, 0x00000007b2600000, 0x00000007b2800000|  0%| F|  |TAMS 0x00000007b2600000| PB 0x00000007b2600000| Untracked |  0
| 916|0x00000007b2800000, 0x00000007b2800000, 0x00000007b2a00000|  0%| F|  |TAMS 0x00000007b2800000| PB 0x00000007b2800000| Untracked |  0
| 917|0x00000007b2a00000, 0x00000007b2a00000, 0x00000007b2c00000|  0%| F|  |TAMS 0x00000007b2a00000| PB 0x00000007b2a00000| Untracked |  0
| 918|0x00000007b2c00000, 0x00000007b2c00000, 0x00000007b2e00000|  0%| F|  |TAMS 0x00000007b2c00000| PB 0x00000007b2c00000| Untracked |  0
| 919|0x00000007b2e00000, 0x00000007b2e00000, 0x00000007b3000000|  0%| F|  |TAMS 0x00000007b2e00000| PB 0x00000007b2e00000| Untracked |  0
| 920|0x00000007b3000000, 0x00000007b3000000, 0x00000007b3200000|  0%| F|  |TAMS 0x00000007b3000000| PB 0x00000007b3000000| Untracked |  0
| 921|0x00000007b3200000, 0x00000007b3200000, 0x00000007b3400000|  0%| F|  |TAMS 0x00000007b3200000| PB 0x00000007b3200000| Untracked |  0
| 922|0x00000007b3400000, 0x00000007b3400000, 0x00000007b3600000|  0%| F|  |TAMS 0x00000007b3400000| PB 0x00000007b3400000| Untracked |  0
| 923|0x00000007b3600000, 0x00000007b3600000, 0x00000007b3800000|  0%| F|  |TAMS 0x00000007b3600000| PB 0x00000007b3600000| Untracked |  0
| 924|0x00000007b3800000, 0x00000007b3800000, 0x00000007b3a00000|  0%| F|  |TAMS 0x00000007b3800000| PB 0x00000007b3800000| Untracked |  0
| 925|0x00000007b3a00000, 0x00000007b3a00000, 0x00000007b3c00000|  0%| F|  |TAMS 0x00000007b3a00000| PB 0x00000007b3a00000| Untracked |  0
| 926|0x00000007b3c00000, 0x00000007b3c00000, 0x00000007b3e00000|  0%| F|  |TAMS 0x00000007b3c00000| PB 0x00000007b3c00000| Untracked |  0
| 927|0x00000007b3e00000, 0x00000007b3e00000, 0x00000007b4000000|  0%| F|  |TAMS 0x00000007b3e00000| PB 0x00000007b3e00000| Untracked |  0
| 928|0x00000007b4000000, 0x00000007b4000000, 0x00000007b4200000|  0%| F|  |TAMS 0x00000007b4000000| PB 0x00000007b4000000| Untracked |  0
| 929|0x00000007b4200000, 0x00000007b4200000, 0x00000007b4400000|  0%| F|  |TAMS 0x00000007b4200000| PB 0x00000007b4200000| Untracked |  0
| 930|0x00000007b4400000, 0x00000007b4400000, 0x00000007b4600000|  0%| F|  |TAMS 0x00000007b4400000| PB 0x00000007b4400000| Untracked |  0
| 931|0x00000007b4600000, 0x00000007b4600000, 0x00000007b4800000|  0%| F|  |TAMS 0x00000007b4600000| PB 0x00000007b4600000| Untracked |  0
| 932|0x00000007b4800000, 0x00000007b4800000, 0x00000007b4a00000|  0%| F|  |TAMS 0x00000007b4800000| PB 0x00000007b4800000| Untracked |  0
| 933|0x00000007b4a00000, 0x00000007b4a00000, 0x00000007b4c00000|  0%| F|  |TAMS 0x00000007b4a00000| PB 0x00000007b4a00000| Untracked |  0
| 934|0x00000007b4c00000, 0x00000007b4c00000, 0x00000007b4e00000|  0%| F|  |TAMS 0x00000007b4c00000| PB 0x00000007b4c00000| Untracked |  0
| 935|0x00000007b4e00000, 0x00000007b4e00000, 0x00000007b5000000|  0%| F|  |TAMS 0x00000007b4e00000| PB 0x00000007b4e00000| Untracked |  0
| 936|0x00000007b5000000, 0x00000007b5000000, 0x00000007b5200000|  0%| F|  |TAMS 0x00000007b5000000| PB 0x00000007b5000000| Untracked |  0
| 937|0x00000007b5200000, 0x00000007b5200000, 0x00000007b5400000|  0%| F|  |TAMS 0x00000007b5200000| PB 0x00000007b5200000| Untracked |  0
| 938|0x00000007b5400000, 0x00000007b5400000, 0x00000007b5600000|  0%| F|  |TAMS 0x00000007b5400000| PB 0x00000007b5400000| Untracked |  0
| 939|0x00000007b5600000, 0x00000007b5600000, 0x00000007b5800000|  0%| F|  |TAMS 0x00000007b5600000| PB 0x00000007b5600000| Untracked |  0
| 940|0x00000007b5800000, 0x00000007b5800000, 0x00000007b5a00000|  0%| F|  |TAMS 0x00000007b5800000| PB 0x00000007b5800000| Untracked |  0
| 941|0x00000007b5a00000, 0x00000007b5a00000, 0x00000007b5c00000|  0%| F|  |TAMS 0x00000007b5a00000| PB 0x00000007b5a00000| Untracked |  0
| 942|0x00000007b5c00000, 0x00000007b5c00000, 0x00000007b5e00000|  0%| F|  |TAMS 0x00000007b5c00000| PB 0x00000007b5c00000| Untracked |  0
| 943|0x00000007b5e00000, 0x00000007b5e00000, 0x00000007b6000000|  0%| F|  |TAMS 0x00000007b5e00000| PB 0x00000007b5e00000| Untracked |  0
| 944|0x00000007b6000000, 0x00000007b6000000, 0x00000007b6200000|  0%| F|  |TAMS 0x00000007b6000000| PB 0x00000007b6000000| Untracked |  0
| 945|0x00000007b6200000, 0x00000007b6200000, 0x00000007b6400000|  0%| F|  |TAMS 0x00000007b6200000| PB 0x00000007b6200000| Untracked |  0
| 946|0x00000007b6400000, 0x00000007b6400000, 0x00000007b6600000|  0%| F|  |TAMS 0x00000007b6400000| PB 0x00000007b6400000| Untracked |  0
| 947|0x00000007b6600000, 0x00000007b6600000, 0x00000007b6800000|  0%| F|  |TAMS 0x00000007b6600000| PB 0x00000007b6600000| Untracked |  0
| 948|0x00000007b6800000, 0x00000007b6800000, 0x00000007b6a00000|  0%| F|  |TAMS 0x00000007b6800000| PB 0x00000007b6800000| Untracked |  0
| 949|0x00000007b6a00000, 0x00000007b6a00000, 0x00000007b6c00000|  0%| F|  |TAMS 0x00000007b6a00000| PB 0x00000007b6a00000| Untracked |  0
| 950|0x00000007b6c00000, 0x00000007b6c00000, 0x00000007b6e00000|  0%| F|  |TAMS 0x00000007b6c00000| PB 0x00000007b6c00000| Untracked |  0
| 951|0x00000007b6e00000, 0x00000007b6e00000, 0x00000007b7000000|  0%| F|  |TAMS 0x00000007b6e00000| PB 0x00000007b6e00000| Untracked |  0
| 952|0x00000007b7000000, 0x00000007b7000000, 0x00000007b7200000|  0%| F|  |TAMS 0x00000007b7000000| PB 0x00000007b7000000| Untracked |  0
| 953|0x00000007b7200000, 0x00000007b7200000, 0x00000007b7400000|  0%| F|  |TAMS 0x00000007b7200000| PB 0x00000007b7200000| Untracked |  0
| 954|0x00000007b7400000, 0x00000007b7400000, 0x00000007b7600000|  0%| F|  |TAMS 0x00000007b7400000| PB 0x00000007b7400000| Untracked |  0
| 955|0x00000007b7600000, 0x00000007b7600000, 0x00000007b7800000|  0%| F|  |TAMS 0x00000007b7600000| PB 0x00000007b7600000| Untracked |  0
| 956|0x00000007b7800000, 0x00000007b7800000, 0x00000007b7a00000|  0%| F|  |TAMS 0x00000007b7800000| PB 0x00000007b7800000| Untracked |  0
| 957|0x00000007b7a00000, 0x00000007b7a00000, 0x00000007b7c00000|  0%| F|  |TAMS 0x00000007b7a00000| PB 0x00000007b7a00000| Untracked |  0
| 958|0x00000007b7c00000, 0x00000007b7c00000, 0x00000007b7e00000|  0%| F|  |TAMS 0x00000007b7c00000| PB 0x00000007b7c00000| Untracked |  0
| 959|0x00000007b7e00000, 0x00000007b7e00000, 0x00000007b8000000|  0%| F|  |TAMS 0x00000007b7e00000| PB 0x00000007b7e00000| Untracked |  0
| 960|0x00000007b8000000, 0x00000007b8000000, 0x00000007b8200000|  0%| F|  |TAMS 0x00000007b8000000| PB 0x00000007b8000000| Untracked |  0
| 961|0x00000007b8200000, 0x00000007b8200000, 0x00000007b8400000|  0%| F|  |TAMS 0x00000007b8200000| PB 0x00000007b8200000| Untracked |  0
| 962|0x00000007b8400000, 0x00000007b8400000, 0x00000007b8600000|  0%| F|  |TAMS 0x00000007b8400000| PB 0x00000007b8400000| Untracked |  0
| 963|0x00000007b8600000, 0x00000007b8600000, 0x00000007b8800000|  0%| F|  |TAMS 0x00000007b8600000| PB 0x00000007b8600000| Untracked |  0
| 964|0x00000007b8800000, 0x00000007b8800000, 0x00000007b8a00000|  0%| F|  |TAMS 0x00000007b8800000| PB 0x00000007b8800000| Untracked |  0
| 965|0x00000007b8a00000, 0x00000007b8a00000, 0x00000007b8c00000|  0%| F|  |TAMS 0x00000007b8a00000| PB 0x00000007b8a00000| Untracked |  0
| 966|0x00000007b8c00000, 0x00000007b8c00000, 0x00000007b8e00000|  0%| F|  |TAMS 0x00000007b8c00000| PB 0x00000007b8c00000| Untracked |  0
| 967|0x00000007b8e00000, 0x00000007b8e00000, 0x00000007b9000000|  0%| F|  |TAMS 0x00000007b8e00000| PB 0x00000007b8e00000| Untracked |  0
| 968|0x00000007b9000000, 0x00000007b9000000, 0x00000007b9200000|  0%| F|  |TAMS 0x00000007b9000000| PB 0x00000007b9000000| Untracked |  0
| 969|0x00000007b9200000, 0x00000007b9200000, 0x00000007b9400000|  0%| F|  |TAMS 0x00000007b9200000| PB 0x00000007b9200000| Untracked |  0
| 970|0x00000007b9400000, 0x00000007b9400000, 0x00000007b9600000|  0%| F|  |TAMS 0x00000007b9400000| PB 0x00000007b9400000| Untracked |  0
| 971|0x00000007b9600000, 0x00000007b9600000, 0x00000007b9800000|  0%| F|  |TAMS 0x00000007b9600000| PB 0x00000007b9600000| Untracked |  0
| 972|0x00000007b9800000, 0x00000007b9800000, 0x00000007b9a00000|  0%| F|  |TAMS 0x00000007b9800000| PB 0x00000007b9800000| Untracked |  0
| 973|0x00000007b9a00000, 0x00000007b9a00000, 0x00000007b9c00000|  0%| F|  |TAMS 0x00000007b9a00000| PB 0x00000007b9a00000| Untracked |  0
| 974|0x00000007b9c00000, 0x00000007b9c00000, 0x00000007b9e00000|  0%| F|  |TAMS 0x00000007b9c00000| PB 0x00000007b9c00000| Untracked |  0
| 975|0x00000007b9e00000, 0x00000007b9e00000, 0x00000007ba000000|  0%| F|  |TAMS 0x00000007b9e00000| PB 0x00000007b9e00000| Untracked |  0
| 976|0x00000007ba000000, 0x00000007ba000000, 0x00000007ba200000|  0%| F|  |TAMS 0x00000007ba000000| PB 0x00000007ba000000| Untracked |  0
| 977|0x00000007ba200000, 0x00000007ba200000, 0x00000007ba400000|  0%| F|  |TAMS 0x00000007ba200000| PB 0x00000007ba200000| Untracked |  0
| 978|0x00000007ba400000, 0x00000007ba400000, 0x00000007ba600000|  0%| F|  |TAMS 0x00000007ba400000| PB 0x00000007ba400000| Untracked |  0
| 979|0x00000007ba600000, 0x00000007ba600000, 0x00000007ba800000|  0%| F|  |TAMS 0x00000007ba600000| PB 0x00000007ba600000| Untracked |  0
| 980|0x00000007ba800000, 0x00000007ba800000, 0x00000007baa00000|  0%| F|  |TAMS 0x00000007ba800000| PB 0x00000007ba800000| Untracked |  0
| 981|0x00000007baa00000, 0x00000007baa00000, 0x00000007bac00000|  0%| F|  |TAMS 0x00000007baa00000| PB 0x00000007baa00000| Untracked |  0
| 982|0x00000007bac00000, 0x00000007bac00000, 0x00000007bae00000|  0%| F|  |TAMS 0x00000007bac00000| PB 0x00000007bac00000| Untracked |  0
| 983|0x00000007bae00000, 0x00000007bae00000, 0x00000007bb000000|  0%| F|  |TAMS 0x00000007bae00000| PB 0x00000007bae00000| Untracked |  0
| 984|0x00000007bb000000, 0x00000007bb000000, 0x00000007bb200000|  0%| F|  |TAMS 0x00000007bb000000| PB 0x00000007bb000000| Untracked |  0
| 985|0x00000007bb200000, 0x00000007bb200000, 0x00000007bb400000|  0%| F|  |TAMS 0x00000007bb200000| PB 0x00000007bb200000| Untracked |  0
| 986|0x00000007bb400000, 0x00000007bb400000, 0x00000007bb600000|  0%| F|  |TAMS 0x00000007bb400000| PB 0x00000007bb400000| Untracked |  0
| 987|0x00000007bb600000, 0x00000007bb600000, 0x00000007bb800000|  0%| F|  |TAMS 0x00000007bb600000| PB 0x00000007bb600000| Untracked |  0
| 988|0x00000007bb800000, 0x00000007bb800000, 0x00000007bba00000|  0%| F|  |TAMS 0x00000007bb800000| PB 0x00000007bb800000| Untracked |  0
| 989|0x00000007bba00000, 0x00000007bba00000, 0x00000007bbc00000|  0%| F|  |TAMS 0x00000007bba00000| PB 0x00000007bba00000| Untracked |  0
| 990|0x00000007bbc00000, 0x00000007bbc00000, 0x00000007bbe00000|  0%| F|  |TAMS 0x00000007bbc00000| PB 0x00000007bbc00000| Untracked |  0
| 991|0x00000007bbe00000, 0x00000007bbe00000, 0x00000007bc000000|  0%| F|  |TAMS 0x00000007bbe00000| PB 0x00000007bbe00000| Untracked |  0
| 992|0x00000007bc000000, 0x00000007bc000000, 0x00000007bc200000|  0%| F|  |TAMS 0x00000007bc000000| PB 0x00000007bc000000| Untracked |  0
| 993|0x00000007bc200000, 0x00000007bc200000, 0x00000007bc400000|  0%| F|  |TAMS 0x00000007bc200000| PB 0x00000007bc200000| Untracked |  0
| 994|0x00000007bc400000, 0x00000007bc400000, 0x00000007bc600000|  0%| F|  |TAMS 0x00000007bc400000| PB 0x00000007bc400000| Untracked |  0
| 995|0x00000007bc600000, 0x00000007bc600000, 0x00000007bc800000|  0%| F|  |TAMS 0x00000007bc600000| PB 0x00000007bc600000| Untracked |  0
| 996|0x00000007bc800000, 0x00000007bc800000, 0x00000007bca00000|  0%| F|  |TAMS 0x00000007bc800000| PB 0x00000007bc800000| Untracked |  0
| 997|0x00000007bca00000, 0x00000007bca00000, 0x00000007bcc00000|  0%| F|  |TAMS 0x00000007bca00000| PB 0x00000007bca00000| Untracked |  0
| 998|0x00000007bcc00000, 0x00000007bcc00000, 0x00000007bce00000|  0%| F|  |TAMS 0x00000007bcc00000| PB 0x00000007bcc00000| Untracked |  0
| 999|0x00000007bce00000, 0x00000007bce00000, 0x00000007bd000000|  0%| F|  |TAMS 0x00000007bce00000| PB 0x00000007bce00000| Untracked |  0
|1000|0x00000007bd000000, 0x00000007bd000000, 0x00000007bd200000|  0%| F|  |TAMS 0x00000007bd000000| PB 0x00000007bd000000| Untracked |  0
|1001|0x00000007bd200000, 0x00000007bd200000, 0x00000007bd400000|  0%| F|  |TAMS 0x00000007bd200000| PB 0x00000007bd200000| Untracked |  0
|1002|0x00000007bd400000, 0x00000007bd400000, 0x00000007bd600000|  0%| F|  |TAMS 0x00000007bd400000| PB 0x00000007bd400000| Untracked |  0
|1003|0x00000007bd600000, 0x00000007bd600000, 0x00000007bd800000|  0%| F|  |TAMS 0x00000007bd600000| PB 0x00000007bd600000| Untracked |  0
|1004|0x00000007bd800000, 0x00000007bd800000, 0x00000007bda00000|  0%| F|  |TAMS 0x00000007bd800000| PB 0x00000007bd800000| Untracked |  0
|1005|0x00000007bda00000, 0x00000007bda00000, 0x00000007bdc00000|  0%| F|  |TAMS 0x00000007bda00000| PB 0x00000007bda00000| Untracked |  0
|1006|0x00000007bdc00000, 0x00000007bdc00000, 0x00000007bde00000|  0%| F|  |TAMS 0x00000007bdc00000| PB 0x00000007bdc00000| Untracked |  0
|1007|0x00000007bde00000, 0x00000007bde00000, 0x00000007be000000|  0%| F|  |TAMS 0x00000007bde00000| PB 0x00000007bde00000| Untracked |  0
|1008|0x00000007be000000, 0x00000007be000000, 0x00000007be200000|  0%| F|  |TAMS 0x00000007be000000| PB 0x00000007be000000| Untracked |  0
|1009|0x00000007be200000, 0x00000007be200000, 0x00000007be400000|  0%| F|  |TAMS 0x00000007be200000| PB 0x00000007be200000| Untracked |  0
|1010|0x00000007be400000, 0x00000007be400000, 0x00000007be600000|  0%| F|  |TAMS 0x00000007be400000| PB 0x00000007be400000| Untracked |  0
|1011|0x00000007be600000, 0x00000007be600000, 0x00000007be800000|  0%| F|  |TAMS 0x00000007be600000| PB 0x00000007be600000| Untracked |  0
|1012|0x00000007be800000, 0x00000007be800000, 0x00000007bea00000|  0%| F|  |TAMS 0x00000007be800000| PB 0x00000007be800000| Untracked |  0
|1013|0x00000007bea00000, 0x00000007bea00000, 0x00000007bec00000|  0%| F|  |TAMS 0x00000007bea00000| PB 0x00000007bea00000| Untracked |  0
|1014|0x00000007bec00000, 0x00000007bec00000, 0x00000007bee00000|  0%| F|  |TAMS 0x00000007bec00000| PB 0x00000007bec00000| Untracked |  0
|1015|0x00000007bee00000, 0x00000007bee00000, 0x00000007bf000000|  0%| F|  |TAMS 0x00000007bee00000| PB 0x00000007bee00000| Untracked |  0
|1016|0x00000007bf000000, 0x00000007bf000000, 0x00000007bf200000|  0%| F|  |TAMS 0x00000007bf000000| PB 0x00000007bf000000| Untracked |  0
|1017|0x00000007bf200000, 0x00000007bf200000, 0x00000007bf400000|  0%| F|  |TAMS 0x00000007bf200000| PB 0x00000007bf200000| Untracked |  0
|1018|0x00000007bf400000, 0x00000007bf400000, 0x00000007bf600000|  0%| F|  |TAMS 0x00000007bf400000| PB 0x00000007bf400000| Untracked |  0
|1019|0x00000007bf600000, 0x00000007bf600000, 0x00000007bf800000|  0%| F|  |TAMS 0x00000007bf600000| PB 0x00000007bf600000| Untracked |  0
|1020|0x00000007bf800000, 0x00000007bf800000, 0x00000007bfa00000|  0%| F|  |TAMS 0x00000007bf800000| PB 0x00000007bf800000| Untracked |  0
|1021|0x00000007bfa00000, 0x00000007bfa00000, 0x00000007bfc00000|  0%| F|  |TAMS 0x00000007bfa00000| PB 0x00000007bfa00000| Untracked |  0
|1022|0x00000007bfc00000, 0x00000007bfc00000, 0x00000007bfe00000|  0%| F|  |TAMS 0x00000007bfc00000| PB 0x00000007bfc00000| Untracked |  0
|1023|0x00000007bfe00000, 0x00000007bfe00000, 0x00000007c0000000|  0%| F|  |TAMS 0x00000007bfe00000| PB 0x00000007bfe00000| Untracked |  0
|1024|0x00000007c0000000, 0x00000007c0000000, 0x00000007c0200000|  0%| F|  |TAMS 0x00000007c0000000| PB 0x00000007c0000000| Untracked |  0
|1025|0x00000007c0200000, 0x00000007c0200000, 0x00000007c0400000|  0%| F|  |TAMS 0x00000007c0200000| PB 0x00000007c0200000| Untracked |  0
|1026|0x00000007c0400000, 0x00000007c0400000, 0x00000007c0600000|  0%| F|  |TAMS 0x00000007c0400000| PB 0x00000007c0400000| Untracked |  0
|1027|0x00000007c0600000, 0x00000007c0600000, 0x00000007c0800000|  0%| F|  |TAMS 0x00000007c0600000| PB 0x00000007c0600000| Untracked |  0
|1028|0x00000007c0800000, 0x00000007c0800000, 0x00000007c0a00000|  0%| F|  |TAMS 0x00000007c0800000| PB 0x00000007c0800000| Untracked |  0
|1029|0x00000007c0a00000, 0x00000007c0a00000, 0x00000007c0c00000|  0%| F|  |TAMS 0x00000007c0a00000| PB 0x00000007c0a00000| Untracked |  0
|1030|0x00000007c0c00000, 0x00000007c0c00000, 0x00000007c0e00000|  0%| F|  |TAMS 0x00000007c0c00000| PB 0x00000007c0c00000| Untracked |  0
|1031|0x00000007c0e00000, 0x00000007c0e00000, 0x00000007c1000000|  0%| F|  |TAMS 0x00000007c0e00000| PB 0x00000007c0e00000| Untracked |  0
|1032|0x00000007c1000000, 0x00000007c1000000, 0x00000007c1200000|  0%| F|  |TAMS 0x00000007c1000000| PB 0x00000007c1000000| Untracked |  0
|1033|0x00000007c1200000, 0x00000007c1200000, 0x00000007c1400000|  0%| F|  |TAMS 0x00000007c1200000| PB 0x00000007c1200000| Untracked |  0
|1034|0x00000007c1400000, 0x00000007c1400000, 0x00000007c1600000|  0%| F|  |TAMS 0x00000007c1400000| PB 0x00000007c1400000| Untracked |  0
|1035|0x00000007c1600000, 0x00000007c1600000, 0x00000007c1800000|  0%| F|  |TAMS 0x00000007c1600000| PB 0x00000007c1600000| Untracked |  0
|1036|0x00000007c1800000, 0x00000007c1800000, 0x00000007c1a00000|  0%| F|  |TAMS 0x00000007c1800000| PB 0x00000007c1800000| Untracked |  0
|1037|0x00000007c1a00000, 0x00000007c1a00000, 0x00000007c1c00000|  0%| F|  |TAMS 0x00000007c1a00000| PB 0x00000007c1a00000| Untracked |  0
|1038|0x00000007c1c00000, 0x00000007c1c00000, 0x00000007c1e00000|  0%| F|  |TAMS 0x00000007c1c00000| PB 0x00000007c1c00000| Untracked |  0
|1039|0x00000007c1e00000, 0x00000007c1e00000, 0x00000007c2000000|  0%| F|  |TAMS 0x00000007c1e00000| PB 0x00000007c1e00000| Untracked |  0
|1040|0x00000007c2000000, 0x00000007c2000000, 0x00000007c2200000|  0%| F|  |TAMS 0x00000007c2000000| PB 0x00000007c2000000| Untracked |  0
|1041|0x00000007c2200000, 0x00000007c2200000, 0x00000007c2400000|  0%| F|  |TAMS 0x00000007c2200000| PB 0x00000007c2200000| Untracked |  0
|1042|0x00000007c2400000, 0x00000007c2400000, 0x00000007c2600000|  0%| F|  |TAMS 0x00000007c2400000| PB 0x00000007c2400000| Untracked |  0
|1043|0x00000007c2600000, 0x00000007c2600000, 0x00000007c2800000|  0%| F|  |TAMS 0x00000007c2600000| PB 0x00000007c2600000| Untracked |  0
|1044|0x00000007c2800000, 0x00000007c2800000, 0x00000007c2a00000|  0%| F|  |TAMS 0x00000007c2800000| PB 0x00000007c2800000| Untracked |  0
|1045|0x00000007c2a00000, 0x00000007c2a00000, 0x00000007c2c00000|  0%| F|  |TAMS 0x00000007c2a00000| PB 0x00000007c2a00000| Untracked |  0
|1046|0x00000007c2c00000, 0x00000007c2c00000, 0x00000007c2e00000|  0%| F|  |TAMS 0x00000007c2c00000| PB 0x00000007c2c00000| Untracked |  0
|1047|0x00000007c2e00000, 0x00000007c2e00000, 0x00000007c3000000|  0%| F|  |TAMS 0x00000007c2e00000| PB 0x00000007c2e00000| Untracked |  0
|1048|0x00000007c3000000, 0x00000007c3000000, 0x00000007c3200000|  0%| F|  |TAMS 0x00000007c3000000| PB 0x00000007c3000000| Untracked |  0
|1049|0x00000007c3200000, 0x00000007c3200000, 0x00000007c3400000|  0%| F|  |TAMS 0x00000007c3200000| PB 0x00000007c3200000| Untracked |  0
|1050|0x00000007c3400000, 0x00000007c3400000, 0x00000007c3600000|  0%| F|  |TAMS 0x00000007c3400000| PB 0x00000007c3400000| Untracked |  0
|1051|0x00000007c3600000, 0x00000007c3600000, 0x00000007c3800000|  0%| F|  |TAMS 0x00000007c3600000| PB 0x00000007c3600000| Untracked |  0
|1052|0x00000007c3800000, 0x00000007c3800000, 0x00000007c3a00000|  0%| F|  |TAMS 0x00000007c3800000| PB 0x00000007c3800000| Untracked |  0
|1053|0x00000007c3a00000, 0x00000007c3a00000, 0x00000007c3c00000|  0%| F|  |TAMS 0x00000007c3a00000| PB 0x00000007c3a00000| Untracked |  0
|1054|0x00000007c3c00000, 0x00000007c3c00000, 0x00000007c3e00000|  0%| F|  |TAMS 0x00000007c3c00000| PB 0x00000007c3c00000| Untracked |  0
|1055|0x00000007c3e00000, 0x00000007c3e00000, 0x00000007c4000000|  0%| F|  |TAMS 0x00000007c3e00000| PB 0x00000007c3e00000| Untracked |  0
|1056|0x00000007c4000000, 0x00000007c4000000, 0x00000007c4200000|  0%| F|  |TAMS 0x00000007c4000000| PB 0x00000007c4000000| Untracked |  0
|1057|0x00000007c4200000, 0x00000007c4200000, 0x00000007c4400000|  0%| F|  |TAMS 0x00000007c4200000| PB 0x00000007c4200000| Untracked |  0
|1058|0x00000007c4400000, 0x00000007c4400000, 0x00000007c4600000|  0%| F|  |TAMS 0x00000007c4400000| PB 0x00000007c4400000| Untracked |  0
|1059|0x00000007c4600000, 0x00000007c4600000, 0x00000007c4800000|  0%| F|  |TAMS 0x00000007c4600000| PB 0x00000007c4600000| Untracked |  0
|1060|0x00000007c4800000, 0x00000007c4800000, 0x00000007c4a00000|  0%| F|  |TAMS 0x00000007c4800000| PB 0x00000007c4800000| Untracked |  0
|1061|0x00000007c4a00000, 0x00000007c4a00000, 0x00000007c4c00000|  0%| F|  |TAMS 0x00000007c4a00000| PB 0x00000007c4a00000| Untracked |  0
|1062|0x00000007c4c00000, 0x00000007c4c00000, 0x00000007c4e00000|  0%| F|  |TAMS 0x00000007c4c00000| PB 0x00000007c4c00000| Untracked |  0
|1063|0x00000007c4e00000, 0x00000007c4e00000, 0x00000007c5000000|  0%| F|  |TAMS 0x00000007c4e00000| PB 0x00000007c4e00000| Untracked |  0
|1064|0x00000007c5000000, 0x00000007c5000000, 0x00000007c5200000|  0%| F|  |TAMS 0x00000007c5000000| PB 0x00000007c5000000| Untracked |  0
|1065|0x00000007c5200000, 0x00000007c5200000, 0x00000007c5400000|  0%| F|  |TAMS 0x00000007c5200000| PB 0x00000007c5200000| Untracked |  0
|1066|0x00000007c5400000, 0x00000007c5400000, 0x00000007c5600000|  0%| F|  |TAMS 0x00000007c5400000| PB 0x00000007c5400000| Untracked |  0
|1067|0x00000007c5600000, 0x00000007c5600000, 0x00000007c5800000|  0%| F|  |TAMS 0x00000007c5600000| PB 0x00000007c5600000| Untracked |  0
|1068|0x00000007c5800000, 0x00000007c5800000, 0x00000007c5a00000|  0%| F|  |TAMS 0x00000007c5800000| PB 0x00000007c5800000| Untracked |  0
|1069|0x00000007c5a00000, 0x00000007c5a00000, 0x00000007c5c00000|  0%| F|  |TAMS 0x00000007c5a00000| PB 0x00000007c5a00000| Untracked |  0
|1070|0x00000007c5c00000, 0x00000007c5c00000, 0x00000007c5e00000|  0%| F|  |TAMS 0x00000007c5c00000| PB 0x00000007c5c00000| Untracked |  0
|1071|0x00000007c5e00000, 0x00000007c5e00000, 0x00000007c6000000|  0%| F|  |TAMS 0x00000007c5e00000| PB 0x00000007c5e00000| Untracked |  0
|1072|0x00000007c6000000, 0x00000007c6000000, 0x00000007c6200000|  0%| F|  |TAMS 0x00000007c6000000| PB 0x00000007c6000000| Untracked |  0
|1073|0x00000007c6200000, 0x00000007c6200000, 0x00000007c6400000|  0%| F|  |TAMS 0x00000007c6200000| PB 0x00000007c6200000| Untracked |  0
|1074|0x00000007c6400000, 0x00000007c6400000, 0x00000007c6600000|  0%| F|  |TAMS 0x00000007c6400000| PB 0x00000007c6400000| Untracked |  0
|1075|0x00000007c6600000, 0x00000007c6600000, 0x00000007c6800000|  0%| F|  |TAMS 0x00000007c6600000| PB 0x00000007c6600000| Untracked |  0
|1076|0x00000007c6800000, 0x00000007c6800000, 0x00000007c6a00000|  0%| F|  |TAMS 0x00000007c6800000| PB 0x00000007c6800000| Untracked |  0
|1077|0x00000007c6a00000, 0x00000007c6a00000, 0x00000007c6c00000|  0%| F|  |TAMS 0x00000007c6a00000| PB 0x00000007c6a00000| Untracked |  0
|1078|0x00000007c6c00000, 0x00000007c6c00000, 0x00000007c6e00000|  0%| F|  |TAMS 0x00000007c6c00000| PB 0x00000007c6c00000| Untracked |  0
|1079|0x00000007c6e00000, 0x00000007c6e00000, 0x00000007c7000000|  0%| F|  |TAMS 0x00000007c6e00000| PB 0x00000007c6e00000| Untracked |  0
|1080|0x00000007c7000000, 0x00000007c7000000, 0x00000007c7200000|  0%| F|  |TAMS 0x00000007c7000000| PB 0x00000007c7000000| Untracked |  0
|1081|0x00000007c7200000, 0x00000007c7200000, 0x00000007c7400000|  0%| F|  |TAMS 0x00000007c7200000| PB 0x00000007c7200000| Untracked |  0
|1082|0x00000007c7400000, 0x00000007c7400000, 0x00000007c7600000|  0%| F|  |TAMS 0x00000007c7400000| PB 0x00000007c7400000| Untracked |  0
|1083|0x00000007c7600000, 0x00000007c7600000, 0x00000007c7800000|  0%| F|  |TAMS 0x00000007c7600000| PB 0x00000007c7600000| Untracked |  0
|1084|0x00000007c7800000, 0x00000007c7800000, 0x00000007c7a00000|  0%| F|  |TAMS 0x00000007c7800000| PB 0x00000007c7800000| Untracked |  0
|1085|0x00000007c7a00000, 0x00000007c7a00000, 0x00000007c7c00000|  0%| F|  |TAMS 0x00000007c7a00000| PB 0x00000007c7a00000| Untracked |  0
|1086|0x00000007c7c00000, 0x00000007c7c00000, 0x00000007c7e00000|  0%| F|  |TAMS 0x00000007c7c00000| PB 0x00000007c7c00000| Untracked |  0
|1087|0x00000007c7e00000, 0x00000007c7e00000, 0x00000007c8000000|  0%| F|  |TAMS 0x00000007c7e00000| PB 0x00000007c7e00000| Untracked |  0
|1088|0x00000007c8000000, 0x00000007c8000000, 0x00000007c8200000|  0%| F|  |TAMS 0x00000007c8000000| PB 0x00000007c8000000| Untracked |  0
|1089|0x00000007c8200000, 0x00000007c8200000, 0x00000007c8400000|  0%| F|  |TAMS 0x00000007c8200000| PB 0x00000007c8200000| Untracked |  0
|1090|0x00000007c8400000, 0x00000007c8400000, 0x00000007c8600000|  0%| F|  |TAMS 0x00000007c8400000| PB 0x00000007c8400000| Untracked |  0
|1091|0x00000007c8600000, 0x00000007c8600000, 0x00000007c8800000|  0%| F|  |TAMS 0x00000007c8600000| PB 0x00000007c8600000| Untracked |  0
|1092|0x00000007c8800000, 0x00000007c8800000, 0x00000007c8a00000|  0%| F|  |TAMS 0x00000007c8800000| PB 0x00000007c8800000| Untracked |  0
|1093|0x00000007c8a00000, 0x00000007c8a00000, 0x00000007c8c00000|  0%| F|  |TAMS 0x00000007c8a00000| PB 0x00000007c8a00000| Untracked |  0
|1094|0x00000007c8c00000, 0x00000007c8c00000, 0x00000007c8e00000|  0%| F|  |TAMS 0x00000007c8c00000| PB 0x00000007c8c00000| Untracked |  0
|1095|0x00000007c8e00000, 0x00000007c8e00000, 0x00000007c9000000|  0%| F|  |TAMS 0x00000007c8e00000| PB 0x00000007c8e00000| Untracked |  0
|1096|0x00000007c9000000, 0x00000007c9000000, 0x00000007c9200000|  0%| F|  |TAMS 0x00000007c9000000| PB 0x00000007c9000000| Untracked |  0
|1097|0x00000007c9200000, 0x00000007c9200000, 0x00000007c9400000|  0%| F|  |TAMS 0x00000007c9200000| PB 0x00000007c9200000| Untracked |  0
|1098|0x00000007c9400000, 0x00000007c9400000, 0x00000007c9600000|  0%| F|  |TAMS 0x00000007c9400000| PB 0x00000007c9400000| Untracked |  0
|1099|0x00000007c9600000, 0x00000007c9600000, 0x00000007c9800000|  0%| F|  |TAMS 0x00000007c9600000| PB 0x00000007c9600000| Untracked |  0
|1100|0x00000007c9800000, 0x00000007c9800000, 0x00000007c9a00000|  0%| F|  |TAMS 0x00000007c9800000| PB 0x00000007c9800000| Untracked |  0
|1101|0x00000007c9a00000, 0x00000007c9a00000, 0x00000007c9c00000|  0%| F|  |TAMS 0x00000007c9a00000| PB 0x00000007c9a00000| Untracked |  0
|1102|0x00000007c9c00000, 0x00000007c9c00000, 0x00000007c9e00000|  0%| F|  |TAMS 0x00000007c9c00000| PB 0x00000007c9c00000| Untracked |  0
|1103|0x00000007c9e00000, 0x00000007c9e00000, 0x00000007ca000000|  0%| F|  |TAMS 0x00000007c9e00000| PB 0x00000007c9e00000| Untracked |  0
|1104|0x00000007ca000000, 0x00000007ca000000, 0x00000007ca200000|  0%| F|  |TAMS 0x00000007ca000000| PB 0x00000007ca000000| Untracked |  0
|1105|0x00000007ca200000, 0x00000007ca200000, 0x00000007ca400000|  0%| F|  |TAMS 0x00000007ca200000| PB 0x00000007ca200000| Untracked |  0
|1106|0x00000007ca400000, 0x00000007ca400000, 0x00000007ca600000|  0%| F|  |TAMS 0x00000007ca400000| PB 0x00000007ca400000| Untracked |  0
|1107|0x00000007ca600000, 0x00000007ca600000, 0x00000007ca800000|  0%| F|  |TAMS 0x00000007ca600000| PB 0x00000007ca600000| Untracked |  0
|1108|0x00000007ca800000, 0x00000007ca800000, 0x00000007caa00000|  0%| F|  |TAMS 0x00000007ca800000| PB 0x00000007ca800000| Untracked |  0
|1109|0x00000007caa00000, 0x00000007caa00000, 0x00000007cac00000|  0%| F|  |TAMS 0x00000007caa00000| PB 0x00000007caa00000| Untracked |  0
|1110|0x00000007cac00000, 0x00000007cac00000, 0x00000007cae00000|  0%| F|  |TAMS 0x00000007cac00000| PB 0x00000007cac00000| Untracked |  0
|1111|0x00000007cae00000, 0x00000007cae00000, 0x00000007cb000000|  0%| F|  |TAMS 0x00000007cae00000| PB 0x00000007cae00000| Untracked |  0
|1112|0x00000007cb000000, 0x00000007cb000000, 0x00000007cb200000|  0%| F|  |TAMS 0x00000007cb000000| PB 0x00000007cb000000| Untracked |  0
|1113|0x00000007cb200000, 0x00000007cb200000, 0x00000007cb400000|  0%| F|  |TAMS 0x00000007cb200000| PB 0x00000007cb200000| Untracked |  0
|1114|0x00000007cb400000, 0x00000007cb400000, 0x00000007cb600000|  0%| F|  |TAMS 0x00000007cb400000| PB 0x00000007cb400000| Untracked |  0
|1115|0x00000007cb600000, 0x00000007cb600000, 0x00000007cb800000|  0%| F|  |TAMS 0x00000007cb600000| PB 0x00000007cb600000| Untracked |  0
|1116|0x00000007cb800000, 0x00000007cb800000, 0x00000007cba00000|  0%| F|  |TAMS 0x00000007cb800000| PB 0x00000007cb800000| Untracked |  0
|1117|0x00000007cba00000, 0x00000007cba00000, 0x00000007cbc00000|  0%| F|  |TAMS 0x00000007cba00000| PB 0x00000007cba00000| Untracked |  0
|1118|0x00000007cbc00000, 0x00000007cbc00000, 0x00000007cbe00000|  0%| F|  |TAMS 0x00000007cbc00000| PB 0x00000007cbc00000| Untracked |  0
|1119|0x00000007cbe00000, 0x00000007cbe00000, 0x00000007cc000000|  0%| F|  |TAMS 0x00000007cbe00000| PB 0x00000007cbe00000| Untracked |  0
|1120|0x00000007cc000000, 0x00000007cc000000, 0x00000007cc200000|  0%| F|  |TAMS 0x00000007cc000000| PB 0x00000007cc000000| Untracked |  0
|1121|0x00000007cc200000, 0x00000007cc200000, 0x00000007cc400000|  0%| F|  |TAMS 0x00000007cc200000| PB 0x00000007cc200000| Untracked |  0
|1122|0x00000007cc400000, 0x00000007cc400000, 0x00000007cc600000|  0%| F|  |TAMS 0x00000007cc400000| PB 0x00000007cc400000| Untracked |  0
|1123|0x00000007cc600000, 0x00000007cc600000, 0x00000007cc800000|  0%| F|  |TAMS 0x00000007cc600000| PB 0x00000007cc600000| Untracked |  0
|1124|0x00000007cc800000, 0x00000007cc800000, 0x00000007cca00000|  0%| F|  |TAMS 0x00000007cc800000| PB 0x00000007cc800000| Untracked |  0
|1125|0x00000007cca00000, 0x00000007cca00000, 0x00000007ccc00000|  0%| F|  |TAMS 0x00000007cca00000| PB 0x00000007cca00000| Untracked |  0
|1126|0x00000007ccc00000, 0x00000007ccc00000, 0x00000007cce00000|  0%| F|  |TAMS 0x00000007ccc00000| PB 0x00000007ccc00000| Untracked |  0
|1127|0x00000007cce00000, 0x00000007cce00000, 0x00000007cd000000|  0%| F|  |TAMS 0x00000007cce00000| PB 0x00000007cce00000| Untracked |  0
|1128|0x00000007cd000000, 0x00000007cd000000, 0x00000007cd200000|  0%| F|  |TAMS 0x00000007cd000000| PB 0x00000007cd000000| Untracked |  0
|1129|0x00000007cd200000, 0x00000007cd200000, 0x00000007cd400000|  0%| F|  |TAMS 0x00000007cd200000| PB 0x00000007cd200000| Untracked |  0
|1130|0x00000007cd400000, 0x00000007cd400000, 0x00000007cd600000|  0%| F|  |TAMS 0x00000007cd400000| PB 0x00000007cd400000| Untracked |  0
|1131|0x00000007cd600000, 0x00000007cd600000, 0x00000007cd800000|  0%| F|  |TAMS 0x00000007cd600000| PB 0x00000007cd600000| Untracked |  0
|1132|0x00000007cd800000, 0x00000007cd800000, 0x00000007cda00000|  0%| F|  |TAMS 0x00000007cd800000| PB 0x00000007cd800000| Untracked |  0
|1133|0x00000007cda00000, 0x00000007cda00000, 0x00000007cdc00000|  0%| F|  |TAMS 0x00000007cda00000| PB 0x00000007cda00000| Untracked |  0
|1134|0x00000007cdc00000, 0x00000007cdc00000, 0x00000007cde00000|  0%| F|  |TAMS 0x00000007cdc00000| PB 0x00000007cdc00000| Untracked |  0
|1135|0x00000007cde00000, 0x00000007cde00000, 0x00000007ce000000|  0%| F|  |TAMS 0x00000007cde00000| PB 0x00000007cde00000| Untracked |  0
|1136|0x00000007ce000000, 0x00000007ce000000, 0x00000007ce200000|  0%| F|  |TAMS 0x00000007ce000000| PB 0x00000007ce000000| Untracked |  0
|1137|0x00000007ce200000, 0x00000007ce200000, 0x00000007ce400000|  0%| F|  |TAMS 0x00000007ce200000| PB 0x00000007ce200000| Untracked |  0
|1138|0x00000007ce400000, 0x00000007ce400000, 0x00000007ce600000|  0%| F|  |TAMS 0x00000007ce400000| PB 0x00000007ce400000| Untracked |  0
|1139|0x00000007ce600000, 0x00000007ce600000, 0x00000007ce800000|  0%| F|  |TAMS 0x00000007ce600000| PB 0x00000007ce600000| Untracked |  0
|1140|0x00000007ce800000, 0x00000007ce800000, 0x00000007cea00000|  0%| F|  |TAMS 0x00000007ce800000| PB 0x00000007ce800000| Untracked |  0
|1141|0x00000007cea00000, 0x00000007cea00000, 0x00000007cec00000|  0%| F|  |TAMS 0x00000007cea00000| PB 0x00000007cea00000| Untracked |  0
|1142|0x00000007cec00000, 0x00000007cec00000, 0x00000007cee00000|  0%| F|  |TAMS 0x00000007cec00000| PB 0x00000007cec00000| Untracked |  0
|1143|0x00000007cee00000, 0x00000007cee00000, 0x00000007cf000000|  0%| F|  |TAMS 0x00000007cee00000| PB 0x00000007cee00000| Untracked |  0
|1144|0x00000007cf000000, 0x00000007cf000000, 0x00000007cf200000|  0%| F|  |TAMS 0x00000007cf000000| PB 0x00000007cf000000| Untracked |  0
|1145|0x00000007cf200000, 0x00000007cf200000, 0x00000007cf400000|  0%| F|  |TAMS 0x00000007cf200000| PB 0x00000007cf200000| Untracked |  0
|1146|0x00000007cf400000, 0x00000007cf400000, 0x00000007cf600000|  0%| F|  |TAMS 0x00000007cf400000| PB 0x00000007cf400000| Untracked |  0
|1147|0x00000007cf600000, 0x00000007cf600000, 0x00000007cf800000|  0%| F|  |TAMS 0x00000007cf600000| PB 0x00000007cf600000| Untracked |  0
|1148|0x00000007cf800000, 0x00000007cf800000, 0x00000007cfa00000|  0%| F|  |TAMS 0x00000007cf800000| PB 0x00000007cf800000| Untracked |  0
|1149|0x00000007cfa00000, 0x00000007cfa00000, 0x00000007cfc00000|  0%| F|  |TAMS 0x00000007cfa00000| PB 0x00000007cfa00000| Untracked |  0
|1150|0x00000007cfc00000, 0x00000007cfc00000, 0x00000007cfe00000|  0%| F|  |TAMS 0x00000007cfc00000| PB 0x00000007cfc00000| Untracked |  0
|1151|0x00000007cfe00000, 0x00000007cfe00000, 0x00000007d0000000|  0%| F|  |TAMS 0x00000007cfe00000| PB 0x00000007cfe00000| Untracked |  0
|1152|0x00000007d0000000, 0x00000007d0000000, 0x00000007d0200000|  0%| F|  |TAMS 0x00000007d0000000| PB 0x00000007d0000000| Untracked |  0
|1153|0x00000007d0200000, 0x00000007d0200000, 0x00000007d0400000|  0%| F|  |TAMS 0x00000007d0200000| PB 0x00000007d0200000| Untracked |  0
|1154|0x00000007d0400000, 0x00000007d0400000, 0x00000007d0600000|  0%| F|  |TAMS 0x00000007d0400000| PB 0x00000007d0400000| Untracked |  0
|1155|0x00000007d0600000, 0x00000007d0600000, 0x00000007d0800000|  0%| F|  |TAMS 0x00000007d0600000| PB 0x00000007d0600000| Untracked |  0
|1156|0x00000007d0800000, 0x00000007d0a00000, 0x00000007d0a00000|100%| E|  |TAMS 0x00000007d0800000| PB 0x00000007d0800000| Complete |  0
|1157|0x00000007d0a00000, 0x00000007d0c00000, 0x00000007d0c00000|100%| E|CS|TAMS 0x00000007d0a00000| PB 0x00000007d0a00000| Complete |  0
|1158|0x00000007d0c00000, 0x00000007d0e00000, 0x00000007d0e00000|100%| E|CS|TAMS 0x00000007d0c00000| PB 0x00000007d0c00000| Complete |  0
|1159|0x00000007d0e00000, 0x00000007d1000000, 0x00000007d1000000|100%| E|CS|TAMS 0x00000007d0e00000| PB 0x00000007d0e00000| Complete |  0
|1160|0x00000007d1000000, 0x00000007d1200000, 0x00000007d1200000|100%| E|CS|TAMS 0x00000007d1000000| PB 0x00000007d1000000| Complete |  0
|1161|0x00000007d1200000, 0x00000007d1400000, 0x00000007d1400000|100%| E|CS|TAMS 0x00000007d1200000| PB 0x00000007d1200000| Complete |  0
|1162|0x00000007d1400000, 0x00000007d1600000, 0x00000007d1600000|100%| E|  |TAMS 0x00000007d1400000| PB 0x00000007d1400000| Complete |  0
|1507|0x00000007fc600000, 0x00000007fc800000, 0x00000007fc800000|100%| E|CS|TAMS 0x00000007fc600000| PB 0x00000007fc600000| Complete |  0
|1508|0x00000007fc800000, 0x00000007fca00000, 0x00000007fca00000|100%| E|CS|TAMS 0x00000007fc800000| PB 0x00000007fc800000| Complete |  0
|1509|0x00000007fca00000, 0x00000007fcc00000, 0x00000007fcc00000|100%| E|CS|TAMS 0x00000007fca00000| PB 0x00000007fca00000| Complete |  0
|1510|0x00000007fcc00000, 0x00000007fce00000, 0x00000007fce00000|100%| E|CS|TAMS 0x00000007fcc00000| PB 0x00000007fcc00000| Complete |  0
|1511|0x00000007fce00000, 0x00000007fd000000, 0x00000007fd000000|100%| E|CS|TAMS 0x00000007fce00000| PB 0x00000007fce00000| Complete |  0
|1512|0x00000007fd000000, 0x00000007fd200000, 0x00000007fd200000|100%| E|CS|TAMS 0x00000007fd000000| PB 0x00000007fd000000| Complete |  0
|1513|0x00000007fd200000, 0x00000007fd400000, 0x00000007fd400000|100%| E|CS|TAMS 0x00000007fd200000| PB 0x00000007fd200000| Complete |  0
|1514|0x00000007fd400000, 0x00000007fd600000, 0x00000007fd600000|100%| E|CS|TAMS 0x00000007fd400000| PB 0x00000007fd400000| Complete |  0
|1515|0x00000007fd600000, 0x00000007fd800000, 0x00000007fd800000|100%| E|CS|TAMS 0x00000007fd600000| PB 0x00000007fd600000| Complete |  0
|1516|0x00000007fd800000, 0x00000007fda00000, 0x00000007fda00000|100%| E|CS|TAMS 0x00000007fd800000| PB 0x00000007fd800000| Complete |  0
|1517|0x00000007fda00000, 0x00000007fdc00000, 0x00000007fdc00000|100%| E|CS|TAMS 0x00000007fda00000| PB 0x00000007fda00000| Complete |  0
|1518|0x00000007fdc00000, 0x00000007fde00000, 0x00000007fde00000|100%| E|CS|TAMS 0x00000007fdc00000| PB 0x00000007fdc00000| Complete |  0
|1519|0x00000007fde00000, 0x00000007fe000000, 0x00000007fe000000|100%| E|CS|TAMS 0x00000007fde00000| PB 0x00000007fde00000| Complete |  0
|1520|0x00000007fe000000, 0x00000007fe200000, 0x00000007fe200000|100%| E|CS|TAMS 0x00000007fe000000| PB 0x00000007fe000000| Complete |  0
|1521|0x00000007fe200000, 0x00000007fe400000, 0x00000007fe400000|100%| E|CS|TAMS 0x00000007fe200000| PB 0x00000007fe200000| Complete |  0
|1522|0x00000007fe400000, 0x00000007fe600000, 0x00000007fe600000|100%| E|CS|TAMS 0x00000007fe400000| PB 0x00000007fe400000| Complete |  0
|1523|0x00000007fe600000, 0x00000007fe800000, 0x00000007fe800000|100%| E|CS|TAMS 0x00000007fe600000| PB 0x00000007fe600000| Complete |  0
|1524|0x00000007fe800000, 0x00000007fea00000, 0x00000007fea00000|100%| E|CS|TAMS 0x00000007fe800000| PB 0x00000007fe800000| Complete |  0
|1525|0x00000007fea00000, 0x00000007fec00000, 0x00000007fec00000|100%| E|CS|TAMS 0x00000007fea00000| PB 0x00000007fea00000| Complete |  0
|1526|0x00000007fec00000, 0x00000007fee00000, 0x00000007fee00000|100%| E|CS|TAMS 0x00000007fec00000| PB 0x00000007fec00000| Complete |  0
|1527|0x00000007fee00000, 0x00000007ff000000, 0x00000007ff000000|100%| E|CS|TAMS 0x00000007fee00000| PB 0x00000007fee00000| Complete |  0
|1528|0x00000007ff000000, 0x00000007ff200000, 0x00000007ff200000|100%| E|CS|TAMS 0x00000007ff000000| PB 0x00000007ff000000| Complete |  0
|1529|0x00000007ff200000, 0x00000007ff400000, 0x00000007ff400000|100%| E|CS|TAMS 0x00000007ff200000| PB 0x00000007ff200000| Complete |  0
|1530|0x00000007ff400000, 0x00000007ff600000, 0x00000007ff600000|100%| E|CS|TAMS 0x00000007ff400000| PB 0x00000007ff400000| Complete |  0
|1531|0x00000007ff600000, 0x00000007ff800000, 0x00000007ff800000|100%| E|CS|TAMS 0x00000007ff600000| PB 0x00000007ff600000| Complete |  0
|1532|0x00000007ff800000, 0x00000007ffa00000, 0x00000007ffa00000|100%| O|  |TAMS 0x00000007ff800000| PB 0x00000007ff800000| Untracked |  0
|1533|0x00000007ffa00000, 0x00000007ffc00000, 0x00000007ffc00000|100%| O|  |TAMS 0x00000007ffa00000| PB 0x00000007ffa00000| Untracked |  0
|1534|0x00000007ffc00000, 0x00000007ffe00000, 0x00000007ffe00000|100%| O|  |TAMS 0x00000007ffc00000| PB 0x00000007ffc00000| Untracked |  0
|1535|0x00000007ffe00000, 0x0000000800000000, 0x0000000800000000|100%| E|CS|TAMS 0x00000007ffe00000| PB 0x00000007ffe00000| Complete |  0

Card table byte_map: [0x000001684b9f0000,0x000001684bff0000] _byte_map_base: 0x0000016847ff0000

Marking Bits: (CMBitMap*) 0x0000016833331bc0
 Bits: [0x000001684bff0000, 0x000001684eff0000)

Polling page: 0x00000168310a0000

Metaspace:

Usage:
  Non-class:    270.90 MB used.
      Class:     33.09 MB used.
       Both:    303.99 MB used.

Virtual space:
  Non-class space:      320.00 MB reserved,     271.94 MB ( 85%) committed,  5 nodes.
      Class space:        1.00 GB reserved,      33.94 MB (  3%) committed,  1 nodes.
             Both:        1.31 GB reserved,     305.88 MB ( 23%) committed. 

Chunk freelists:
   Non-Class:  16.00 KB
       Class:  14.06 MB
        Both:  14.08 MB

MaxMetaspaceSize: unlimited
CompressedClassSpaceSize: 1.00 GB
Initial GC threshold: 21.00 MB
Current GC threshold: 500.88 MB
CDS: on
 - commit_granule_bytes: 65536.
 - commit_granule_words: 8192.
 - virtual_space_node_default_size: 8388608.
 - enlarge_chunks_in_place: 1.
UseCompressedClassPointers 1, UseCompactObjectHeaders 0
Narrow klass pointer bits 32, Max shift 3
Narrow klass base: 0x0000016853000000, Narrow klass shift: 0
Encoding Range: [0x0000016853000000 - 0x0000016953000000), (4294967296 bytes)
Klass Range:    [0x0000016853000000 - 0x0000016894000000), (1090519040 bytes)
Klass ID Range:  [8 - 1090519033) (1090519025)


Internal statistics:

num_allocs_failed_limit: 9.
num_arena_births: 5836.
num_arena_deaths: 2848.
num_vsnodes_births: 6.
num_vsnodes_deaths: 0.
num_space_committed: 4979.
num_space_uncommitted: 49.
num_chunks_returned_to_freelist: 3597.
num_chunks_taken_from_freelist: 20627.
num_chunk_merges: 1315.
num_chunk_splits: 13413.
num_chunks_enlarged: 9299.
num_inconsistent_stats: 0.

CodeHeap 'non-profiled nmethods': size=119232Kb used=19285Kb max_used=20235Kb free=99946Kb
 bounds [0x0000016843700000, 0x0000016844ad0000, 0x000001684ab70000]
CodeHeap 'profiled nmethods': size=119104Kb used=51619Kb max_used=51619Kb free=67484Kb
 bounds [0x000001683bb70000, 0x000001683ede0000, 0x0000016842fc0000]
CodeHeap 'non-nmethods': size=7424Kb used=4883Kb max_used=5090Kb free=2540Kb
 bounds [0x0000016842fc0000, 0x00000168434e0000, 0x0000016843700000]
CodeCache: size=245760Kb, used=75787Kb, max_used=76944Kb, free=169970Kb
 total_blobs=25148, nmethods=23699, adapters=1345, full_count=0
Compilation: enabled, stopped_count=0, restarted_count=0

Compilation events (20 events):
Event: 10112.775 Thread 0x00000168a27c0c70 71045       1       kotlin.collections.builders.MapBuilder::access$getValuesArray$p (5 bytes)
Event: 10112.776 Thread 0x00000168a27c0c70 nmethod 71045 0x0000016843cf7d88 code [0x0000016843cf7e80, 0x0000016843cf7f30]
Event: 10112.777 Thread 0x00000168a7b3fea0 nmethod 71043 0x000001683ed47888 code [0x000001683ed47c60, 0x000001683ed49000]
Event: 10112.778 Thread 0x00000168a21d4a30 nmethod 71010 0x0000016843cf7588 code [0x0000016843cf76c0, 0x0000016843cf7cd0]
Event: 10112.779 Thread 0x00000168a27bd780 nmethod 71046 0x000001683ed49108 code [0x000001683ed49460, 0x000001683ed4b0e8]
Event: 10112.781 Thread 0x00000168a21d4a30 70497       4       com.android.tools.r8.internal.wk2$$Lambda/0x000001685619d9c0::a (17 bytes)
Event: 10112.788 Thread 0x00000168520b3680 nmethod 71020 0x000001683ed4b208 code [0x000001683ed4c140, 0x000001683ed52bb0]
Event: 10112.788 Thread 0x00000168a27bd780 71047       2       org.jetbrains.kotlin.fir.builder.PsiRawFirBuilder$Visitor::_get_usedAsExpression_$getLastChildExpression (70 bytes)
Event: 10112.788 Thread 0x00000168a21d4a30 nmethod 70497 0x0000016843cf7288 code [0x0000016843cf73a0, 0x0000016843cf74e8]
Event: 10112.790 Thread 0x00000168a7b3fea0 71048       2       org.jetbrains.kotlin.fir.resolve.transformers.body.resolve.FirAbstractBodyResolveTransformerDispatcher::transformBackingField (13 bytes)
Event: 10112.790 Thread 0x00000168a27c0c70 71049       2       org.jetbrains.kotlin.fir.resolve.transformers.body.resolve.FirAbstractBodyResolveTransformerDispatcher::transformBackingField (75 bytes)
Event: 10112.790 Thread 0x00000168a21d4a30 70891       4       com.android.tools.r8.internal.tc::previous (5 bytes)
Event: 10112.790 Thread 0x00000168a27bd780 nmethod 71047 0x000001683ed53088 code [0x000001683ed53280, 0x000001683ed53a40]
Event: 10112.790 Thread 0x00000168a7b3fea0 nmethod 71048 0x000001683ed53b08 code [0x000001683ed53c20, 0x000001683ed53d78]
Event: 10112.792 Thread 0x00000168a27c0c70 nmethod 71049 0x000001683ed53e08 code [0x000001683ed53fc0, 0x000001683ed544b8]
Event: 10112.795 Thread 0x00000168a21d4a30 nmethod 70891 0x0000016843cf6e08 code [0x0000016843cf6f20, 0x0000016843cf7228]
Event: 10112.796 Thread 0x00000168a21d4a30 70685       4       com.android.tools.r8.internal.tt3::iterator (14 bytes)
Event: 10112.797 Thread 0x00000168a27bd780 71050       2       com.android.tools.r8.internal.wx::b (2 bytes)
Event: 10112.803 Thread 0x00000168a27c0c70 71051       2       org.jetbrains.kotlin.fir.declarations.synthetic.FirSyntheticProperty::getGetter (8 bytes)
Event: 10112.806 Thread 0x00000168a7b3fea0 71052       2       org.jetbrains.kotlin.fir.UtilsKt::smartPlus (84 bytes)

GC Heap History (20 events):
Event: 10054.749 GC heap before
{Heap before GC invocations=128 (full 0):
 garbage-first heap   total reserved 3145728K, committed 2191360K, used 1835872K [0x0000000740000000, 0x0000000800000000)
  region size 2048K, 264 young (540672K), 15 survivors (30720K)
 Metaspace       used 294689K, committed 296640K, reserved 1376256K
  class space    used 31933K, committed 32832K, reserved 1048576K
}
Event: 10054.777 GC heap after
{Heap after GC invocations=129 (full 0):
 garbage-first heap   total reserved 3145728K, committed 2191360K, used 1356366K [0x0000000740000000, 0x0000000800000000)
  region size 2048K, 29 young (59392K), 29 survivors (59392K)
 Metaspace       used 294689K, committed 296640K, reserved 1376256K
  class space    used 31933K, committed 32832K, reserved 1048576K
}
Event: 10055.566 GC heap before
{Heap before GC invocations=130 (full 0):
 garbage-first heap   total reserved 3145728K, committed 2263040K, used 1454670K [0x0000000740000000, 0x0000000800000000)
  region size 2048K, 78 young (159744K), 29 survivors (59392K)
 Metaspace       used 296744K, committed 298688K, reserved 1376256K
  class space    used 32327K, committed 33216K, reserved 1048576K
}
Event: 10055.591 GC heap after
{Heap after GC invocations=131 (full 0):
 garbage-first heap   total reserved 3145728K, committed 2263040K, used 1359439K [0x0000000740000000, 0x0000000800000000)
  region size 2048K, 7 young (14336K), 7 survivors (14336K)
 Metaspace       used 296744K, committed 298688K, reserved 1376256K
  class space    used 32327K, committed 33216K, reserved 1048576K
}
Event: 10057.157 GC heap before
{Heap before GC invocations=131 (full 0):
 garbage-first heap   total reserved 3145728K, committed 2263040K, used 2055759K [0x0000000740000000, 0x0000000800000000)
  region size 2048K, 347 young (710656K), 7 survivors (14336K)
 Metaspace       used 299392K, committed 301312K, reserved 1376256K
  class space    used 32658K, committed 33536K, reserved 1048576K
}
Event: 10057.196 GC heap after
{Heap after GC invocations=132 (full 0):
 garbage-first heap   total reserved 3145728K, committed 2263040K, used 1402580K [0x0000000740000000, 0x0000000800000000)
  region size 2048K, 27 young (55296K), 27 survivors (55296K)
 Metaspace       used 299392K, committed 301312K, reserved 1376256K
  class space    used 32658K, committed 33536K, reserved 1048576K
}
Event: 10057.335 GC heap before
{Heap before GC invocations=132 (full 0):
 garbage-first heap   total reserved 3145728K, committed 2263040K, used 1459924K [0x0000000740000000, 0x0000000800000000)
  region size 2048K, 55 young (112640K), 27 survivors (55296K)
 Metaspace       used 299607K, committed 301568K, reserved 1376256K
  class space    used 32693K, committed 33600K, reserved 1048576K
}
Event: 10057.363 GC heap after
{Heap after GC invocations=133 (full 0):
 garbage-first heap   total reserved 3145728K, committed 2263040K, used 1371794K [0x0000000740000000, 0x0000000800000000)
  region size 2048K, 6 young (12288K), 6 survivors (12288K)
 Metaspace       used 299607K, committed 301568K, reserved 1376256K
  class space    used 32693K, committed 33600K, reserved 1048576K
}
Event: 10059.795 GC heap before
{Heap before GC invocations=133 (full 0):
 garbage-first heap   total reserved 3145728K, committed 2263040K, used 2109074K [0x0000000740000000, 0x0000000800000000)
  region size 2048K, 366 young (749568K), 6 survivors (12288K)
 Metaspace       used 303182K, committed 305088K, reserved 1376256K
  class space    used 33116K, committed 33984K, reserved 1048576K
}
Event: 10059.929 GC heap after
{Heap after GC invocations=134 (full 0):
 garbage-first heap   total reserved 3145728K, committed 2441216K, used 1412563K [0x0000000740000000, 0x0000000800000000)
  region size 2048K, 41 young (83968K), 41 survivors (83968K)
 Metaspace       used 303182K, committed 305088K, reserved 1376256K
  class space    used 33116K, committed 33984K, reserved 1048576K
}
Event: 10060.411 GC heap before
{Heap before GC invocations=134 (full 0):
 garbage-first heap   total reserved 3145728K, committed 2441216K, used 1494483K [0x0000000740000000, 0x0000000800000000)
  region size 2048K, 82 young (167936K), 41 survivors (83968K)
 Metaspace       used 303235K, committed 305152K, reserved 1376256K
  class space    used 33123K, committed 33984K, reserved 1048576K
}
Event: 10060.542 GC heap after
{Heap after GC invocations=135 (full 0):
 garbage-first heap   total reserved 3145728K, committed 2441216K, used 1386300K [0x0000000740000000, 0x0000000800000000)
  region size 2048K, 6 young (12288K), 6 survivors (12288K)
 Metaspace       used 303235K, committed 305152K, reserved 1376256K
  class space    used 33123K, committed 33984K, reserved 1048576K
}
Event: 10103.484 GC heap before
{Heap before GC invocations=135 (full 0):
 garbage-first heap   total reserved 3145728K, committed 2441216K, used 1736508K [0x0000000740000000, 0x0000000800000000)
  region size 2048K, 175 young (358400K), 6 survivors (12288K)
 Metaspace       used 305635K, committed 307584K, reserved 1376256K
  class space    used 33212K, committed 34112K, reserved 1048576K
}
Event: 10103.581 GC heap after
{Heap after GC invocations=136 (full 0):
 garbage-first heap   total reserved 3145728K, committed 2441216K, used 1419264K [0x0000000740000000, 0x0000000800000000)
  region size 2048K, 18 young (36864K), 18 survivors (36864K)
 Metaspace       used 305635K, committed 307584K, reserved 1376256K
  class space    used 33212K, committed 34112K, reserved 1048576K
}
Event: 10110.827 GC heap before
{Heap before GC invocations=137 (full 0):
 garbage-first heap   total reserved 3145728K, committed 2441216K, used 2091008K [0x0000000740000000, 0x0000000800000000)
  region size 2048K, 359 young (735232K), 18 survivors (36864K)
 Metaspace       used 310051K, committed 312064K, reserved 1376256K
  class space    used 33779K, committed 34688K, reserved 1048576K
}
Event: 10110.854 GC heap after
{Heap after GC invocations=138 (full 0):
 garbage-first heap   total reserved 3145728K, committed 2441216K, used 1404928K [0x0000000740000000, 0x0000000800000000)
  region size 2048K, 23 young (47104K), 23 survivors (47104K)
 Metaspace       used 310051K, committed 312064K, reserved 1376256K
  class space    used 33779K, committed 34688K, reserved 1048576K
}
Event: 10111.449 GC heap before
{Heap before GC invocations=138 (full 0):
 garbage-first heap   total reserved 3145728K, committed 2441216K, used 2086912K [0x0000000740000000, 0x0000000800000000)
  region size 2048K, 357 young (731136K), 23 survivors (47104K)
 Metaspace       used 310250K, committed 312192K, reserved 1376256K
  class space    used 33802K, committed 34688K, reserved 1048576K
}
Event: 10111.485 GC heap after
{Heap after GC invocations=139 (full 0):
 garbage-first heap   total reserved 3145728K, committed 2441216K, used 1380567K [0x0000000740000000, 0x0000000800000000)
  region size 2048K, 28 young (57344K), 28 survivors (57344K)
 Metaspace       used 310250K, committed 312192K, reserved 1376256K
  class space    used 33802K, committed 34688K, reserved 1048576K
}
Event: 10112.068 GC heap before
{Heap before GC invocations=139 (full 0):
 garbage-first heap   total reserved 3145728K, committed 2441216K, used 2121943K [0x0000000740000000, 0x0000000800000000)
  region size 2048K, 391 young (800768K), 28 survivors (57344K)
 Metaspace       used 310697K, committed 312640K, reserved 1376256K
  class space    used 33815K, committed 34688K, reserved 1048576K
}
Event: 10112.106 GC heap after
{Heap after GC invocations=140 (full 0):
 garbage-first heap   total reserved 3145728K, committed 2441216K, used 1363407K [0x0000000740000000, 0x0000000800000000)
  region size 2048K, 32 young (65536K), 32 survivors (65536K)
 Metaspace       used 310697K, committed 312640K, reserved 1376256K
  class space    used 33815K, committed 34688K, reserved 1048576K
}

Dll operation events (19 events):
Event: 0.015 Loaded shared library C:\Program Files\Java\jdk-24\bin\java.dll
Event: 0.047 Loaded shared library C:\Program Files\Java\jdk-24\bin\jsvml.dll
Event: 0.105 Loaded shared library C:\Program Files\Java\jdk-24\bin\zip.dll
Event: 0.111 Loaded shared library C:\Program Files\Java\jdk-24\bin\instrument.dll
Event: 0.115 Loaded shared library C:\Program Files\Java\jdk-24\bin\net.dll
Event: 0.117 Loaded shared library C:\Program Files\Java\jdk-24\bin\nio.dll
Event: 0.120 Loaded shared library C:\Program Files\Java\jdk-24\bin\zip.dll
Event: 2.758 Loaded shared library C:\Program Files\Java\jdk-24\bin\jimage.dll
Event: 3.511 Loaded shared library C:\Program Files\Java\jdk-24\bin\verify.dll
Event: 4.072 Loaded shared library C:\Users\orili\.gradle\native\1def1411415f61bf3af743bc5b6707747c0891f09f0c88961ee8f79bc544acac\windows-amd64\native-platform.dll
Event: 4.112 Loaded shared library C:\Users\orili\.gradle\native\0.2.7\x86_64-windows-gnu\gradle-fileevents.dll
Event: 6.840 Loaded shared library C:\Program Files\Java\jdk-24\bin\management.dll
Event: 6.842 Loaded shared library C:\Program Files\Java\jdk-24\bin\management_ext.dll
Event: 7.176 Loaded shared library C:\Program Files\Java\jdk-24\bin\extnet.dll
Event: 7.594 Loaded shared library C:\Program Files\Java\jdk-24\bin\sunmscapi.dll
Event: 9637.659 Loaded shared library C:\Program Files\Java\jdk-24\bin\rmi.dll
Event: 9705.658 Loaded shared library C:\Program Files\Java\jdk-24\bin\awt.dll
Event: 9717.315 Loaded shared library C:\Users\orili\AppData\Local\Temp\sqlite-3.41.2.2-09e4f874-23ea-4525-a1ec-b8730a511fc7-sqlitejdbc.dll
Event: 9941.546 Unloaded dll "C:\Users\orili\AppData\Local\Temp\sqlite-3.41.2.2-09e4f874-23ea-4525-a1ec-b8730a511fc7-sqlitejdbc.dll" [0x00007ff8e6980000]

Deoptimization events (20 events):
Event: 10112.648 Thread 0x00000168a813a480 Uncommon trap: trap_request=0xfffffff4 fr.pc=0x0000016843ab1d88 relative=0x0000000000000088
Event: 10112.648 Thread 0x00000168a813a480 Uncommon trap: reason=null_check action=make_not_entrant pc=0x0000016843ab1d88 method=java.lang.Integer.equals(Ljava/lang/Object;)Z @ 1 c2
Event: 10112.648 Thread 0x00000168a813a480 DEOPT PACKING pc=0x0000016843ab1d88 sp=0x0000003fb12f8570
Event: 10112.648 Thread 0x00000168a813a480 DEOPT UNPACKING pc=0x00000168430d8202 sp=0x0000003fb12f84f8 mode 2
Event: 10112.698 Thread 0x00000168a53bd8f0 Uncommon trap: trap_request=0xffffffc6 fr.pc=0x0000016843b5920c relative=0x00000000000006cc
Event: 10112.699 Thread 0x00000168a53bd8f0 Uncommon trap: reason=bimorphic_or_optimized_type_check action=maybe_recompile pc=0x0000016843b5920c method=com.android.tools.r8.internal.bn1.iterator()Ljava/util/Iterator; @ 4 c2
Event: 10112.699 Thread 0x00000168a53bd8f0 DEOPT PACKING pc=0x0000016843b5920c sp=0x0000003fb8ffd410
Event: 10112.699 Thread 0x00000168a53bd8f0 DEOPT UNPACKING pc=0x00000168430d8202 sp=0x0000003fb8ffd3e8 mode 2
Event: 10112.702 Thread 0x00000168a53bd8f0 Uncommon trap: trap_request=0xffffffc6 fr.pc=0x0000016843b5920c relative=0x00000000000006cc
Event: 10112.703 Thread 0x00000168a53bd8f0 Uncommon trap: reason=bimorphic_or_optimized_type_check action=maybe_recompile pc=0x0000016843b5920c method=com.android.tools.r8.internal.bn1.iterator()Ljava/util/Iterator; @ 4 c2
Event: 10112.703 Thread 0x00000168a53bd8f0 DEOPT PACKING pc=0x0000016843b5920c sp=0x0000003fb8ffd3f0
Event: 10112.703 Thread 0x00000168a53bd8f0 DEOPT UNPACKING pc=0x00000168430d8202 sp=0x0000003fb8ffd3c8 mode 2
Event: 10112.703 Thread 0x00000168a53bd8f0 Uncommon trap: trap_request=0xffffffc6 fr.pc=0x0000016843b5920c relative=0x00000000000006cc
Event: 10112.703 Thread 0x00000168a53bd8f0 Uncommon trap: reason=bimorphic_or_optimized_type_check action=maybe_recompile pc=0x0000016843b5920c method=com.android.tools.r8.internal.bn1.iterator()Ljava/util/Iterator; @ 4 c2
Event: 10112.703 Thread 0x00000168a53bd8f0 DEOPT PACKING pc=0x0000016843b5920c sp=0x0000003fb8ffd3f0
Event: 10112.703 Thread 0x00000168a53bd8f0 DEOPT UNPACKING pc=0x00000168430d8202 sp=0x0000003fb8ffd3c8 mode 2
Event: 10112.704 Thread 0x00000168a53bd8f0 Uncommon trap: trap_request=0xffffffc6 fr.pc=0x0000016843b5920c relative=0x00000000000006cc
Event: 10112.704 Thread 0x00000168a53bd8f0 Uncommon trap: reason=bimorphic_or_optimized_type_check action=maybe_recompile pc=0x0000016843b5920c method=com.android.tools.r8.internal.bn1.iterator()Ljava/util/Iterator; @ 4 c2
Event: 10112.704 Thread 0x00000168a53bd8f0 DEOPT PACKING pc=0x0000016843b5920c sp=0x0000003fb8ffd3f0
Event: 10112.704 Thread 0x00000168a53bd8f0 DEOPT UNPACKING pc=0x00000168430d8202 sp=0x0000003fb8ffd3c8 mode 2

Classes loaded (20 events):
Event: 9964.594 Loading class java/nio/file/ProviderNotFoundException
Event: 9964.595 Loading class java/nio/file/ProviderNotFoundException done
Event: 9966.332 Loading class java/util/IdentityHashMap$EntryIterator
Event: 9966.332 Loading class java/util/IdentityHashMap$EntryIterator done
Event: 9966.342 Loading class java/util/IdentityHashMap$EntryIterator$Entry
Event: 9966.342 Loading class java/util/IdentityHashMap$EntryIterator$Entry done
Event: 9979.728 Loading class java/util/ArrayDeque$DescendingIterator
Event: 9979.728 Loading class java/util/ArrayDeque$DescendingIterator done
Event: 9998.570 Loading class java/util/concurrent/ConcurrentHashMap$KeySpliterator
Event: 9998.572 Loading class java/util/concurrent/ConcurrentHashMap$KeySpliterator done
Event: 10106.595 Loading class java/util/IdentityHashMap$EntrySpliterator
Event: 10106.598 Loading class java/util/IdentityHashMap$IdentityHashMapSpliterator
Event: 10106.599 Loading class java/util/IdentityHashMap$IdentityHashMapSpliterator done
Event: 10106.599 Loading class java/util/IdentityHashMap$EntrySpliterator done
Event: 10107.038 Loading class java/util/SortedSet$1
Event: 10107.039 Loading class java/util/SortedSet$1 done
Event: 10109.854 Loading class java/util/IdentityHashMap$ValueSpliterator
Event: 10109.855 Loading class java/util/IdentityHashMap$ValueSpliterator done
Event: 10112.401 Loading class java/util/IdentityHashMap$KeySpliterator
Event: 10112.402 Loading class java/util/IdentityHashMap$KeySpliterator done

Classes unloaded (20 events):
Event: 10055.282 Thread 0x00000168515be630 Unloading class 0x0000016855e9cc00 'java/lang/invoke/LambdaForm$DMH+0x0000016855e9cc00'
Event: 10055.282 Thread 0x00000168515be630 Unloading class 0x0000016855e9c800 'java/lang/invoke/LambdaForm$DMH+0x0000016855e9c800'
Event: 10055.282 Thread 0x00000168515be630 Unloading class 0x0000016855e9c400 'java/lang/invoke/LambdaForm$DMH+0x0000016855e9c400'
Event: 10104.981 Thread 0x00000168515be630 Unloading class 0x000001685608e800 'java/lang/invoke/LambdaForm$DMH+0x000001685608e800'
Event: 10104.981 Thread 0x00000168515be630 Unloading class 0x000001685608e400 'java/lang/invoke/LambdaForm$DMH+0x000001685608e400'
Event: 10104.981 Thread 0x00000168515be630 Unloading class 0x000001685608e000 'java/lang/invoke/LambdaForm$DMH+0x000001685608e000'
Event: 10104.981 Thread 0x00000168515be630 Unloading class 0x000001685608dc00 'java/lang/invoke/LambdaForm$DMH+0x000001685608dc00'
Event: 10104.981 Thread 0x00000168515be630 Unloading class 0x000001685608d800 'java/lang/invoke/LambdaForm$DMH+0x000001685608d800'
Event: 10104.981 Thread 0x00000168515be630 Unloading class 0x000001685608d400 'java/lang/invoke/LambdaForm$DMH+0x000001685608d400'
Event: 10104.981 Thread 0x00000168515be630 Unloading class 0x000001685608d000 'java/lang/invoke/LambdaForm$DMH+0x000001685608d000'
Event: 10104.981 Thread 0x00000168515be630 Unloading class 0x000001685608cc00 'java/lang/invoke/LambdaForm$DMH+0x000001685608cc00'
Event: 10104.981 Thread 0x00000168515be630 Unloading class 0x000001685608c800 'java/lang/invoke/LambdaForm$DMH+0x000001685608c800'
Event: 10104.981 Thread 0x00000168515be630 Unloading class 0x000001685608c400 'java/lang/invoke/LambdaForm$DMH+0x000001685608c400'
Event: 10104.981 Thread 0x00000168515be630 Unloading class 0x0000016855ff9c00 'java/lang/invoke/LambdaForm$DMH+0x0000016855ff9c00'
Event: 10104.981 Thread 0x00000168515be630 Unloading class 0x0000016855ff9800 'java/lang/invoke/LambdaForm$DMH+0x0000016855ff9800'
Event: 10104.981 Thread 0x00000168515be630 Unloading class 0x0000016855ff9400 'java/lang/invoke/LambdaForm$DMH+0x0000016855ff9400'
Event: 10104.981 Thread 0x00000168515be630 Unloading class 0x0000016855ff8c00 'java/lang/invoke/LambdaForm$DMH+0x0000016855ff8c00'
Event: 10104.981 Thread 0x00000168515be630 Unloading class 0x0000016855ff8800 'java/lang/invoke/LambdaForm$DMH+0x0000016855ff8800'
Event: 10104.981 Thread 0x00000168515be630 Unloading class 0x0000016855ff8400 'java/lang/invoke/LambdaForm$DMH+0x0000016855ff8400'
Event: 10104.981 Thread 0x00000168515be630 Unloading class 0x0000016855ff8000 'java/lang/invoke/LambdaForm$DMH+0x0000016855ff8000'

Classes redefined (0 events):
No events

Internal exceptions (20 events):
Event: 10106.558 Thread 0x0000016899e313d0 Exception <a 'java/lang/NoSuchMethodError'{0x00000007fe4cec08}: 'void java.lang.invoke.DirectMethodHandle$Holder.invokeStatic(java.lang.Object, java.lang.Object, java.lang.Object, java.lang.Object, java.lang.Object, java.lang.Object, java.lang.Object, java.lang.Object, java.lang.Object)'> (0x00000007fe4cec08) 
thrown [s\open\src\hotspot\share\interpreter\linkResolver.cpp, line 805]
Event: 10106.559 Thread 0x0000016899730fd0 Exception <a 'java/lang/NoSuchMethodError'{0x00000007fe77b430}: 'void java.lang.invoke.DirectMethodHandle$Holder.invokeStatic(java.lang.Object, java.lang.Object, java.lang.Object, java.lang.Object, java.lang.Object, java.lang.Object, java.lang.Object, java.lang.Object, java.lang.Object)'> (0x00000007fe77b430) 
thrown [s\open\src\hotspot\share\interpreter\linkResolver.cpp, line 805]
Event: 10106.559 Thread 0x0000016899e2fde0 Exception <a 'java/lang/IncompatibleClassChangeError'{0x00000007fec91a28}: Found class java.lang.Object, but interface was expected> (0x00000007fec91a28) 
thrown [s\open\src\hotspot\share\interpreter\linkResolver.cpp, line 872]
Event: 10106.559 Thread 0x00000168a8131240 Exception <a 'java/lang/IncompatibleClassChangeError'{0x00000007fef7e740}: Found class java.lang.Object, but interface was expected> (0x00000007fef7e740) 
thrown [s\open\src\hotspot\share\interpreter\linkResolver.cpp, line 872]
Event: 10106.559 Thread 0x00000168a81303a0 Exception <a 'java/lang/IncompatibleClassChangeError'{0x00000007fed58950}: Found class java.lang.Object, but interface was expected> (0x00000007fed58950) 
thrown [s\open\src\hotspot\share\interpreter\linkResolver.cpp, line 872]
Event: 10106.559 Thread 0x00000168a8132f80 Exception <a 'java/lang/IncompatibleClassChangeError'{0x00000007fe7b47d8}: Found class java.lang.Object, but interface was expected> (0x00000007fe7b47d8) 
thrown [s\open\src\hotspot\share\interpreter\linkResolver.cpp, line 872]
Event: 10106.786 Thread 0x00000168a8133e20 Exception <a 'java/lang/NoSuchMethodError'{0x00000007fde10c98}: 'void java.lang.invoke.DirectMethodHandle$Holder.invokeStatic(java.lang.Object, java.lang.Object, java.lang.Object, java.lang.Object, java.lang.Object, java.lang.Object, java.lang.Object, java.lang.Object, java.lang.Object, java.lang.Object)'> (0x00000007fde10c98) 
thrown [s\open\src\hotspot\share\interpreter\linkResolver.cpp, line 805]
Event: 10108.528 Thread 0x0000016899730fd0 Exception <a 'java/lang/NoSuchMethodError'{0x00000007fd13dcf0}: 'java.lang.Object java.lang.invoke.DirectMethodHandle$Holder.invokeStatic(java.lang.Object, int, java.lang.Object, int, java.lang.Object)'> (0x00000007fd13dcf0) 
thrown [s\open\src\hotspot\share\interpreter\linkResolver.cpp, line 805]
Event: 10108.597 Thread 0x0000016899730fd0 Implicit null exception at 0x0000016843a80452 to 0x0000016843a80b30
Event: 10108.597 Thread 0x00000168997358f0 Implicit null exception at 0x0000016843a80452 to 0x0000016843a80b30
Event: 10108.597 Thread 0x0000016899732d10 Implicit null exception at 0x0000016843a80452 to 0x0000016843a80b30
Event: 10108.605 Thread 0x00000168a8131990 Exception <a 'java/lang/NoSuchMethodError'{0x00000007fd1a9b18}: 'java.lang.Object java.lang.invoke.DirectMethodHandle$Holder.invokeStatic(java.lang.Object, int, int, java.lang.Object)'> (0x00000007fd1a9b18) 
thrown [s\open\src\hotspot\share\interpreter\linkResolver.cpp, line 805]
Event: 10108.606 Thread 0x0000016899736040 Exception <a 'java/lang/NoSuchMethodError'{0x00000007fd0edef0}: 'java.lang.Object java.lang.invoke.DirectMethodHandle$Holder.invokeStatic(java.lang.Object, int, int, java.lang.Object)'> (0x00000007fd0edef0) 
thrown [s\open\src\hotspot\share\interpreter\linkResolver.cpp, line 805]
Event: 10108.607 Thread 0x00000168997358f0 Exception <a 'java/lang/NoSuchMethodError'{0x00000007fd92b038}: 'java.lang.Object java.lang.invoke.DirectMethodHandle$Holder.invokeStatic(java.lang.Object, int, int, java.lang.Object)'> (0x00000007fd92b038) 
thrown [s\open\src\hotspot\share\interpreter\linkResolver.cpp, line 805]
Event: 10108.609 Thread 0x0000016899732d10 Exception <a 'java/lang/NoSuchMethodError'{0x00000007fd761468}: 'java.lang.Object java.lang.invoke.DirectMethodHandle$Holder.invokeStatic(java.lang.Object, int, int, java.lang.Object)'> (0x00000007fd761468) 
thrown [s\open\src\hotspot\share\interpreter\linkResolver.cpp, line 805]
Event: 10108.632 Thread 0x00000168a81336d0 Exception <a 'java/lang/NoSuchMethodError'{0x00000007fcf298e0}: 'java.lang.Object java.lang.invoke.DirectMethodHandle$Holder.invokeStatic(java.lang.Object, int, int, java.lang.Object)'> (0x00000007fcf298e0) 
thrown [s\open\src\hotspot\share\interpreter\linkResolver.cpp, line 805]
Event: 10108.633 Thread 0x00000168a81303a0 Exception <a 'java/lang/NoSuchMethodError'{0x00000007fcecc310}: 'java.lang.Object java.lang.invoke.DirectMethodHandle$Holder.invokeStatic(java.lang.Object, int, int, java.lang.Object)'> (0x00000007fcecc310) 
thrown [s\open\src\hotspot\share\interpreter\linkResolver.cpp, line 805]
Event: 10108.634 Thread 0x00000168a8131240 Exception <a 'java/lang/NoSuchMethodError'{0x00000007fd386e90}: 'java.lang.Object java.lang.invoke.DirectMethodHandle$Holder.invokeStatic(java.lang.Object, int, int, java.lang.Object)'> (0x00000007fd386e90) 
thrown [s\open\src\hotspot\share\interpreter\linkResolver.cpp, line 805]
Event: 10108.663 Thread 0x0000016899730fd0 Exception <a 'java/lang/NoSuchMethodError'{0x00000007fd1617b0}: 'java.lang.Object java.lang.invoke.DirectMethodHandle$Holder.invokeStatic(java.lang.Object, int, int, java.lang.Object)'> (0x00000007fd1617b0) 
thrown [s\open\src\hotspot\share\interpreter\linkResolver.cpp, line 805]
Event: 10112.648 Thread 0x00000168a813a480 Implicit null exception at 0x0000016843ab1d2a to 0x0000016843ab1d78

VM Operations (20 events):
Event: 10109.879 Executing VM operation: HandshakeAllThreads (Deoptimize)
Event: 10109.887 Executing VM operation: HandshakeAllThreads (Deoptimize) done
Event: 10110.001 Executing VM operation: HandshakeAllThreads (Deoptimize)
Event: 10110.004 Executing VM operation: HandshakeAllThreads (Deoptimize) done
Event: 10110.171 Executing VM operation: HandshakeAllThreads (Deoptimize)
Event: 10110.231 Executing VM operation: HandshakeAllThreads (Deoptimize) done
Event: 10110.573 Executing VM operation: HandshakeAllThreads (Deoptimize)
Event: 10110.584 Executing VM operation: HandshakeAllThreads (Deoptimize) done
Event: 10110.826 Executing VM operation: G1CollectForAllocation (G1 Evacuation Pause)
Event: 10110.854 Executing VM operation: G1CollectForAllocation (G1 Evacuation Pause) done
Event: 10111.350 Executing VM operation: HandshakeAllThreads (Deoptimize)
Event: 10111.388 Executing VM operation: HandshakeAllThreads (Deoptimize) done
Event: 10111.442 Executing VM operation: G1CollectForAllocation (G1 Evacuation Pause)
Event: 10111.485 Executing VM operation: G1CollectForAllocation (G1 Evacuation Pause) done
Event: 10111.607 Executing VM operation: HandshakeAllThreads (Deoptimize)
Event: 10111.694 Executing VM operation: HandshakeAllThreads (Deoptimize) done
Event: 10111.727 Executing VM operation: HandshakeAllThreads (Deoptimize)
Event: 10111.759 Executing VM operation: HandshakeAllThreads (Deoptimize) done
Event: 10112.068 Executing VM operation: G1CollectForAllocation (G1 Evacuation Pause)
Event: 10112.107 Executing VM operation: G1CollectForAllocation (G1 Evacuation Pause) done

Memory protections (0 events):
No events

Nmethod flushes (20 events):
Event: 10105.087 Thread 0x00000168515be630 flushing  nmethod 0x000001683c9cd788
Event: 10105.087 Thread 0x00000168515be630 flushing  nmethod 0x000001683cc23988
Event: 10105.087 Thread 0x00000168515be630 flushing  nmethod 0x000001683d08e788
Event: 10105.087 Thread 0x00000168515be630 flushing  nmethod 0x000001683d08f288
Event: 10105.087 Thread 0x00000168515be630 flushing  nmethod 0x000001683d08f888
Event: 10105.087 Thread 0x00000168515be630 flushing  nmethod 0x000001683d091908
Event: 10105.087 Thread 0x00000168515be630 flushing  nmethod 0x000001683d091d08
Event: 10105.087 Thread 0x00000168515be630 flushing  nmethod 0x000001683d093088
Event: 10105.087 Thread 0x00000168515be630 flushing  nmethod 0x000001683d24c888
Event: 10105.087 Thread 0x00000168515be630 flushing  nmethod 0x000001683d252988
Event: 10105.087 Thread 0x00000168515be630 flushing  nmethod 0x000001683d25af88
Event: 10105.087 Thread 0x00000168515be630 flushing  nmethod 0x000001683d272788
Event: 10105.087 Thread 0x00000168515be630 flushing  nmethod 0x000001683d273c88
Event: 10105.087 Thread 0x00000168515be630 flushing  nmethod 0x000001683d275908
Event: 10105.087 Thread 0x00000168515be630 flushing  nmethod 0x000001683db36208
Event: 10105.087 Thread 0x00000168515be630 flushing  nmethod 0x000001683db36608
Event: 10105.087 Thread 0x00000168515be630 flushing  nmethod 0x000001683db37608
Event: 10105.087 Thread 0x00000168515be630 flushing  nmethod 0x000001683db3e888
Event: 10105.087 Thread 0x00000168515be630 flushing  nmethod 0x000001683db41388
Event: 10105.087 Thread 0x00000168515be630 flushing  nmethod 0x000001683def2e88

Events (20 events):
Event: 10107.033 Thread 0x00000168a38f7600 Thread exited: 0x00000168a38f7600
Event: 10107.113 Thread 0x00000168a7b3fea0 Thread added: 0x00000168b7719300
Event: 10107.127 Thread 0x00000168520b3680 Thread added: 0x00000168b771e630
Event: 10107.281 Thread 0x00000168520b3680 Thread added: 0x00000168b771edc0
Event: 10107.444 Thread 0x00000168a27c0c70 Thread added: 0x00000168b7720470
Event: 10108.384 Thread 0x00000168b7720470 Thread exited: 0x00000168b7720470
Event: 10108.401 Thread 0x00000168b771edc0 Thread exited: 0x00000168b771edc0
Event: 10108.580 Thread 0x00000168b771e630 Thread exited: 0x00000168b771e630
Event: 10108.580 Thread 0x00000168b7719300 Thread exited: 0x00000168b7719300
Event: 10108.739 Thread 0x00000168520b3680 Thread added: 0x00000168a27c2320
Event: 10108.739 Thread 0x00000168520b3680 Thread added: 0x00000168b7719300
Event: 10108.803 Thread 0x00000168a27c0c70 Thread added: 0x00000168b771e630
Event: 10109.061 Thread 0x00000168b771e630 Thread exited: 0x00000168b771e630
Event: 10109.061 Thread 0x00000168b7719300 Thread exited: 0x00000168b7719300
Event: 10109.527 Thread 0x00000168a7b3fea0 Thread added: 0x00000168b7719300
Event: 10109.533 Thread 0x00000168a7b3fea0 Thread added: 0x00000168b771e630
Event: 10109.572 Thread 0x00000168a7b3fea0 Thread added: 0x00000168b771edc0
Event: 10109.576 Thread 0x00000168a7b3fea0 Thread added: 0x00000168b7720470
Event: 10109.588 Thread 0x00000168a27c0c70 Thread added: 0x00000168a21d4a30
Event: 10109.715 Thread 0x00000168520b3680 Thread added: 0x00000168a21d1540


Dynamic libraries:
0x00007ff60cd30000 - 0x00007ff60cd40000 	C:\Program Files\Java\jdk-24\bin\java.exe
0x00007ff971700000 - 0x00007ff971967000 	C:\WINDOWS\SYSTEM32\ntdll.dll
0x00007ff970460000 - 0x00007ff97052b000 	C:\WINDOWS\System32\KERNEL32.DLL
0x00007ff96ea90000 - 0x00007ff96ee92000 	C:\WINDOWS\System32\KERNELBASE.dll
0x00007ff96efe0000 - 0x00007ff96f12c000 	C:\WINDOWS\System32\ucrtbase.dll
0x00007ff9355e0000 - 0x00007ff9355fb000 	C:\Program Files\Java\jdk-24\bin\VCRUNTIME140.dll
0x00007ff9350e0000 - 0x00007ff9350f6000 	C:\Program Files\Java\jdk-24\bin\jli.dll
0x00007ff970280000 - 0x00007ff97044f000 	C:\WINDOWS\System32\USER32.dll
0x00007ff96f200000 - 0x00007ff96f227000 	C:\WINDOWS\System32\win32u.dll
0x00007ff96fd60000 - 0x00007ff96fd8b000 	C:\WINDOWS\System32\GDI32.dll
0x00007ff96f2f0000 - 0x00007ff96f419000 	C:\WINDOWS\System32\gdi32full.dll
0x00007ff951b10000 - 0x00007ff951da0000 	C:\WINDOWS\WinSxS\amd64_microsoft.windows.common-controls_6595b64144ccf1df_6.0.26100.9278_none_3e0d1ba8e3303201\COMCTL32.dll
0x00007ff96eea0000 - 0x00007ff96ef43000 	C:\WINDOWS\System32\msvcp_win.dll
0x00007ff970dd0000 - 0x00007ff970e79000 	C:\WINDOWS\System32\msvcrt.dll
0x00007ff96fc50000 - 0x00007ff96fc81000 	C:\WINDOWS\System32\IMM32.DLL
0x00007ff95bfb0000 - 0x00007ff95bfbc000 	C:\Program Files\Java\jdk-24\bin\vcruntime140_1.dll
0x00007ff9211a0000 - 0x00007ff92122e000 	C:\Program Files\Java\jdk-24\bin\msvcp140.dll
0x00007ff841a60000 - 0x00007ff842801000 	C:\Program Files\Java\jdk-24\bin\server\jvm.dll
0x00007ff96fc90000 - 0x00007ff96fd4c000 	C:\WINDOWS\System32\ADVAPI32.dll
0x00007ff971060000 - 0x00007ff971109000 	C:\WINDOWS\System32\sechost.dll
0x00007ff970cb0000 - 0x00007ff970dc8000 	C:\WINDOWS\System32\RPCRT4.dll
0x00007ff96f420000 - 0x00007ff96f4a0000 	C:\WINDOWS\System32\WS2_32.dll
0x00007ff9672f0000 - 0x00007ff9672fb000 	C:\WINDOWS\SYSTEM32\VERSION.dll
0x00007ff95cf50000 - 0x00007ff95cf86000 	C:\WINDOWS\SYSTEM32\WINMM.dll
0x00007ff96e5a0000 - 0x00007ff96e5fe000 	C:\WINDOWS\SYSTEM32\POWRPROF.dll
0x00007ff96e580000 - 0x00007ff96e595000 	C:\WINDOWS\SYSTEM32\UMPDC.dll
0x00007ff96d5d0000 - 0x00007ff96d5eb000 	C:\WINDOWS\SYSTEM32\kernel.appcore.dll
0x00007ff958420000 - 0x00007ff95842a000 	C:\Program Files\Java\jdk-24\bin\jimage.dll
0x00007ff96bd20000 - 0x00007ff96bf6c000 	C:\WINDOWS\SYSTEM32\DBGHELP.DLL
0x00007ff971110000 - 0x00007ff971495000 	C:\WINDOWS\System32\combase.dll
0x00007ff9705f0000 - 0x00007ff9706c9000 	C:\WINDOWS\System32\OLEAUT32.dll
0x00007ff949530000 - 0x00007ff94956b000 	C:\WINDOWS\SYSTEM32\dbgcore.DLL
0x00007ff96f230000 - 0x00007ff96f2dc000 	C:\WINDOWS\System32\bcryptPrimitives.dll
0x00007ff9519f0000 - 0x00007ff9519ff000 	C:\Program Files\Java\jdk-24\bin\instrument.dll
0x00007ff932ce0000 - 0x00007ff932cfe000 	C:\Program Files\Java\jdk-24\bin\java.dll
0x00007ff970760000 - 0x00007ff9708fa000 	C:\WINDOWS\System32\ole32.dll
0x00007ff96f4b0000 - 0x00007ff96fc48000 	C:\WINDOWS\System32\SHELL32.dll
0x00007ff96c340000 - 0x00007ff96cbee000 	C:\WINDOWS\SYSTEM32\windows.storage.dll
0x00007ff9715c0000 - 0x00007ff9716bb000 	C:\WINDOWS\System32\SHCORE.dll
0x00007ff970550000 - 0x00007ff9705b6000 	C:\WINDOWS\System32\shlwapi.dll
0x00007ff96e820000 - 0x00007ff96e849000 	C:\WINDOWS\SYSTEM32\profapi.dll
0x00007ff8e50e0000 - 0x00007ff8e51b7000 	C:\Program Files\Java\jdk-24\bin\jsvml.dll
0x00007ff928140000 - 0x00007ff928157000 	C:\Program Files\Java\jdk-24\bin\zip.dll
0x00007ff957f50000 - 0x00007ff957f60000 	C:\Program Files\Java\jdk-24\bin\net.dll
0x00007ff96db90000 - 0x00007ff96dbfc000 	C:\WINDOWS\system32\mswsock.dll
0x00007ff931d20000 - 0x00007ff931d36000 	C:\Program Files\Java\jdk-24\bin\nio.dll
0x00007ff966550000 - 0x00007ff966560000 	C:\Program Files\Java\jdk-24\bin\verify.dll
0x00007ff93b2e0000 - 0x00007ff93b307000 	C:\Users\orili\.gradle\native\1def1411415f61bf3af743bc5b6707747c0891f09f0c88961ee8f79bc544acac\windows-amd64\native-platform.dll
0x00007ff9280c0000 - 0x00007ff928138000 	C:\Users\orili\.gradle\native\0.2.7\x86_64-windows-gnu\gradle-fileevents.dll
0x00007ff956d40000 - 0x00007ff956d4a000 	C:\Program Files\Java\jdk-24\bin\management.dll
0x00007ff956d10000 - 0x00007ff956d1b000 	C:\Program Files\Java\jdk-24\bin\management_ext.dll
0x00007ff970a60000 - 0x00007ff970a68000 	C:\WINDOWS\System32\PSAPI.DLL
0x00007ff96d030000 - 0x00007ff96d063000 	C:\WINDOWS\SYSTEM32\IPHLPAPI.DLL
0x00007ff970750000 - 0x00007ff97075a000 	C:\WINDOWS\System32\NSI.dll
0x00007ff956ca0000 - 0x00007ff956ca9000 	C:\Program Files\Java\jdk-24\bin\extnet.dll
0x00007ff96de80000 - 0x00007ff96de9b000 	C:\WINDOWS\SYSTEM32\CRYPTSP.dll
0x00007ff96d530000 - 0x00007ff96d569000 	C:\WINDOWS\system32\rsaenh.dll
0x00007ff96dc40000 - 0x00007ff96dc74000 	C:\WINDOWS\SYSTEM32\USERENV.dll
0x00007ff96e7f0000 - 0x00007ff96e81a000 	C:\WINDOWS\SYSTEM32\bcrypt.dll
0x00007ff96dea0000 - 0x00007ff96deac000 	C:\WINDOWS\SYSTEM32\CRYPTBASE.dll
0x00007ff93d660000 - 0x00007ff93d66e000 	C:\Program Files\Java\jdk-24\bin\sunmscapi.dll
0x00007ff96e900000 - 0x00007ff96ea7e000 	C:\WINDOWS\System32\CRYPT32.dll
0x00007ff96e0c0000 - 0x00007ff96e0f0000 	C:\WINDOWS\SYSTEM32\ncrypt.dll
0x00007ff96e070000 - 0x00007ff96e0af000 	C:\WINDOWS\SYSTEM32\NTASN1.dll
0x00007ff942230000 - 0x00007ff942238000 	C:\WINDOWS\system32\wshunix.dll
0x00007ff946340000 - 0x00007ff946358000 	C:\WINDOWS\system32\napinsp.dll
0x00007ff96d070000 - 0x00007ff96d1c8000 	C:\WINDOWS\SYSTEM32\DNSAPI.dll
0x00007ff96d920000 - 0x00007ff96d92d000 	C:\WINDOWS\SYSTEM32\DSPARSE.dll
0x00007ff946320000 - 0x00007ff946333000 	C:\WINDOWS\System32\winrnr.dll
0x00007ff945770000 - 0x00007ff945797000 	C:\WINDOWS\system32\nlansp_c.dll
0x00007ff961dc0000 - 0x00007ff961dd6000 	C:\WINDOWS\system32\wshbth.dll
0x00007ff9672d0000 - 0x00007ff9672db000 	C:\Windows\System32\rasadhlp.dll
0x00007ff967990000 - 0x00007ff967a16000 	C:\WINDOWS\System32\fwpuclnt.dll
0x00007ff966570000 - 0x00007ff966577000 	C:\Program Files\Java\jdk-24\bin\rmi.dll
0x00007ff96d700000 - 0x00007ff96d736000 	C:\WINDOWS\SYSTEM32\ntmarta.dll
0x00007ff8c2550000 - 0x00007ff8c26cf000 	C:\Program Files\Java\jdk-24\bin\awt.dll
0x00007ff96b220000 - 0x00007ff96b2bf000 	C:\WINDOWS\SYSTEM32\apphelp.dll
0x00007ff96b470000 - 0x00007ff96b518000 	C:\WINDOWS\system32\uxtheme.dll
0x00007ff970900000 - 0x00007ff970a5b000 	C:\WINDOWS\System32\MSCTF.dll

JVMTI agents:
C:\Users\orili\.gradle\wrapper\dists\gradle-8.14-all\c2qonpi39x1mddn7hk5gh9iqj\gradle-8.14\lib\agents\gradle-instrumentation-agent-8.14.jar path:C:\Program Files\Java\jdk-24\bin\instrument.dll, loaded, initialized, instrumentlib options:none

dbghelp: loaded successfully - version: 4.0.5 - missing functions: none
symbol engine: initialized successfully - sym options: 0x614 - pdb path: .;C:\Program Files\Java\jdk-24\bin;C:\WINDOWS\SYSTEM32;C:\WINDOWS\WinSxS\amd64_microsoft.windows.common-controls_6595b64144ccf1df_6.0.26100.9278_none_3e0d1ba8e3303201;C:\Program Files\Java\jdk-24\bin\server;C:\Users\orili\.gradle\native\1def1411415f61bf3af743bc5b6707747c0891f09f0c88961ee8f79bc544acac\windows-amd64;C:\Users\orili\.gradle\native\0.2.7\x86_64-windows-gnu;C:\Users\orili\AppData\Local\Temp

VM Arguments:
jvm_args: --add-opens=java.base/java.lang=ALL-UNNAMED --add-opens=java.base/java.lang.invoke=ALL-UNNAMED --add-opens=java.base/java.util=ALL-UNNAMED --add-opens=java.prefs/java.util.prefs=ALL-UNNAMED --add-exports=jdk.compiler/com.sun.tools.javac.api=ALL-UNNAMED --add-exports=jdk.compiler/com.sun.tools.javac.util=ALL-UNNAMED --add-opens=java.base/java.util=ALL-UNNAMED --add-opens=java.prefs/java.util.prefs=ALL-UNNAMED --add-opens=java.base/java.nio.charset=ALL-UNNAMED --add-opens=java.base/java.net=ALL-UNNAMED --add-opens=java.base/java.util.concurrent.atomic=ALL-UNNAMED --add-opens=java.xml/javax.xml.namespace=ALL-UNNAMED --enable-native-access=ALL-UNNAMED -Xmx3072m -Dfile.encoding=UTF-8 -Duser.country=US -Duser.language=en -Duser.variant -javaagent:C:\Users\orili\.gradle\wrapper\dists\gradle-8.14-all\c2qonpi39x1mddn7hk5gh9iqj\gradle-8.14\lib\agents\gradle-instrumentation-agent-8.14.jar 
java_command: org.gradle.launcher.daemon.bootstrap.GradleDaemon 8.14
java_class_path (initial): C:\Users\orili\.gradle\wrapper\dists\gradle-8.14-all\c2qonpi39x1mddn7hk5gh9iqj\gradle-8.14\lib\gradle-daemon-main-8.14.jar
Launcher Type: SUN_STANDARD

[Global flags]
     intx CICompilerCount                          = 12                                        {product} {ergonomic}
     uint ConcGCThreads                            = 3                                         {product} {ergonomic}
     uint G1ConcRefinementThreads                  = 13                                        {product} {ergonomic}
   size_t G1HeapRegionSize                         = 2097152                                   {product} {ergonomic}
   size_t InitialHeapSize                          = 398458880                                 {product} {ergonomic}
   size_t MarkStackSize                            = 4194304                                   {product} {ergonomic}
   size_t MarkStackSizeMax                         = 536870912                                 {product} {ergonomic}
   size_t MaxHeapSize                              = 3221225472                                {product} {command line}
   size_t MaxNewSize                               = 1931476992                                {product} {ergonomic}
   size_t MinHeapDeltaBytes                        = 2097152                                   {product} {ergonomic}
   size_t MinHeapSize                              = 8388608                                   {product} {ergonomic}
    uintx NonNMethodCodeHeapSize                   = 7602176                                {pd product} {ergonomic}
    uintx NonProfiledCodeHeapSize                  = 122093568                              {pd product} {ergonomic}
    uintx ProfiledCodeHeapSize                     = 121962496                              {pd product} {ergonomic}
    uintx ReservedCodeCacheSize                    = 251658240                              {pd product} {ergonomic}
     bool SegmentedCodeCache                       = true                                      {product} {ergonomic}
   size_t SoftMaxHeapSize                          = 3221225472                             {manageable} {ergonomic}
     bool UseCompressedOops                        = true                           {product lp64_product} {ergonomic}
     bool UseG1GC                                  = true                                      {product} {ergonomic}
     bool UseLargePagesIndividualAllocation        = false                                  {pd product} {ergonomic}

Logging:
Log output configuration:
 #0: stdout all=warning uptime,level,tags foldmultilines=false
 #1: stderr all=off uptime,level,tags foldmultilines=false

Environment Variables:
CLASSPATH=c:\Users\orili\.vscode\extensions\vscjava.vscode-gradle-3.18.0\lib\gradle-server.jar
PATH=C:\Program Files\Common Files\Oracle\Java\javapath;C:\Program Files (x86)\Common Files\Oracle\Java\java8path;C:\Program Files (x86)\Common Files\Oracle\Java\javapath;C:\WINDOWS\system32;C:\WINDOWS;C:\WINDOWS\System32\Wbem;C:\WINDOWS\System32\WindowsPowerShell\v1.0\;C:\WINDOWS\System32\OpenSSH\;C:\Program Files (x86)\NVIDIA Corporation\PhysX\Common;C:\Program Files\NVIDIA Corporation\NVIDIA NvDLISR;C:\Program Files\dotnet\;C:\Program Files\Microsoft SQL Server\150\Tools\Binn\;C:\Program Files\Ballerina\\bin;C:\Program Files\Git\cmd;C:\Program Files\Docker\Docker\resources\bin;C:\ngrok;;C:\ProgramData\chocolatey\bin;C:\Program Files\nodejs\;C:\composer;C:\Strawberry\c\bin;C:\Strawberry\perl\site\bin;C:\Strawberry\perl\bin;C:\Program Files\Microsoft SQL Server\170\Tools\Binn\;C:\Program Files (x86)\Windows Kits\10\Windows Performance Toolkit\;C:\Users\orili\AppData\Local\Programs\Python\Python39\Scripts\;C:\Users\orili\AppData\Local\Programs\Python\Python39\;C:\Users\orili\AppData\Local\Programs\Python\Python39-32\Scripts\;C:\Users\orili\AppData\Local\Programs\Python\Python39-32\;C:\Users\orili\AppData\Local\Programs\Python\Python311\Scripts\;C:\Users\orili\AppData\Local\Programs\Python\Python311\;C:\Users\orili\AppData\Local\Programs\Python\Python313\Scripts\;C:\Users\orili\AppData\Local\Programs\Python\Python313\;C:\Users\orili\AppData\Local\Programs\Python\Launcher\;C:\Program Files\MySQL\MySQL Shell 8.0\bin\;C:\Users\orili\AppData\Local\Microsoft\WindowsApps;C:\Users\orili\AppData\Local\Programs\Microsoft VS Code\bin;C:\flutter\flutter\bin;C:\icu\icu4c-72_1-Win64-MSVC2019\20221013.8_ICU4C_MSVC_x64_Release\icu-windows\bin64;C:\Users\orili\AppData\Local\Programs\Ollama;C:\Users\orili\AppData\Roaming\npm;C:\Users\orili\.local\bin;C:\xampp\php;C:\Users\orili\AppData\Roaming\Composer\vendor\bin;C:\Users\orili\AppData\Local\Programs\MiKTeX\miktex\bin\x64\;C:\Users\orili\.dotnet\tools;C:\Users\orili\AppData\Local\Microsoft\WinGet\Packages\Gyan.FFmpeg_Microsoft.Winget.Source_8wekyb3d8bbwe\ffmpeg-8.1.1-full_build\bin;;C:\Users\orili\.dotnet\tools;C:\Users\orili\AppData\Local\Microsoft\WinGet\Packages\Ngrok.Ngrok_Microsoft.Winget.Source_8wekyb3d8bbwe;C:\Users\orili\AppData\Local\Microsoft\WinGet\Links;C:\Users\orili\AppData\Local\Microsoft\WinGet\Packages\yt-dlp.FFmpeg_Microsoft.Winget.Source_8wekyb3d8bbwe\ffmpeg-N-125875-g5d4d3bdc61-win64-gpl\bin;C:\Users\orili\AppData\Local\Microsoft\WindowsApps
USERNAME=orili
OS=Windows_NT
PROCESSOR_IDENTIFIER=Intel64 Family 6 Model 154 Stepping 3, GenuineIntel
TMP=C:\Users\orili\AppData\Local\Temp
TEMP=C:\Users\orili\AppData\Local\Temp




Periodic native trim disabled

---------------  S Y S T E M  ---------------

OS:
 Windows 11 , 64 bit Build 26100 (10.0.26100.9444)
OS uptime: 5 days 5:15 hours
Hyper-V role detected

CPU: total 16 (initial active 16) (8 cores per cpu, 2 threads per core) family 6 model 154 stepping 3 microcode 0x434, cx8, cmov, fxsr, ht, mmx, 3dnowpref, sse, sse2, sse3, ssse3, sse4.1, sse4.2, popcnt, lzcnt, tsc, tscinvbit, avx, avx2, aes, erms, clmul, bmi1, bmi2, adx, sha, fma, vzeroupper, clflush, clflushopt, clwb, hv, serialize, rdtscp, rdpid, fsrm, gfni, f16c, cet_ibt, cet_ss
Processor Information for the first 16 processors :
  Max Mhz: 2500, Current Mhz: 2500, Mhz Limit: 2500

Memory: 4k page, system-wide physical 24196M (2844M free)
TotalPageFile size 38196M (AvailPageFile size 1054M)
current process WorkingSet (physical memory assigned to process): 3154M, peak: 3155M
current process commit charge ("private bytes"): 3253M, peak: 3271M

vm_info: Java HotSpot(TM) 64-Bit Server VM (24.0.2+12-54) for windows-amd64 JRE (24.0.2+12-54), built on 2025-07-08T12:10:27Z with MS VC++ 17.6 (VS2022)

END.
