#
# There is insufficient memory for the Java Runtime Environment to continue.
# Native memory allocation (malloc) failed to allocate 1085936 bytes. Error detail: Chunk::new
# Possible reasons:
#   The system is out of physical RAM or swap space
#   This process is running with CompressedOops enabled, and the Java Heap may be blocking the growth of the native heap
# Possible solutions:
#   Reduce memory load on the system
#   Increase physical memory or swap space
#   Check if swap backing store is full
#   Decrease Java heap size (-Xmx/-Xms)
#   Decrease number of Java threads
#   Decrease Java thread stack sizes (-Xss)
#   Set larger code cache with -XX:ReservedCodeCacheSize=
#   JVM is running with Zero Based Compressed Oops mode in which the Java heap is
#     placed in the first 32GB address space. The Java Heap base address is the
#     maximum limit for the native heap growth. Please use -XX:HeapBaseMinAddress
#     to set the Java Heap base and to place the Java Heap above 32GB virtual address.
# This output file may be truncated or incomplete.
#
#  Out of Memory Error (arena.cpp:168), pid=4220, tid=38732
#
# JRE version: OpenJDK Runtime Environment (21.0.6) (build 21.0.6+-13368085-b895.109)
# Java VM: OpenJDK 64-Bit Server VM (21.0.6+-13368085-b895.109, mixed mode, tiered, compressed oops, compressed class ptrs, g1 gc, windows-amd64)
# No core dump will be written. Minidumps are not enabled by default on client versions of Windows
#

---------------  S U M M A R Y ------------

Command Line: --add-opens=java.base/java.lang=ALL-UNNAMED --add-opens=java.base/java.lang.invoke=ALL-UNNAMED --add-opens=java.base/java.util=ALL-UNNAMED --add-opens=java.prefs/java.util.prefs=ALL-UNNAMED --add-exports=jdk.compiler/com.sun.tools.javac.api=ALL-UNNAMED --add-exports=jdk.compiler/com.sun.tools.javac.util=ALL-UNNAMED --add-opens=java.base/java.util=ALL-UNNAMED --add-opens=java.prefs/java.util.prefs=ALL-UNNAMED --add-opens=java.base/java.nio.charset=ALL-UNNAMED --add-opens=java.base/java.net=ALL-UNNAMED --add-opens=java.base/java.util.concurrent.atomic=ALL-UNNAMED --add-opens=java.xml/javax.xml.namespace=ALL-UNNAMED -Xmx3072m -Dfile.encoding=UTF-8 -Duser.country=US -Duser.language=en -Duser.variant -javaagent:C:\Users\orili\.gradle\wrapper\dists\gradle-8.14-all\c2qonpi39x1mddn7hk5gh9iqj\gradle-8.14\lib\agents\gradle-instrumentation-agent-8.14.jar org.gradle.launcher.daemon.bootstrap.GradleDaemon 8.14

Host: 12th Gen Intel(R) Core(TM) i5-12500H, 16 cores, 23G,  Windows 11 , 64 bit Build 26100 (10.0.26100.9444)
Time: Tue Sep 22 14:15:49 2026 Namibia Standard Time elapsed time: 288.997142 seconds (0d 0h 4m 48s)

---------------  T H R E A D  ---------------

Current thread (0x00000196e739aa80):  JavaThread "C2 CompilerThread2" daemon [_thread_in_native, id=38732, stack(0x0000000110900000,0x0000000110a00000) (1024K)]


Current CompileTask:
C2:288997 78331   !   4       com.android.tools.r8.graph.l8::a (699 bytes)

Stack: [0x0000000110900000,0x0000000110a00000]
Native frames: (J=compiled Java code, j=interpreted, Vv=VM code, C=native code)
V  [jvm.dll+0x6d0639]
V  [jvm.dll+0x85eb03]
V  [jvm.dll+0x86105e]
V  [jvm.dll+0x861743]
V  [jvm.dll+0x27e6e6]
V  [jvm.dll+0xbff6d]
V  [jvm.dll+0xc04a3]
V  [jvm.dll+0x3b6171]
V  [jvm.dll+0x3820c7]
V  [jvm.dll+0x38153a]
V  [jvm.dll+0x247c82]
V  [jvm.dll+0x247251]
V  [jvm.dll+0x1c5f04]
V  [jvm.dll+0x2569ac]
V  [jvm.dll+0x254ef6]
V  [jvm.dll+0x3f0e96]
V  [jvm.dll+0x806ed8]
V  [jvm.dll+0x6cef0d]
C  [ucrtbase.dll+0x2cd30]
C  [KERNEL32.DLL+0x2cd87]
C  [ntdll.dll+0xacaec]


---------------  P R O C E S S  ---------------

Threads class SMR info:
_java_thread_list=0x00000196e2ec94c0, length=286, elements={
0x00000196a74d0780, 0x00000196c7093cf0, 0x00000196c70b9160, 0x00000196c70c37c0,
0x00000196c70dcf80, 0x00000196c70dd9d0, 0x00000196c70c4770, 0x00000196c70c5100,
0x00000196c70c5b90, 0x00000196c2d96090, 0x00000196c741f9e0, 0x00000196c8e633d0,
0x00000196c8f05e80, 0x00000196c8f116e0, 0x00000196c8d5a9f0, 0x00000196c8d510d0,
0x00000196c81fe6a0, 0x00000196c81fb8b0, 0x00000196c81fd980, 0x00000196cd4184c0,
0x00000196cd417e30, 0x00000196cd4191e0, 0x00000196ca928d80, 0x00000196d7b15870,
0x00000196d7b16590, 0x00000196d7b172b0, 0x00000196d7b16c20, 0x00000196e1e31b60,
0x00000196e1e36390, 0x00000196e1e3b250, 0x00000196e1e3b8e0, 0x00000196e20b9d30,
0x00000196e20bb0e0, 0x00000196d89b0ed0, 0x00000196d89b1bf0, 0x00000196d89b1560,
0x00000196d89b2280, 0x00000196e20ba3c0, 0x00000196e20baa50, 0x00000196de86a680,
0x00000196de86d470, 0x00000196d73c2dc0, 0x00000196de86ad10, 0x00000196e0b6a370,
0x00000196e0b68fc0, 0x00000196e0b69650, 0x00000196e0b69ce0, 0x00000196df25fe90,
0x00000196df25f800, 0x00000196df25e450, 0x00000196df260520, 0x00000196e8ec4ad0,
0x00000196e8ec3720, 0x00000196e8ec3db0, 0x00000196e8ec4440, 0x00000196d9f03c40,
0x00000196d9f02f20, 0x00000196e049e250, 0x00000196e049d530, 0x00000196e049dbc0,
0x00000196e049e8e0, 0x00000196e8bd5dd0, 0x00000196eae21650, 0x00000196eae22370,
0x00000196eae202a0, 0x00000196eae20930, 0x00000196eae21ce0, 0x00000196eae22a00,
0x00000196eae20fc0, 0x00000196eae1f580, 0x00000196ec0629c0, 0x00000196ec063050,
0x00000196ec061ca0, 0x00000196e0e67110, 0x00000196e0e656d0, 0x00000196e1f6e750,
0x00000196df1f4380, 0x00000196df1f5dc0, 0x00000196df1f6450, 0x00000196df1f6ae0,
0x00000196df1f3660, 0x00000196df1f3cf0, 0x00000196df1f4a10, 0x00000196df1f50a0,
0x00000196df1f5730, 0x00000196ec064a90, 0x00000196ec062330, 0x00000196ec065120,
0x00000196de084300, 0x00000196de084990, 0x00000196de085020, 0x00000196de0835e0,
0x00000196de0863d0, 0x00000196de086a60, 0x00000196d9f035b0, 0x00000196d9f04ff0,
0x00000196d9f05680, 0x00000196d9f042d0, 0x00000196d9f05d10, 0x00000196e1eeb4d0,
0x00000196e1eebb60, 0x00000196e1eec1f0, 0x00000196def41420, 0x00000196def43b80,
0x00000196def40d90, 0x00000196def41ab0, 0x00000196def42140, 0x00000196e0e65d60,
0x00000196df25f170, 0x00000196df260bb0, 0x00000196e0e63c90, 0x00000196e0e64320,
0x00000196e0e66a80, 0x00000196e0e649b0, 0x00000196e0e663f0, 0x00000196e0e65040,
0x00000196e8f1c140, 0x00000196e8f1d4f0, 0x00000196e8f1bab0, 0x00000196e8f1a070,
0x00000196e8f1c7d0, 0x00000196e8f1a700, 0x00000196def42e60, 0x00000196def44210,
0x00000196de0856b0, 0x00000196df25eae0, 0x00000196df25ddc0, 0x00000196df25d730,
0x00000196e018a070, 0x00000196e01899e0, 0x00000196e0189350, 0x00000196e0188cc0,
0x00000196de083c70, 0x00000196de085d40, 0x00000196e120a360, 0x00000196e120b710,
0x00000196def434f0, 0x00000196e120b080, 0x00000196e120a9f0, 0x00000196e120c430,
0x00000196e120bda0, 0x00000196d73c0660, 0x00000196d73c2730, 0x00000196d73c1a10,
0x00000196d73c20a0, 0x00000196d73c1380, 0x00000196d73bffd0, 0x00000196d73c3450,
0x00000196dedc6800, 0x00000196dedc6170, 0x00000196dedc5ae0, 0x00000196dedc40a0,
0x00000196dedc3a10, 0x00000196dedc6e90, 0x00000196dedc4dc0, 0x00000196dedc5450,
0x00000196e873fda0, 0x00000196e873f080, 0x00000196df852b20, 0x00000196e2611890,
0x00000196e26125b0, 0x00000196e2612c40, 0x00000196e95f54f0, 0x00000196e95f4140,
0x00000196e95f4e60, 0x00000196e95f47d0, 0x00000196e95f3420, 0x00000196e95f5b80,
0x00000196e95f6210, 0x00000196e95f2d90, 0x00000196e95f3ab0, 0x00000196e8b0a670,
0x00000196e8b0c0b0, 0x00000196e1f8fa50, 0x00000196e1f90770, 0x00000196d9f063a0,
0x00000196e1209cd0, 0x00000196e1208fb0, 0x00000196e1209640, 0x00000196ead1f940,
0x00000196ead1ffd0, 0x00000196ead1d1e0, 0x00000196ead1cb50, 0x00000196ead1d870,
0x00000196ead1df00, 0x00000196ead1e590, 0x00000196ead1ec20, 0x00000196ead1f2b0,
0x00000196e1b750e0, 0x00000196e1b75770, 0x00000196e1b72980, 0x00000196ebb99790,
0x00000196ebb98a70, 0x00000196ebb99e20, 0x00000196ebb99100, 0x00000196ebb9ab40,
0x00000196ebb97d50, 0x00000196ebb983e0, 0x00000196e9a21f40, 0x00000196e9a24010,
0x00000196e9a20b90, 0x00000196e9a232f0, 0x00000196e9a21220, 0x00000196e9a218b0,
0x00000196e957f030, 0x00000196e957f6c0, 0x00000196e8b0ad00, 0x00000196e8b0d460,
0x00000196e8b0c740, 0x00000196e8b0ba20, 0x00000196e8b0b390, 0x00000196e8b0cdd0,
0x00000196df8fcd00, 0x00000196df8fb2c0, 0x00000196df8fe740, 0x00000196e957fd50,
0x00000196e9580a70, 0x00000196e95803e0, 0x00000196e9581100, 0x00000196e957e9a0,
0x00000196e9581790, 0x00000196e0a11e20, 0x00000196df8fbfe0, 0x00000196df8fd390,
0x00000196df8fc670, 0x00000196df8fda20, 0x00000196df8fe0b0, 0x00000196df8fb950,
0x00000196e9db4520, 0x00000196e9db1730, 0x00000196e9db4bb0, 0x00000196e0a10a70,
0x00000196e251ce20, 0x00000196e0a0f030, 0x00000196e0a0f6c0, 0x00000196e0a0fd50,
0x00000196e0a0e9a0, 0x00000196e0a103e0, 0x00000196e0a11100, 0x00000196e0a11790,
0x00000196ea505a00, 0x00000196ea506720, 0x00000196ea504ce0, 0x00000196ea504650,
0x00000196e957e310, 0x00000196e9a225d0, 0x00000196df9af1f0, 0x00000196e8740430,
0x00000196e873f710, 0x00000196eb818ba0, 0x00000196eb817160, 0x00000196eb8177f0,
0x00000196eb817e80, 0x00000196eb819230, 0x00000196ea505370, 0x00000196ea506090,
0x00000196de8757b0, 0x00000196de8729c0, 0x00000196df83ae80, 0x00000196de870f80,
0x00000196de86db00, 0x00000196de874400, 0x00000196df84bb90, 0x00000196e7737670,
0x00000196e251d4b0, 0x00000196e9db2450, 0x00000196de877f10, 0x00000196df3018c0,
0x00000196e8bd8530, 0x00000196e7737d00, 0x00000196eb8198c0, 0x00000196df848da0,
0x00000196e7915fc0, 0x00000196e8bd7810, 0x00000196e9db3800, 0x00000196ec132df0,
0x00000196ec130690, 0x00000196e7396660, 0x00000196e739b150, 0x00000196e739b820,
0x00000196e1ac4410, 0x00000196d8845fc0, 0x00000196e739aa80, 0x00000196e7397ad0,
0x00000196e739bef0, 0x00000196d87e4a40
}

Java Threads: ( => current thread )
  0x00000196a74d0780 JavaThread "main"                              [_thread_blocked, id=38872, stack(0x0000000100600000,0x0000000100700000) (1024K)]
  0x00000196c7093cf0 JavaThread "Reference Handler"          daemon [_thread_blocked, id=37632, stack(0x0000000100e00000,0x0000000100f00000) (1024K)]
  0x00000196c70b9160 JavaThread "Finalizer"                  daemon [_thread_blocked, id=35216, stack(0x0000000100f00000,0x0000000101000000) (1024K)]
  0x00000196c70c37c0 JavaThread "Signal Dispatcher"          daemon [_thread_blocked, id=37236, stack(0x0000000101000000,0x0000000101100000) (1024K)]
  0x00000196c70dcf80 JavaThread "Attach Listener"            daemon [_thread_blocked, id=36276, stack(0x0000000101100000,0x0000000101200000) (1024K)]
  0x00000196c70dd9d0 JavaThread "Service Thread"             daemon [_thread_blocked, id=23388, stack(0x0000000101200000,0x0000000101300000) (1024K)]
  0x00000196c70c4770 JavaThread "Monitor Deflation Thread"   daemon [_thread_blocked, id=29628, stack(0x0000000101300000,0x0000000101400000) (1024K)]
  0x00000196c70c5100 JavaThread "C2 CompilerThread0"         daemon [_thread_in_native, id=33516, stack(0x0000000101400000,0x0000000101500000) (1024K)]
  0x00000196c70c5b90 JavaThread "C1 CompilerThread0"         daemon [_thread_blocked, id=35404, stack(0x0000000101500000,0x0000000101600000) (1024K)]
  0x00000196c2d96090 JavaThread "Common-Cleaner"             daemon [_thread_blocked, id=15024, stack(0x0000000101600000,0x0000000101700000) (1024K)]
  0x00000196c741f9e0 JavaThread "Notification Thread"        daemon [_thread_blocked, id=32080, stack(0x0000000101900000,0x0000000101a00000) (1024K)]
  0x00000196c8e633d0 JavaThread "Daemon health stats"               [_thread_blocked, id=37616, stack(0x0000000102500000,0x0000000102600000) (1024K)]
  0x00000196c8f05e80 JavaThread "Incoming local TCP Connector on port 57244"        [_thread_in_native, id=35432, stack(0x0000000102600000,0x0000000102700000) (1024K)]
  0x00000196c8f116e0 JavaThread "Daemon periodic checks"            [_thread_blocked, id=36772, stack(0x0000000102700000,0x0000000102800000) (1024K)]
  0x00000196c8d5a9f0 JavaThread "Daemon"                            [_thread_blocked, id=38360, stack(0x0000000102800000,0x0000000102900000) (1024K)]
  0x00000196c8d510d0 JavaThread "Daemon worker"                     [_thread_blocked, id=5792, stack(0x0000000101b00000,0x0000000101c00000) (1024K)]
  0x00000196c81fe6a0 JavaThread "Cache worker for journal cache (C:\Users\orili\.gradle\caches\journal-1)"        [_thread_blocked, id=26492, stack(0x0000000103300000,0x0000000103400000) (1024K)]
  0x00000196c81fb8b0 JavaThread "File lock request listener"        [_thread_in_native, id=37444, stack(0x0000000103400000,0x0000000103500000) (1024K)]
  0x00000196c81fd980 JavaThread "Cache worker for file hash cache (C:\Users\orili\.gradle\caches\8.14\fileHashes)"        [_thread_blocked, id=37860, stack(0x0000000103500000,0x0000000103600000) (1024K)]
  0x00000196cd4184c0 JavaThread "Cache worker for file content cache (C:\Users\orili\.gradle\caches\8.14\fileContent)"        [_thread_blocked, id=32160, stack(0x0000000103d00000,0x0000000103e00000) (1024K)]
  0x00000196cd417e30 JavaThread "File watcher server"        daemon [_thread_in_native, id=30440, stack(0x0000000103700000,0x0000000103800000) (1024K)]
  0x00000196cd4191e0 JavaThread "File watcher consumer"      daemon [_thread_blocked, id=29588, stack(0x0000000103b00000,0x0000000103c00000) (1024K)]
  0x00000196ca928d80 JavaThread "Memory manager"                    [_thread_blocked, id=35124, stack(0x0000000101800000,0x0000000101900000) (1024K)]
  0x00000196d7b15870 JavaThread "RMI Scheduler(0)"           daemon [_thread_blocked, id=31528, stack(0x0000000110100000,0x0000000110200000) (1024K)]
  0x00000196d7b16590 JavaThread "RMI GC Daemon"              daemon [_thread_blocked, id=32004, stack(0x0000000110600000,0x0000000110700000) (1024K)]
  0x00000196d7b172b0 JavaThread "RMI TCP Accept-0"           daemon [_thread_in_native, id=37320, stack(0x0000000110700000,0x0000000110800000) (1024K)]
  0x00000196d7b16c20 JavaThread "RMI Reaper"                        [_thread_blocked, id=36124, stack(0x0000000110800000,0x0000000110900000) (1024K)]
  0x00000196e1e31b60 JavaThread "Periodic tasks thread"      daemon [_thread_blocked, id=36472, stack(0x0000000112200000,0x0000000112300000) (1024K)]
  0x00000196e1e36390 JavaThread "ApplicationImpl pooled thread 1" daemon [_thread_blocked, id=38632, stack(0x0000000112300000,0x0000000112400000) (1024K)]
  0x00000196e1e3b250 JavaThread "Java2D Disposer"            daemon [_thread_blocked, id=36456, stack(0x0000000111d00000,0x0000000111e00000) (1024K)]
  0x00000196e1e3b8e0 JavaThread "AWT-Windows"                daemon [_thread_in_native, id=37604, stack(0x0000000112700000,0x0000000112800000) (1024K)]
  0x00000196e20b9d30 JavaThread "Handler for socket connection from /127.0.0.1:57244 to /127.0.0.1:53293"        [_thread_in_native, id=36540, stack(0x0000000100500000,0x0000000100600000) (1024K)]
  0x00000196e20bb0e0 JavaThread "Cancel handler"                    [_thread_blocked, id=38432, stack(0x0000000101700000,0x0000000101800000) (1024K)]
  0x00000196d89b0ed0 JavaThread "Asynchronous log dispatcher for DefaultDaemonConnection: socket connection from /127.0.0.1:57244 to /127.0.0.1:53293"        [_thread_blocked, id=7472, stack(0x0000000101a00000,0x0000000101b00000) (1024K)]
  0x00000196d89b1bf0 JavaThread "Stdin handler"                     [_thread_blocked, id=37704, stack(0x0000000102400000,0x0000000102500000) (1024K)]
  0x00000196d89b1560 JavaThread "Daemon client event forwarder"        [_thread_blocked, id=32988, stack(0x0000000102900000,0x0000000102a00000) (1024K)]
  0x00000196d89b2280 JavaThread "Cache worker for file hash cache (D:\personal projects 2\Pack a bunch\Pack_a_bunch_App\.gradle\8.14\fileHashes)"        [_thread_blocked, id=38140, stack(0x0000000103800000,0x0000000103900000) (1024K)]
  0x00000196e20ba3c0 JavaThread "Cache worker for checksums cache (D:\personal projects 2\Pack a bunch\Pack_a_bunch_App\.gradle\8.14\checksums)"        [_thread_blocked, id=38220, stack(0x0000000103900000,0x0000000103a00000) (1024K)]
  0x00000196e20baa50 JavaThread "Cache worker for Build Output Cleanup Cache (D:\personal projects 2\Pack a bunch\Pack_a_bunch_App\.gradle\buildOutputCleanup)"        [_thread_blocked, id=14444, stack(0x0000000103a00000,0x0000000103b00000) (1024K)]
  0x00000196de86a680 JavaThread "Cache worker for cache directory md-supplier (C:\Users\orili\.gradle\caches\8.14\md-supplier)"        [_thread_blocked, id=37384, stack(0x0000000103600000,0x0000000103700000) (1024K)]
  0x00000196de86d470 JavaThread "Cache worker for cache directory md-rule (C:\Users\orili\.gradle\caches\8.14\md-rule)"        [_thread_blocked, id=38580, stack(0x0000000103c00000,0x0000000103d00000) (1024K)]
  0x00000196d73c2dc0 JavaThread "Configuration cache report writer"        [_thread_blocked, id=34680, stack(0x0000000103f00000,0x0000000104000000) (1024K)]
  0x00000196de86ad10 JavaThread "Unconstrained build operations"        [_thread_blocked, id=31760, stack(0x0000000104100000,0x0000000104200000) (1024K)]
  0x00000196e0b6a370 JavaThread "Unconstrained build operations Thread 2"        [_thread_blocked, id=8288, stack(0x0000000104200000,0x0000000104300000) (1024K)]
  0x00000196e0b68fc0 JavaThread "Unconstrained build operations Thread 3"        [_thread_blocked, id=20612, stack(0x0000000104300000,0x0000000104400000) (1024K)]
  0x00000196e0b69650 JavaThread "Unconstrained build operations Thread 4"        [_thread_blocked, id=7280, stack(0x0000000104400000,0x0000000104500000) (1024K)]
  0x00000196e0b69ce0 JavaThread "Unconstrained build operations Thread 5"        [_thread_blocked, id=16040, stack(0x0000000104500000,0x0000000104600000) (1024K)]
  0x00000196df25fe90 JavaThread "Unconstrained build operations Thread 6"        [_thread_blocked, id=22712, stack(0x0000000104600000,0x0000000104700000) (1024K)]
  0x00000196df25f800 JavaThread "Unconstrained build operations Thread 7"        [_thread_blocked, id=17868, stack(0x0000000104700000,0x0000000104800000) (1024K)]
  0x00000196df25e450 JavaThread "Unconstrained build operations Thread 8"        [_thread_blocked, id=36344, stack(0x0000000104800000,0x0000000104900000) (1024K)]
  0x00000196df260520 JavaThread "Unconstrained build operations Thread 9"        [_thread_blocked, id=10308, stack(0x0000000104900000,0x0000000104a00000) (1024K)]
  0x00000196e8ec4ad0 JavaThread "Unconstrained build operations Thread 10"        [_thread_blocked, id=11284, stack(0x0000000104a00000,0x0000000104b00000) (1024K)]
  0x00000196e8ec3720 JavaThread "Unconstrained build operations Thread 11"        [_thread_blocked, id=29444, stack(0x0000000104b00000,0x0000000104c00000) (1024K)]
  0x00000196e8ec3db0 JavaThread "Unconstrained build operations Thread 12"        [_thread_blocked, id=38740, stack(0x0000000104c00000,0x0000000104d00000) (1024K)]
  0x00000196e8ec4440 JavaThread "Unconstrained build operations Thread 13"        [_thread_blocked, id=37984, stack(0x0000000104d00000,0x0000000104e00000) (1024K)]
  0x00000196d9f03c40 JavaThread "Unconstrained build operations Thread 14"        [_thread_blocked, id=25684, stack(0x0000000104e00000,0x0000000104f00000) (1024K)]
  0x00000196d9f02f20 JavaThread "Unconstrained build operations Thread 15"        [_thread_blocked, id=15032, stack(0x0000000104f00000,0x0000000105000000) (1024K)]
  0x00000196e049e250 JavaThread "Unconstrained build operations Thread 16"        [_thread_blocked, id=36576, stack(0x0000000105200000,0x0000000105300000) (1024K)]
  0x00000196e049d530 JavaThread "Unconstrained build operations Thread 17"        [_thread_blocked, id=38788, stack(0x0000000105300000,0x0000000105400000) (1024K)]
  0x00000196e049dbc0 JavaThread "Unconstrained build operations Thread 18"        [_thread_blocked, id=33896, stack(0x0000000105400000,0x0000000105500000) (1024K)]
  0x00000196e049e8e0 JavaThread "Unconstrained build operations Thread 19"        [_thread_blocked, id=36308, stack(0x0000000105500000,0x0000000105600000) (1024K)]
  0x00000196e8bd5dd0 JavaThread "Unconstrained build operations Thread 20"        [_thread_blocked, id=38488, stack(0x0000000105600000,0x0000000105700000) (1024K)]
  0x00000196eae21650 JavaThread "Unconstrained build operations Thread 21"        [_thread_blocked, id=34488, stack(0x0000000105700000,0x0000000105800000) (1024K)]
  0x00000196eae22370 JavaThread "Unconstrained build operations Thread 22"        [_thread_blocked, id=12940, stack(0x0000000105800000,0x0000000105900000) (1024K)]
  0x00000196eae202a0 JavaThread "Unconstrained build operations Thread 23"        [_thread_blocked, id=36976, stack(0x0000000105900000,0x0000000105a00000) (1024K)]
  0x00000196eae20930 JavaThread "Unconstrained build operations Thread 24"        [_thread_blocked, id=37932, stack(0x0000000105a00000,0x0000000105b00000) (1024K)]
  0x00000196eae21ce0 JavaThread "Unconstrained build operations Thread 25"        [_thread_blocked, id=34164, stack(0x0000000105b00000,0x0000000105c00000) (1024K)]
  0x00000196eae22a00 JavaThread "Unconstrained build operations Thread 26"        [_thread_blocked, id=18060, stack(0x0000000105c00000,0x0000000105d00000) (1024K)]
  0x00000196eae20fc0 JavaThread "Unconstrained build operations Thread 27"        [_thread_blocked, id=1488, stack(0x0000000105d00000,0x0000000105e00000) (1024K)]
  0x00000196eae1f580 JavaThread "Unconstrained build operations Thread 28"        [_thread_blocked, id=18420, stack(0x0000000105e00000,0x0000000105f00000) (1024K)]
  0x00000196ec0629c0 JavaThread "Unconstrained build operations Thread 29"        [_thread_blocked, id=38168, stack(0x0000000105f00000,0x0000000106000000) (1024K)]
  0x00000196ec063050 JavaThread "Unconstrained build operations Thread 30"        [_thread_blocked, id=38492, stack(0x0000000106000000,0x0000000106100000) (1024K)]
  0x00000196ec061ca0 JavaThread "build event listener"              [_thread_blocked, id=38064, stack(0x0000000106100000,0x0000000106200000) (1024K)]
  0x00000196e0e67110 JavaThread "Build operations"                  [_thread_blocked, id=2504, stack(0x0000000102c00000,0x0000000102d00000) (1024K)]
  0x00000196e0e656d0 JavaThread "Unconstrained build operations Thread 31"        [_thread_blocked, id=37360, stack(0x0000000103e00000,0x0000000103f00000) (1024K)]
  0x00000196e1f6e750 JavaThread "Unconstrained build operations Thread 32"        [_thread_blocked, id=32756, stack(0x0000000104000000,0x0000000104100000) (1024K)]
  0x00000196df1f4380 JavaThread "Unconstrained build operations Thread 33"        [_thread_blocked, id=38684, stack(0x0000000105000000,0x0000000105100000) (1024K)]
  0x00000196df1f5dc0 JavaThread "Unconstrained build operations Thread 34"        [_thread_blocked, id=19580, stack(0x0000000105100000,0x0000000105200000) (1024K)]
  0x00000196df1f6450 JavaThread "Unconstrained build operations Thread 35"        [_thread_blocked, id=38680, stack(0x0000000106200000,0x0000000106300000) (1024K)]
  0x00000196df1f6ae0 JavaThread "Unconstrained build operations Thread 36"        [_thread_blocked, id=35392, stack(0x0000000106300000,0x0000000106400000) (1024K)]
  0x00000196df1f3660 JavaThread "Unconstrained build operations Thread 37"        [_thread_blocked, id=29136, stack(0x0000000106400000,0x0000000106500000) (1024K)]
  0x00000196df1f3cf0 JavaThread "Unconstrained build operations Thread 38"        [_thread_blocked, id=37560, stack(0x0000000106500000,0x0000000106600000) (1024K)]
  0x00000196df1f4a10 JavaThread "Unconstrained build operations Thread 39"        [_thread_blocked, id=26472, stack(0x0000000106600000,0x0000000106700000) (1024K)]
  0x00000196df1f50a0 JavaThread "Unconstrained build operations Thread 40"        [_thread_blocked, id=36408, stack(0x0000000106700000,0x0000000106800000) (1024K)]
  0x00000196df1f5730 JavaThread "Unconstrained build operations Thread 41"        [_thread_blocked, id=36328, stack(0x0000000106800000,0x0000000106900000) (1024K)]
  0x00000196ec064a90 JavaThread "Unconstrained build operations Thread 42"        [_thread_blocked, id=34788, stack(0x0000000106d00000,0x0000000106e00000) (1024K)]
  0x00000196ec062330 JavaThread "Unconstrained build operations Thread 43"        [_thread_blocked, id=21052, stack(0x0000000106f00000,0x0000000107000000) (1024K)]
  0x00000196ec065120 JavaThread "Unconstrained build operations Thread 44"        [_thread_blocked, id=15524, stack(0x0000000107000000,0x0000000107100000) (1024K)]
  0x00000196de084300 JavaThread "Unconstrained build operations Thread 45"        [_thread_blocked, id=37788, stack(0x0000000107100000,0x0000000107200000) (1024K)]
  0x00000196de084990 JavaThread "Unconstrained build operations Thread 46"        [_thread_blocked, id=24216, stack(0x0000000107200000,0x0000000107300000) (1024K)]
  0x00000196de085020 JavaThread "Unconstrained build operations Thread 47"        [_thread_blocked, id=32944, stack(0x0000000107300000,0x0000000107400000) (1024K)]
  0x00000196de0835e0 JavaThread "Unconstrained build operations Thread 48"        [_thread_blocked, id=38172, stack(0x0000000107400000,0x0000000107500000) (1024K)]
  0x00000196de0863d0 JavaThread "Unconstrained build operations Thread 49"        [_thread_blocked, id=38620, stack(0x0000000107500000,0x0000000107600000) (1024K)]
  0x00000196de086a60 JavaThread "Unconstrained build operations Thread 50"        [_thread_blocked, id=1568, stack(0x0000000107600000,0x0000000107700000) (1024K)]
  0x00000196d9f035b0 JavaThread "Unconstrained build operations Thread 51"        [_thread_blocked, id=28968, stack(0x0000000107700000,0x0000000107800000) (1024K)]
  0x00000196d9f04ff0 JavaThread "Unconstrained build operations Thread 52"        [_thread_blocked, id=36664, stack(0x0000000107800000,0x0000000107900000) (1024K)]
  0x00000196d9f05680 JavaThread "Unconstrained build operations Thread 53"        [_thread_blocked, id=37936, stack(0x0000000107900000,0x0000000107a00000) (1024K)]
  0x00000196d9f042d0 JavaThread "Unconstrained build operations Thread 54"        [_thread_blocked, id=30384, stack(0x0000000107a00000,0x0000000107b00000) (1024K)]
  0x00000196d9f05d10 JavaThread "Unconstrained build operations Thread 55"        [_thread_blocked, id=38008, stack(0x0000000107b00000,0x0000000107c00000) (1024K)]
  0x00000196e1eeb4d0 JavaThread "Unconstrained build operations Thread 56"        [_thread_blocked, id=24400, stack(0x0000000107c00000,0x0000000107d00000) (1024K)]
  0x00000196e1eebb60 JavaThread "Unconstrained build operations Thread 57"        [_thread_blocked, id=18568, stack(0x0000000107e00000,0x0000000107f00000) (1024K)]
  0x00000196e1eec1f0 JavaThread "Unconstrained build operations Thread 58"        [_thread_blocked, id=37216, stack(0x0000000107f00000,0x0000000108000000) (1024K)]
  0x00000196def41420 JavaThread "Unconstrained build operations Thread 59"        [_thread_blocked, id=38660, stack(0x0000000108000000,0x0000000108100000) (1024K)]
  0x00000196def43b80 JavaThread "Unconstrained build operations Thread 60"        [_thread_blocked, id=17080, stack(0x0000000108100000,0x0000000108200000) (1024K)]
  0x00000196def40d90 JavaThread "Unconstrained build operations Thread 61"        [_thread_blocked, id=3404, stack(0x0000000108200000,0x0000000108300000) (1024K)]
  0x00000196def41ab0 JavaThread "Unconstrained build operations Thread 62"        [_thread_blocked, id=38448, stack(0x0000000108300000,0x0000000108400000) (1024K)]
  0x00000196def42140 JavaThread "Unconstrained build operations Thread 63"        [_thread_blocked, id=35444, stack(0x0000000108400000,0x0000000108500000) (1024K)]
  0x00000196e0e65d60 JavaThread "Exec process"                      [_thread_blocked, id=37992, stack(0x0000000106a00000,0x0000000106b00000) (1024K)]
  0x00000196df25f170 JavaThread "Exec process Thread 2"             [_thread_blocked, id=33176, stack(0x0000000106c00000,0x0000000106d00000) (1024K)]
  0x00000196df260bb0 JavaThread "Exec process Thread 3"             [_thread_blocked, id=37804, stack(0x0000000108500000,0x0000000108600000) (1024K)]
  0x00000196e0e63c90 JavaThread "Unconstrained build operations Thread 64"        [_thread_blocked, id=37120, stack(0x0000000102b00000,0x0000000102c00000) (1024K)]
  0x00000196e0e64320 JavaThread "Unconstrained build operations Thread 65"        [_thread_blocked, id=2960, stack(0x0000000106900000,0x0000000106a00000) (1024K)]
  0x00000196e0e66a80 JavaThread "Unconstrained build operations Thread 66"        [_thread_blocked, id=28568, stack(0x0000000106b00000,0x0000000106c00000) (1024K)]
  0x00000196e0e649b0 JavaThread "Unconstrained build operations Thread 67"        [_thread_blocked, id=36712, stack(0x0000000108600000,0x0000000108700000) (1024K)]
  0x00000196e0e663f0 JavaThread "Unconstrained build operations Thread 68"        [_thread_blocked, id=20216, stack(0x0000000108700000,0x0000000108800000) (1024K)]
  0x00000196e0e65040 JavaThread "Unconstrained build operations Thread 69"        [_thread_blocked, id=38584, stack(0x0000000108800000,0x0000000108900000) (1024K)]
  0x00000196e8f1c140 JavaThread "Unconstrained build operations Thread 70"        [_thread_blocked, id=12864, stack(0x0000000108900000,0x0000000108a00000) (1024K)]
  0x00000196e8f1d4f0 JavaThread "Unconstrained build operations Thread 71"        [_thread_blocked, id=33728, stack(0x0000000108a00000,0x0000000108b00000) (1024K)]
  0x00000196e8f1bab0 JavaThread "Unconstrained build operations Thread 72"        [_thread_blocked, id=14716, stack(0x0000000108b00000,0x0000000108c00000) (1024K)]
  0x00000196e8f1a070 JavaThread "Unconstrained build operations Thread 73"        [_thread_blocked, id=29984, stack(0x0000000108c00000,0x0000000108d00000) (1024K)]
  0x00000196e8f1c7d0 JavaThread "Unconstrained build operations Thread 74"        [_thread_blocked, id=13004, stack(0x0000000108d00000,0x0000000108e00000) (1024K)]
  0x00000196e8f1a700 JavaThread "Unconstrained build operations Thread 75"        [_thread_blocked, id=38548, stack(0x0000000108e00000,0x0000000108f00000) (1024K)]
  0x00000196def42e60 JavaThread "Build operations Thread 2"         [_thread_blocked, id=5140, stack(0x0000000109400000,0x0000000109500000) (1024K)]
  0x00000196def44210 JavaThread "Build operations Thread 3"         [_thread_blocked, id=35892, stack(0x0000000109500000,0x0000000109600000) (1024K)]
  0x00000196de0856b0 JavaThread "included builds"                   [_thread_blocked, id=34844, stack(0x0000000109300000,0x0000000109400000) (1024K)]
  0x00000196df25eae0 JavaThread "Execution worker"                  [_thread_blocked, id=15888, stack(0x0000000109900000,0x0000000109a00000) (1024K)]
  0x00000196df25ddc0 JavaThread "Execution worker Thread 2"         [_thread_blocked, id=22776, stack(0x0000000109a00000,0x0000000109b00000) (1024K)]
  0x00000196df25d730 JavaThread "Execution worker Thread 3"         [_thread_blocked, id=33228, stack(0x0000000109b00000,0x0000000109c00000) (1024K)]
  0x00000196e018a070 JavaThread "Execution worker Thread 4"         [_thread_blocked, id=6056, stack(0x0000000109c00000,0x0000000109d00000) (1024K)]
  0x00000196e01899e0 JavaThread "Execution worker Thread 5"         [_thread_blocked, id=37356, stack(0x0000000109d00000,0x0000000109e00000) (1024K)]
  0x00000196e0189350 JavaThread "Execution worker Thread 6"         [_thread_blocked, id=28236, stack(0x0000000109e00000,0x0000000109f00000) (1024K)]
  0x00000196e0188cc0 JavaThread "Execution worker Thread 7"         [_thread_blocked, id=16780, stack(0x0000000109f00000,0x000000010a000000) (1024K)]
  0x00000196de083c70 JavaThread "Execution worker Thread 8"         [_thread_blocked, id=38900, stack(0x000000010a000000,0x000000010a100000) (1024K)]
  0x00000196de085d40 JavaThread "Execution worker Thread 9"         [_thread_blocked, id=38628, stack(0x000000010a100000,0x000000010a200000) (1024K)]
  0x00000196e120a360 JavaThread "Execution worker Thread 10"        [_thread_blocked, id=37996, stack(0x000000010a200000,0x000000010a300000) (1024K)]
  0x00000196e120b710 JavaThread "Execution worker Thread 11"        [_thread_blocked, id=36508, stack(0x000000010a300000,0x000000010a400000) (1024K)]
  0x00000196def434f0 JavaThread "Cache worker for execution history cache (D:\personal projects 2\Pack a bunch\Pack_a_bunch_App\.gradle\8.14\executionHistory)"        [_thread_blocked, id=35528, stack(0x000000010a400000,0x000000010a500000) (1024K)]
  0x00000196e120b080 JavaThread "Execution worker Thread 12"        [_thread_blocked, id=37768, stack(0x000000010a500000,0x000000010a600000) (1024K)]
  0x00000196e120a9f0 JavaThread "Execution worker Thread 13"        [_thread_blocked, id=33320, stack(0x000000010a600000,0x000000010a700000) (1024K)]
  0x00000196e120c430 JavaThread "Execution worker Thread 14"        [_thread_blocked, id=16736, stack(0x000000010a700000,0x000000010a800000) (1024K)]
  0x00000196e120bda0 JavaThread "Execution worker Thread 15"        [_thread_blocked, id=34480, stack(0x000000010a800000,0x000000010a900000) (1024K)]
  0x00000196d73c0660 JavaThread "Unconstrained build operations Thread 76"        [_thread_blocked, id=10416, stack(0x000000010a900000,0x000000010aa00000) (1024K)]
  0x00000196d73c2730 JavaThread "Unconstrained build operations Thread 77"        [_thread_blocked, id=28184, stack(0x000000010aa00000,0x000000010ab00000) (1024K)]
  0x00000196d73c1a10 JavaThread "Unconstrained build operations Thread 78"        [_thread_blocked, id=35664, stack(0x000000010ab00000,0x000000010ac00000) (1024K)]
  0x00000196d73c20a0 JavaThread "Unconstrained build operations Thread 79"        [_thread_blocked, id=16152, stack(0x000000010ac00000,0x000000010ad00000) (1024K)]
  0x00000196d73c1380 JavaThread "Unconstrained build operations Thread 80"        [_thread_blocked, id=34496, stack(0x000000010ad00000,0x000000010ae00000) (1024K)]
  0x00000196d73bffd0 JavaThread "Unconstrained build operations Thread 81"        [_thread_blocked, id=33832, stack(0x000000010ae00000,0x000000010af00000) (1024K)]
  0x00000196d73c3450 JavaThread "Unconstrained build operations Thread 82"        [_thread_blocked, id=30136, stack(0x000000010af00000,0x000000010b000000) (1024K)]
  0x00000196dedc6800 JavaThread "Unconstrained build operations Thread 83"        [_thread_blocked, id=34188, stack(0x000000010b000000,0x000000010b100000) (1024K)]
  0x00000196dedc6170 JavaThread "Unconstrained build operations Thread 84"        [_thread_blocked, id=36036, stack(0x000000010b100000,0x000000010b200000) (1024K)]
  0x00000196dedc5ae0 JavaThread "Unconstrained build operations Thread 85"        [_thread_blocked, id=37640, stack(0x000000010b200000,0x000000010b300000) (1024K)]
  0x00000196dedc40a0 JavaThread "Unconstrained build operations Thread 86"        [_thread_blocked, id=35264, stack(0x000000010b300000,0x000000010b400000) (1024K)]
  0x00000196dedc3a10 JavaThread "Unconstrained build operations Thread 87"        [_thread_blocked, id=17068, stack(0x000000010b400000,0x000000010b500000) (1024K)]
  0x00000196dedc6e90 JavaThread "Unconstrained build operations Thread 88"        [_thread_blocked, id=37064, stack(0x000000010b500000,0x000000010b600000) (1024K)]
  0x00000196dedc4dc0 JavaThread "Unconstrained build operations Thread 89"        [_thread_blocked, id=38000, stack(0x000000010b600000,0x000000010b700000) (1024K)]
  0x00000196dedc5450 JavaThread "Unconstrained build operations Thread 90"        [_thread_blocked, id=18760, stack(0x000000010b700000,0x000000010b800000) (1024K)]
  0x00000196e873fda0 JavaThread "WorkerExecutor Queue"              [_thread_blocked, id=38152, stack(0x000000010b800000,0x000000010b900000) (1024K)]
  0x00000196e873f080 JavaThread "WorkerExecutor Queue Thread 2"        [_thread_in_vm, id=37056, stack(0x000000010b900000,0x000000010ba00000) (1024K)]
  0x00000196df852b20 JavaThread "Unconstrained build operations Thread 91"        [_thread_blocked, id=16256, stack(0x000000010ba00000,0x000000010bb00000) (1024K)]
  0x00000196e2611890 JavaThread "Unconstrained build operations Thread 92"        [_thread_blocked, id=18820, stack(0x000000010bb00000,0x000000010bc00000) (1024K)]
  0x00000196e26125b0 JavaThread "Unconstrained build operations Thread 93"        [_thread_blocked, id=34772, stack(0x000000010bc00000,0x000000010bd00000) (1024K)]
  0x00000196e2612c40 JavaThread "Unconstrained build operations Thread 94"        [_thread_blocked, id=36644, stack(0x000000010bd00000,0x000000010be00000) (1024K)]
  0x00000196e95f54f0 JavaThread "Unconstrained build operations Thread 95"        [_thread_blocked, id=15796, stack(0x000000010be00000,0x000000010bf00000) (1024K)]
  0x00000196e95f4140 JavaThread "Unconstrained build operations Thread 96"        [_thread_blocked, id=33940, stack(0x000000010bf00000,0x000000010c000000) (1024K)]
  0x00000196e95f4e60 JavaThread "Unconstrained build operations Thread 97"        [_thread_blocked, id=34564, stack(0x000000010c000000,0x000000010c100000) (1024K)]
  0x00000196e95f47d0 JavaThread "Unconstrained build operations Thread 98"        [_thread_blocked, id=35676, stack(0x000000010c100000,0x000000010c200000) (1024K)]
  0x00000196e95f3420 JavaThread "Unconstrained build operations Thread 99"        [_thread_blocked, id=8464, stack(0x000000010c200000,0x000000010c300000) (1024K)]
  0x00000196e95f5b80 JavaThread "Unconstrained build operations Thread 100"        [_thread_blocked, id=5108, stack(0x000000010c300000,0x000000010c400000) (1024K)]
  0x00000196e95f6210 JavaThread "Unconstrained build operations Thread 101"        [_thread_blocked, id=30600, stack(0x000000010c400000,0x000000010c500000) (1024K)]
  0x00000196e95f2d90 JavaThread "Unconstrained build operations Thread 102"        [_thread_blocked, id=2032, stack(0x000000010c500000,0x000000010c600000) (1024K)]
  0x00000196e95f3ab0 JavaThread "Unconstrained build operations Thread 103"        [_thread_blocked, id=33232, stack(0x000000010c600000,0x000000010c700000) (1024K)]
  0x00000196e8b0a670 JavaThread "Unconstrained build operations Thread 104"        [_thread_blocked, id=33372, stack(0x000000010c700000,0x000000010c800000) (1024K)]
  0x00000196e8b0c0b0 JavaThread "Unconstrained build operations Thread 105"        [_thread_blocked, id=36072, stack(0x000000010c800000,0x000000010c900000) (1024K)]
  0x00000196e1f8fa50 JavaThread "WorkerExecutor Queue Thread 3"        [_thread_blocked, id=14992, stack(0x000000010c900000,0x000000010ca00000) (1024K)]
  0x00000196e1f90770 JavaThread "WorkerExecutor Queue Thread 4"        [_thread_in_Java, id=32916, stack(0x000000010ca00000,0x000000010cb00000) (1024K)]
  0x00000196d9f063a0 JavaThread "WorkerExecutor Queue Thread 5"        [_thread_blocked, id=30044, stack(0x000000010cc00000,0x000000010cd00000) (1024K)]
  0x00000196e1209cd0 JavaThread "Unconstrained build operations Thread 106"        [_thread_blocked, id=32952, stack(0x000000010cd00000,0x000000010ce00000) (1024K)]
  0x00000196e1208fb0 JavaThread "Unconstrained build operations Thread 107"        [_thread_blocked, id=23344, stack(0x000000010ce00000,0x000000010cf00000) (1024K)]
  0x00000196e1209640 JavaThread "Unconstrained build operations Thread 108"        [_thread_blocked, id=36484, stack(0x000000010cf00000,0x000000010d000000) (1024K)]
  0x00000196ead1f940 JavaThread "Unconstrained build operations Thread 109"        [_thread_blocked, id=36392, stack(0x000000010d000000,0x000000010d100000) (1024K)]
  0x00000196ead1ffd0 JavaThread "Unconstrained build operations Thread 110"        [_thread_blocked, id=38708, stack(0x000000010d100000,0x000000010d200000) (1024K)]
  0x00000196ead1d1e0 JavaThread "Unconstrained build operations Thread 111"        [_thread_blocked, id=16084, stack(0x000000010d200000,0x000000010d300000) (1024K)]
  0x00000196ead1cb50 JavaThread "Unconstrained build operations Thread 112"        [_thread_blocked, id=38496, stack(0x000000010d300000,0x000000010d400000) (1024K)]
  0x00000196ead1d870 JavaThread "Unconstrained build operations Thread 113"        [_thread_blocked, id=35468, stack(0x000000010d400000,0x000000010d500000) (1024K)]
  0x00000196ead1df00 JavaThread "Unconstrained build operations Thread 114"        [_thread_blocked, id=12464, stack(0x000000010d500000,0x000000010d600000) (1024K)]
  0x00000196ead1e590 JavaThread "Unconstrained build operations Thread 115"        [_thread_blocked, id=26668, stack(0x000000010d600000,0x000000010d700000) (1024K)]
  0x00000196ead1ec20 JavaThread "Unconstrained build operations Thread 116"        [_thread_blocked, id=9212, stack(0x000000010d700000,0x000000010d800000) (1024K)]
  0x00000196ead1f2b0 JavaThread "Unconstrained build operations Thread 117"        [_thread_blocked, id=37692, stack(0x000000010d800000,0x000000010d900000) (1024K)]
  0x00000196e1b750e0 JavaThread "Unconstrained build operations Thread 118"        [_thread_blocked, id=28496, stack(0x000000010d900000,0x000000010da00000) (1024K)]
  0x00000196e1b75770 JavaThread "Unconstrained build operations Thread 119"        [_thread_blocked, id=28656, stack(0x000000010da00000,0x000000010db00000) (1024K)]
  0x00000196e1b72980 JavaThread "Unconstrained build operations Thread 120"        [_thread_blocked, id=16988, stack(0x000000010db00000,0x000000010dc00000) (1024K)]
  0x00000196ebb99790 JavaThread "Unconstrained build operations Thread 121"        [_thread_blocked, id=37104, stack(0x000000010cb00000,0x000000010cc00000) (1024K)]
  0x00000196ebb98a70 JavaThread "Unconstrained build operations Thread 122"        [_thread_blocked, id=25976, stack(0x000000010dc00000,0x000000010dd00000) (1024K)]
  0x00000196ebb99e20 JavaThread "Unconstrained build operations Thread 123"        [_thread_blocked, id=38068, stack(0x000000010dd00000,0x000000010de00000) (1024K)]
  0x00000196ebb99100 JavaThread "Unconstrained build operations Thread 124"        [_thread_blocked, id=17556, stack(0x000000010de00000,0x000000010df00000) (1024K)]
  0x00000196ebb9ab40 JavaThread "Unconstrained build operations Thread 125"        [_thread_blocked, id=30996, stack(0x000000010df00000,0x000000010e000000) (1024K)]
  0x00000196ebb97d50 JavaThread "Unconstrained build operations Thread 126"        [_thread_blocked, id=4232, stack(0x000000010e000000,0x000000010e100000) (1024K)]
  0x00000196ebb983e0 JavaThread "Unconstrained build operations Thread 127"        [_thread_blocked, id=30388, stack(0x000000010e100000,0x000000010e200000) (1024K)]
  0x00000196e9a21f40 JavaThread "Unconstrained build operations Thread 128"        [_thread_blocked, id=36932, stack(0x000000010e200000,0x000000010e300000) (1024K)]
  0x00000196e9a24010 JavaThread "Unconstrained build operations Thread 129"        [_thread_blocked, id=5836, stack(0x000000010e300000,0x000000010e400000) (1024K)]
  0x00000196e9a20b90 JavaThread "Unconstrained build operations Thread 130"        [_thread_blocked, id=26644, stack(0x000000010e400000,0x000000010e500000) (1024K)]
  0x00000196e9a232f0 JavaThread "Unconstrained build operations Thread 131"        [_thread_blocked, id=37292, stack(0x000000010e500000,0x000000010e600000) (1024K)]
  0x00000196e9a21220 JavaThread "Unconstrained build operations Thread 132"        [_thread_blocked, id=36404, stack(0x000000010e600000,0x000000010e700000) (1024K)]
  0x00000196e9a218b0 JavaThread "Unconstrained build operations Thread 133"        [_thread_blocked, id=38340, stack(0x000000010e700000,0x000000010e800000) (1024K)]
  0x00000196e957f030 JavaThread "Unconstrained build operations Thread 134"        [_thread_blocked, id=38072, stack(0x000000010e800000,0x000000010e900000) (1024K)]
  0x00000196e957f6c0 JavaThread "Unconstrained build operations Thread 135"        [_thread_blocked, id=34148, stack(0x000000010e900000,0x000000010ea00000) (1024K)]
  0x00000196e8b0ad00 JavaThread "Unconstrained build operations Thread 136"        [_thread_blocked, id=33164, stack(0x0000000109100000,0x0000000109200000) (1024K)]
  0x00000196e8b0d460 JavaThread "Unconstrained build operations Thread 137"        [_thread_blocked, id=32720, stack(0x0000000109200000,0x0000000109300000) (1024K)]
  0x00000196e8b0c740 JavaThread "Unconstrained build operations Thread 138"        [_thread_blocked, id=37564, stack(0x000000010ea00000,0x000000010eb00000) (1024K)]
  0x00000196e8b0ba20 JavaThread "Unconstrained build operations Thread 139"        [_thread_blocked, id=37960, stack(0x000000010eb00000,0x000000010ec00000) (1024K)]
  0x00000196e8b0b390 JavaThread "Unconstrained build operations Thread 140"        [_thread_blocked, id=34956, stack(0x000000010ec00000,0x000000010ed00000) (1024K)]
  0x00000196e8b0cdd0 JavaThread "Unconstrained build operations Thread 141"        [_thread_blocked, id=36268, stack(0x000000010ed00000,0x000000010ee00000) (1024K)]
  0x00000196df8fcd00 JavaThread "Unconstrained build operations Thread 142"        [_thread_blocked, id=37464, stack(0x000000010ee00000,0x000000010ef00000) (1024K)]
  0x00000196df8fb2c0 JavaThread "Unconstrained build operations Thread 143"        [_thread_blocked, id=35424, stack(0x000000010ef00000,0x000000010f000000) (1024K)]
  0x00000196df8fe740 JavaThread "Unconstrained build operations Thread 144"        [_thread_blocked, id=28116, stack(0x000000010f000000,0x000000010f100000) (1024K)]
  0x00000196e957fd50 JavaThread "Unconstrained build operations Thread 145"        [_thread_blocked, id=38296, stack(0x000000010f100000,0x000000010f200000) (1024K)]
  0x00000196e9580a70 JavaThread "Unconstrained build operations Thread 146"        [_thread_blocked, id=38820, stack(0x000000010f200000,0x000000010f300000) (1024K)]
  0x00000196e95803e0 JavaThread "Unconstrained build operations Thread 147"        [_thread_blocked, id=35752, stack(0x000000010f300000,0x000000010f400000) (1024K)]
  0x00000196e9581100 JavaThread "Unconstrained build operations Thread 148"        [_thread_blocked, id=28208, stack(0x000000010f400000,0x000000010f500000) (1024K)]
  0x00000196e957e9a0 JavaThread "Unconstrained build operations Thread 149"        [_thread_blocked, id=27028, stack(0x000000010f500000,0x000000010f600000) (1024K)]
  0x00000196e9581790 JavaThread "Unconstrained build operations Thread 150"        [_thread_blocked, id=36960, stack(0x000000010f600000,0x000000010f700000) (1024K)]
  0x00000196e0a11e20 JavaThread "WorkerExecutor Queue Thread 6"        [_thread_blocked, id=38276, stack(0x000000010f700000,0x000000010f800000) (1024K)]
  0x00000196df8fbfe0 JavaThread "WorkerExecutor Queue Thread 8"        [_thread_blocked, id=38784, stack(0x000000010f800000,0x000000010f900000) (1024K)]
  0x00000196df8fd390 JavaThread "WorkerExecutor Queue Thread 9"        [_thread_blocked, id=32112, stack(0x000000010f900000,0x000000010fa00000) (1024K)]
  0x00000196df8fc670 JavaThread "WorkerExecutor Queue Thread 10"        [_thread_blocked, id=16132, stack(0x000000010fa00000,0x000000010fb00000) (1024K)]
  0x00000196df8fda20 JavaThread "WorkerExecutor Queue Thread 11"        [_thread_blocked, id=16664, stack(0x000000010fb00000,0x000000010fc00000) (1024K)]
  0x00000196df8fe0b0 JavaThread "WorkerExecutor Queue Thread 12"        [_thread_blocked, id=16264, stack(0x000000010fc00000,0x000000010fd00000) (1024K)]
  0x00000196df8fb950 JavaThread "WorkerExecutor Queue Thread 13"        [_thread_blocked, id=37456, stack(0x000000010fe00000,0x000000010ff00000) (1024K)]
  0x00000196e9db4520 JavaThread "WorkerExecutor Queue Thread 14"        [_thread_blocked, id=15112, stack(0x0000000110000000,0x0000000110100000) (1024K)]
  0x00000196e9db1730 JavaThread "WorkerExecutor Queue Thread 15"        [_thread_blocked, id=37524, stack(0x0000000110400000,0x0000000110500000) (1024K)]
  0x00000196e9db4bb0 JavaThread "WorkerExecutor Queue Thread 16"        [_thread_blocked, id=33444, stack(0x0000000110a00000,0x0000000110b00000) (1024K)]
  0x00000196e0a10a70 JavaThread "Cache worker for Java compile cache (C:\Users\orili\.gradle\caches\8.14\javaCompile)"        [_thread_blocked, id=37080, stack(0x0000000110b00000,0x0000000110c00000) (1024K)]
  0x00000196e251ce20 JavaThread "WorkerExecutor Queue Thread 17"        [_thread_blocked, id=13072, stack(0x0000000110c00000,0x0000000110d00000) (1024K)]
  0x00000196e0a0f030 JavaThread "Build operations Thread 4"         [_thread_blocked, id=19964, stack(0x0000000110500000,0x0000000110600000) (1024K)]
  0x00000196e0a0f6c0 JavaThread "Build operations Thread 5"         [_thread_blocked, id=35116, stack(0x0000000110d00000,0x0000000110e00000) (1024K)]
  0x00000196e0a0fd50 JavaThread "Build operations Thread 6"         [_thread_blocked, id=25364, stack(0x0000000110e00000,0x0000000110f00000) (1024K)]
  0x00000196e0a0e9a0 JavaThread "Build operations Thread 7"         [_thread_blocked, id=15676, stack(0x0000000110f00000,0x0000000111000000) (1024K)]
  0x00000196e0a103e0 JavaThread "Build operations Thread 8"         [_thread_blocked, id=27548, stack(0x0000000111000000,0x0000000111100000) (1024K)]
  0x00000196e0a11100 JavaThread "Build operations Thread 9"         [_thread_blocked, id=28148, stack(0x0000000111100000,0x0000000111200000) (1024K)]
  0x00000196e0a11790 JavaThread "Build operations Thread 10"        [_thread_blocked, id=29056, stack(0x0000000111200000,0x0000000111300000) (1024K)]
  0x00000196ea505a00 JavaThread "Build operations Thread 11"        [_thread_blocked, id=38224, stack(0x0000000111300000,0x0000000111400000) (1024K)]
  0x00000196ea506720 JavaThread "Build operations Thread 12"        [_thread_blocked, id=20508, stack(0x0000000111400000,0x0000000111500000) (1024K)]
  0x00000196ea504ce0 JavaThread "Build operations Thread 13"        [_thread_blocked, id=28364, stack(0x0000000111500000,0x0000000111600000) (1024K)]
  0x00000196ea504650 JavaThread "Build operations Thread 14"        [_thread_blocked, id=38596, stack(0x0000000111600000,0x0000000111700000) (1024K)]
  0x00000196e957e310 JavaThread "Build operations Thread 15"        [_thread_blocked, id=37020, stack(0x0000000111700000,0x0000000111800000) (1024K)]
  0x00000196e9a225d0 JavaThread "Build operations Thread 16"        [_thread_blocked, id=32240, stack(0x0000000111800000,0x0000000111900000) (1024K)]
  0x00000196df9af1f0 JavaThread "Unconstrained build operations Thread 151"        [_thread_blocked, id=37168, stack(0x000000010ff00000,0x0000000110000000) (1024K)]
  0x00000196e8740430 JavaThread "Unconstrained build operations Thread 152"        [_thread_blocked, id=27544, stack(0x0000000111a00000,0x0000000111b00000) (1024K)]
  0x00000196e873f710 JavaThread "Unconstrained build operations Thread 153"        [_thread_blocked, id=3788, stack(0x0000000111b00000,0x0000000111c00000) (1024K)]
  0x00000196eb818ba0 JavaThread "Unconstrained build operations Thread 154"        [_thread_blocked, id=37884, stack(0x0000000111c00000,0x0000000111d00000) (1024K)]
  0x00000196eb817160 JavaThread "Unconstrained build operations Thread 155"        [_thread_blocked, id=33052, stack(0x0000000111e00000,0x0000000111f00000) (1024K)]
  0x00000196eb8177f0 JavaThread "Unconstrained build operations Thread 156"        [_thread_blocked, id=37872, stack(0x0000000111f00000,0x0000000112000000) (1024K)]
  0x00000196eb817e80 JavaThread "Unconstrained build operations Thread 157"        [_thread_blocked, id=38056, stack(0x0000000112000000,0x0000000112100000) (1024K)]
  0x00000196eb819230 JavaThread "Unconstrained build operations Thread 158"        [_thread_blocked, id=38352, stack(0x0000000112100000,0x0000000112200000) (1024K)]
  0x00000196ea505370 JavaThread "Unconstrained build operations Thread 159"        [_thread_blocked, id=34672, stack(0x0000000112400000,0x0000000112500000) (1024K)]
  0x00000196ea506090 JavaThread "Unconstrained build operations Thread 160"        [_thread_blocked, id=35848, stack(0x0000000112500000,0x0000000112600000) (1024K)]
  0x00000196de8757b0 JavaThread "DefaultDispatcher-worker-1" daemon [_thread_blocked, id=33220, stack(0x0000000100100000,0x0000000100200000) (1024K)]
  0x00000196de8729c0 JavaThread "DefaultDispatcher-worker-2" daemon [_thread_blocked, id=28248, stack(0x0000000109000000,0x0000000109100000) (1024K)]
  0x00000196df83ae80 JavaThread "DefaultDispatcher-worker-3" daemon [_thread_blocked, id=5728, stack(0x000000010fd00000,0x000000010fe00000) (1024K)]
  0x00000196de870f80 JavaThread "ForkJoinPool-2-worker-1"    daemon [_thread_blocked, id=38128, stack(0x0000000102a00000,0x0000000102b00000) (1024K)]
  0x00000196de86db00 JavaThread "ForkJoinPool-2-worker-2"    daemon [_thread_blocked, id=19484, stack(0x0000000108f00000,0x0000000109000000) (1024K)]
  0x00000196de874400 JavaThread "ForkJoinPool-2-worker-3"    daemon [_thread_blocked, id=26664, stack(0x0000000112a00000,0x0000000112b00000) (1024K)]
  0x00000196df84bb90 JavaThread "ForkJoinPool-2-worker-4"    daemon [_thread_blocked, id=35460, stack(0x0000000112b00000,0x0000000112c00000) (1024K)]
  0x00000196e7737670 JavaThread "ForkJoinPool-2-worker-6"    daemon [_thread_blocked, id=19744, stack(0x0000000112c00000,0x0000000112d00000) (1024K)]
  0x00000196e251d4b0 JavaThread "ForkJoinPool-2-worker-5"    daemon [_thread_blocked, id=36648, stack(0x0000000112d00000,0x0000000112e00000) (1024K)]
  0x00000196e9db2450 JavaThread "ForkJoinPool-2-worker-7"    daemon [_thread_blocked, id=13952, stack(0x0000000112e00000,0x0000000112f00000) (1024K)]
  0x00000196de877f10 JavaThread "ForkJoinPool-2-worker-9"    daemon [_thread_blocked, id=33080, stack(0x0000000112f00000,0x0000000113000000) (1024K)]
  0x00000196df3018c0 JavaThread "ForkJoinPool-2-worker-10"   daemon [_thread_blocked, id=22704, stack(0x0000000113000000,0x0000000113100000) (1024K)]
  0x00000196e8bd8530 JavaThread "ForkJoinPool-2-worker-11"   daemon [_thread_blocked, id=36656, stack(0x0000000113100000,0x0000000113200000) (1024K)]
  0x00000196e7737d00 JavaThread "ForkJoinPool-2-worker-12"   daemon [_thread_blocked, id=18672, stack(0x0000000113200000,0x0000000113300000) (1024K)]
  0x00000196eb8198c0 JavaThread "ForkJoinPool-2-worker-8"    daemon [_thread_blocked, id=35428, stack(0x0000000113300000,0x0000000113400000) (1024K)]
  0x00000196df848da0 JavaThread "ForkJoinPool-2-worker-13"   daemon [_thread_blocked, id=21084, stack(0x0000000113400000,0x0000000113500000) (1024K)]
  0x00000196e7915fc0 JavaThread "ForkJoinPool-2-worker-14"   daemon [_thread_blocked, id=34800, stack(0x0000000113500000,0x0000000113600000) (1024K)]
  0x00000196e8bd7810 JavaThread "ForkJoinPool-2-worker-15"   daemon [_thread_blocked, id=38288, stack(0x0000000113600000,0x0000000113700000) (1024K)]
  0x00000196e9db3800 JavaThread "ForkJoinPool-2-worker-16"   daemon [_thread_blocked, id=8236, stack(0x0000000113700000,0x0000000113800000) (1024K)]
  0x00000196ec132df0 JavaThread "Periodic tasks thread"      daemon [_thread_blocked, id=38808, stack(0x0000000112900000,0x0000000112a00000) (1024K)]
  0x00000196ec130690 JavaThread "ApplicationImpl pooled thread 1"        [_thread_blocked, id=19384, stack(0x0000000113800000,0x0000000113900000) (1024K)]
  0x00000196e7396660 JavaThread "C1 CompilerThread1"         daemon [_thread_in_native, id=36188, stack(0x0000000109600000,0x0000000109700000) (1024K)]
  0x00000196e739b150 JavaThread "C1 CompilerThread2"         daemon [_thread_blocked, id=11292, stack(0x0000000109800000,0x0000000109900000) (1024K)]
  0x00000196e739b820 JavaThread "C1 CompilerThread3"         daemon [_thread_blocked, id=30092, stack(0x0000000111900000,0x0000000111a00000) (1024K)]
  0x00000196e1ac4410 JavaThread "ForkJoinPool.commonPool-worker-5" daemon [_thread_blocked, id=34412, stack(0x0000000113c00000,0x0000000113d00000) (1024K)]
  0x00000196d8845fc0 JavaThread "C2 CompilerThread1"         daemon [_thread_in_native, id=37956, stack(0x0000000109700000,0x0000000109800000) (1024K)]
=>0x00000196e739aa80 JavaThread "C2 CompilerThread2"         daemon [_thread_in_native, id=38732, stack(0x0000000110900000,0x0000000110a00000) (1024K)]
  0x00000196e7397ad0 JavaThread "C2 CompilerThread3"         daemon [_thread_blocked, id=37944, stack(0x0000000112600000,0x0000000112700000) (1024K)]
  0x00000196e739bef0 JavaThread "C2 CompilerThread4"         daemon [_thread_in_native, id=25092, stack(0x0000000112800000,0x0000000112900000) (1024K)]
  0x00000196d87e4a40 JavaThread "ForkJoinPool.commonPool-worker-6" daemon [_thread_blocked, id=33804, stack(0x0000000113b00000,0x0000000113c00000) (1024K)]
Total: 286

Other Threads:
  0x00000196c703fec0 VMThread "VM Thread"                           [id=38100, stack(0x0000000100d00000,0x0000000100e00000) (1024K)]
  0x00000196c2d95420 WatcherThread "VM Periodic Task Thread"        [id=28104, stack(0x0000000100c00000,0x0000000100d00000) (1024K)]
  0x00000196a9858760 WorkerThread "GC Thread#0"                     [id=22196, stack(0x0000000100700000,0x0000000100800000) (1024K)]
  0x00000196c75a0b30 WorkerThread "GC Thread#1"                     [id=3700, stack(0x0000000101c00000,0x0000000101d00000) (1024K)]
  0x00000196c7893dd0 WorkerThread "GC Thread#2"                     [id=27672, stack(0x0000000101d00000,0x0000000101e00000) (1024K)]
  0x00000196c7894170 WorkerThread "GC Thread#3"                     [id=1744, stack(0x0000000101e00000,0x0000000101f00000) (1024K)]
  0x00000196c77b28f0 WorkerThread "GC Thread#4"                     [id=37280, stack(0x0000000101f00000,0x0000000102000000) (1024K)]
  0x00000196c77b2c90 WorkerThread "GC Thread#5"                     [id=38300, stack(0x0000000102000000,0x0000000102100000) (1024K)]
  0x00000196c77b3030 WorkerThread "GC Thread#6"                     [id=17740, stack(0x0000000102100000,0x0000000102200000) (1024K)]
  0x00000196c76c89b0 WorkerThread "GC Thread#7"                     [id=3348, stack(0x0000000102200000,0x0000000102300000) (1024K)]
  0x00000196c76c7790 WorkerThread "GC Thread#8"                     [id=36448, stack(0x0000000102300000,0x0000000102400000) (1024K)]
  0x00000196c76c73f0 WorkerThread "GC Thread#9"                     [id=35972, stack(0x0000000102d00000,0x0000000102e00000) (1024K)]
  0x00000196c76c7b30 WorkerThread "GC Thread#10"                    [id=15612, stack(0x0000000102e00000,0x0000000102f00000) (1024K)]
  0x00000196c76c7ed0 WorkerThread "GC Thread#11"                    [id=23956, stack(0x0000000102f00000,0x0000000103000000) (1024K)]
  0x00000196c76c8610 WorkerThread "GC Thread#12"                    [id=10904, stack(0x0000000103000000,0x0000000103100000) (1024K)]
  0x00000196a9865650 ConcurrentGCThread "G1 Main Marker"            [id=36988, stack(0x0000000100800000,0x0000000100900000) (1024K)]
  0x00000196a9866060 WorkerThread "G1 Conc#0"                       [id=35632, stack(0x0000000100900000,0x0000000100a00000) (1024K)]
  0x00000196c8f9c560 WorkerThread "G1 Conc#1"                       [id=38084, stack(0x0000000103100000,0x0000000103200000) (1024K)]
  0x00000196c8f9be20 WorkerThread "G1 Conc#2"                       [id=37636, stack(0x0000000103200000,0x0000000103300000) (1024K)]
  0x00000196c2c6a920 ConcurrentGCThread "G1 Refine#0"               [id=37948, stack(0x0000000100a00000,0x0000000100b00000) (1024K)]
  0x00000196c2c6c150 ConcurrentGCThread "G1 Service"                [id=4816, stack(0x0000000100b00000,0x0000000100c00000) (1024K)]
Total: 21

Threads with active compile tasks:
C2 CompilerThread0  290417 78493       4       com.android.tools.r8.graph.j8::a (112 bytes)
C2 CompilerThread1  290417 78496       4       com.android.tools.r8.graph.j8::a (161 bytes)
C2 CompilerThread2  290417 78331   !   4       com.android.tools.r8.graph.l8::a (699 bytes)
C2 CompilerThread4  290417 78423       4       com.android.tools.r8.graph.l8::a (104 bytes)
Total: 4

VM state: not at safepoint (normal execution)

VM Mutex/Monitor currently owned by a thread: None

Heap address: 0x0000000740000000, size: 3072 MB, Compressed Oops mode: Zero based, Oop shift amount: 3

CDS archive(s) not mapped
Compressed class space mapped at: 0x0000000800000000-0x0000000840000000, reserved size: 1073741824
Narrow klass base: 0x0000000800000000, Narrow klass shift: 0, Narrow klass range: 0x40000000

GC Precious Log:
 CardTable entry size: 512
 Card Set container configuration: InlinePtr #cards 4 size 8 Array Of Cards #cards 16 size 48 Howl #buckets 8 coarsen threshold 3686 Howl Bitmap #cards 512 size 80 coarsen threshold 460 Card regions per heap region 1 cards per card region 4096
 CPUs: 16 total, 16 available
 Memory: 24196M
 Large Page Support: Disabled
 NUMA Support: Disabled
 Compressed Oops: Enabled (Zero based)
 Heap Region Size: 2M
 Heap Min Capacity: 8M
 Heap Initial Capacity: 380M
 Heap Max Capacity: 3G
 Pre-touch: Disabled
 Parallel Workers: 13
 Concurrent Workers: 3
 Concurrent Refinement Workers: 13
 Periodic GC: Disabled

Heap:
 garbage-first heap   total 2220032K, used 1437696K [0x0000000740000000, 0x0000000800000000)
  region size 2048K, 80 young (163840K), 25 survivors (51200K)
 Metaspace       used 418889K, committed 422784K, reserved 1441792K
  class space    used 50300K, committed 52288K, reserved 1048576K

Heap Regions: E=young(eden), S=young(survivor), O=old, HS=humongous(starts), HC=humongous(continues), CS=collection set, F=free, TAMS=top-at-mark-start, PB=parsable bottom
|   0|0x0000000740000000, 0x0000000740200000, 0x0000000740200000|100%|HS|  |TAMS 0x0000000740200000| PB 0x0000000740000000| Complete 
|   1|0x0000000740200000, 0x0000000740400000, 0x0000000740400000|100%|HC|  |TAMS 0x0000000740400000| PB 0x0000000740200000| Complete 
|   2|0x0000000740400000, 0x0000000740600000, 0x0000000740600000|100%| O|  |TAMS 0x0000000740600000| PB 0x0000000740400000| Updating 
|   3|0x0000000740600000, 0x0000000740800000, 0x0000000740800000|100%| O|  |TAMS 0x0000000740800000| PB 0x0000000740600000| Untracked 
|   4|0x0000000740800000, 0x0000000740a00000, 0x0000000740a00000|100%| O|  |TAMS 0x0000000740a00000| PB 0x0000000740800000| Untracked 
|   5|0x0000000740a00000, 0x0000000740c00000, 0x0000000740c00000|100%| O|  |TAMS 0x0000000740c00000| PB 0x0000000740a00000| Untracked 
|   6|0x0000000740c00000, 0x0000000740e00000, 0x0000000740e00000|100%| O|  |TAMS 0x0000000740e00000| PB 0x0000000740c00000| Untracked 
|   7|0x0000000740e00000, 0x0000000741000000, 0x0000000741000000|100%| O|  |TAMS 0x0000000741000000| PB 0x0000000740e00000| Untracked 
|   8|0x0000000741000000, 0x0000000741200000, 0x0000000741200000|100%| O|  |TAMS 0x0000000741200000| PB 0x0000000741000000| Untracked 
|   9|0x0000000741200000, 0x0000000741400000, 0x0000000741400000|100%| O|  |TAMS 0x0000000741400000| PB 0x0000000741200000| Untracked 
|  10|0x0000000741400000, 0x0000000741600000, 0x0000000741600000|100%| O|  |TAMS 0x0000000741600000| PB 0x0000000741400000| Updating 
|  11|0x0000000741600000, 0x0000000741800000, 0x0000000741800000|100%| O|  |TAMS 0x0000000741800000| PB 0x0000000741600000| Updating 
|  12|0x0000000741800000, 0x0000000741a00000, 0x0000000741a00000|100%| O|  |TAMS 0x0000000741a00000| PB 0x0000000741800000| Updating 
|  13|0x0000000741a00000, 0x0000000741c00000, 0x0000000741c00000|100%| O|  |TAMS 0x0000000741c00000| PB 0x0000000741a00000| Updating 
|  14|0x0000000741c00000, 0x0000000741e00000, 0x0000000741e00000|100%| O|  |TAMS 0x0000000741e00000| PB 0x0000000741c00000| Updating 
|  15|0x0000000741e00000, 0x0000000742000000, 0x0000000742000000|100%| O|  |TAMS 0x0000000742000000| PB 0x0000000741e00000| Updating 
|  16|0x0000000742000000, 0x0000000742200000, 0x0000000742200000|100%| O|  |TAMS 0x0000000742200000| PB 0x0000000742000000| Untracked 
|  17|0x0000000742200000, 0x0000000742400000, 0x0000000742400000|100%| O|  |TAMS 0x0000000742400000| PB 0x0000000742200000| Updating 
|  18|0x0000000742400000, 0x0000000742600000, 0x0000000742600000|100%|HS|  |TAMS 0x0000000742600000| PB 0x0000000742400000| Complete 
|  19|0x0000000742600000, 0x0000000742800000, 0x0000000742800000|100%| O|  |TAMS 0x0000000742800000| PB 0x0000000742600000| Updating 
|  20|0x0000000742800000, 0x0000000742a00000, 0x0000000742a00000|100%| O|  |TAMS 0x0000000742a00000| PB 0x0000000742800000| Updating 
|  21|0x0000000742a00000, 0x0000000742c00000, 0x0000000742c00000|100%| O|  |TAMS 0x0000000742c00000| PB 0x0000000742a00000| Updating 
|  22|0x0000000742c00000, 0x0000000742e00000, 0x0000000742e00000|100%| O|  |TAMS 0x0000000742e00000| PB 0x0000000742c00000| Updating 
|  23|0x0000000742e00000, 0x0000000743000000, 0x0000000743000000|100%| O|  |TAMS 0x0000000743000000| PB 0x0000000742e00000| Updating 
|  24|0x0000000743000000, 0x0000000743200000, 0x0000000743200000|100%| O|  |TAMS 0x0000000743200000| PB 0x0000000743000000| Updating 
|  25|0x0000000743200000, 0x0000000743400000, 0x0000000743400000|100%| O|  |TAMS 0x0000000743400000| PB 0x0000000743200000| Untracked 
|  26|0x0000000743400000, 0x0000000743600000, 0x0000000743600000|100%| O|  |TAMS 0x0000000743600000| PB 0x0000000743400000| Updating 
|  27|0x0000000743600000, 0x0000000743800000, 0x0000000743800000|100%| O|  |TAMS 0x0000000743800000| PB 0x0000000743600000| Untracked 
|  28|0x0000000743800000, 0x0000000743a00000, 0x0000000743a00000|100%| O|  |TAMS 0x0000000743a00000| PB 0x0000000743800000| Untracked 
|  29|0x0000000743a00000, 0x0000000743c00000, 0x0000000743c00000|100%| O|  |TAMS 0x0000000743c00000| PB 0x0000000743a00000| Updating 
|  30|0x0000000743c00000, 0x0000000743e00000, 0x0000000743e00000|100%| O|  |TAMS 0x0000000743e00000| PB 0x0000000743c00000| Untracked 
|  31|0x0000000743e00000, 0x0000000744000000, 0x0000000744000000|100%| O|  |TAMS 0x0000000744000000| PB 0x0000000743e00000| Untracked 
|  32|0x0000000744000000, 0x0000000744200000, 0x0000000744200000|100%| O|  |TAMS 0x0000000744200000| PB 0x0000000744000000| Untracked 
|  33|0x0000000744200000, 0x0000000744400000, 0x0000000744400000|100%| O|  |TAMS 0x0000000744400000| PB 0x0000000744200000| Updating 
|  34|0x0000000744400000, 0x0000000744600000, 0x0000000744600000|100%| O|  |TAMS 0x0000000744600000| PB 0x0000000744400000| Updating 
|  35|0x0000000744600000, 0x0000000744800000, 0x0000000744800000|100%| O|  |TAMS 0x0000000744800000| PB 0x0000000744600000| Updating 
|  36|0x0000000744800000, 0x0000000744a00000, 0x0000000744a00000|100%| O|  |TAMS 0x0000000744a00000| PB 0x0000000744800000| Updating 
|  37|0x0000000744a00000, 0x0000000744c00000, 0x0000000744c00000|100%| O|  |TAMS 0x0000000744c00000| PB 0x0000000744a00000| Updating 
|  38|0x0000000744c00000, 0x0000000744e00000, 0x0000000744e00000|100%| O|  |TAMS 0x0000000744e00000| PB 0x0000000744c00000| Updating 
|  39|0x0000000744e00000, 0x0000000745000000, 0x0000000745000000|100%| O|  |TAMS 0x0000000745000000| PB 0x0000000744e00000| Updating 
|  40|0x0000000745000000, 0x0000000745200000, 0x0000000745200000|100%| O|  |TAMS 0x0000000745200000| PB 0x0000000745000000| Updating 
|  41|0x0000000745200000, 0x0000000745400000, 0x0000000745400000|100%| O|  |TAMS 0x0000000745400000| PB 0x0000000745200000| Untracked 
|  42|0x0000000745400000, 0x0000000745600000, 0x0000000745600000|100%| O|  |TAMS 0x0000000745600000| PB 0x0000000745400000| Untracked 
|  43|0x0000000745600000, 0x0000000745800000, 0x0000000745800000|100%| O|  |TAMS 0x0000000745800000| PB 0x0000000745600000| Updating 
|  44|0x0000000745800000, 0x0000000745a00000, 0x0000000745a00000|100%| O|  |TAMS 0x0000000745a00000| PB 0x0000000745800000| Updating 
|  45|0x0000000745a00000, 0x0000000745c00000, 0x0000000745c00000|100%| O|  |TAMS 0x0000000745c00000| PB 0x0000000745a00000| Untracked 
|  46|0x0000000745c00000, 0x0000000745e00000, 0x0000000745e00000|100%| O|  |TAMS 0x0000000745e00000| PB 0x0000000745c00000| Untracked 
|  47|0x0000000745e00000, 0x0000000746000000, 0x0000000746000000|100%| O|  |TAMS 0x0000000746000000| PB 0x0000000745e00000| Updating 
|  48|0x0000000746000000, 0x0000000746200000, 0x0000000746200000|100%| O|  |TAMS 0x0000000746200000| PB 0x0000000746000000| Updating 
|  49|0x0000000746200000, 0x0000000746400000, 0x0000000746400000|100%| O|  |TAMS 0x0000000746400000| PB 0x0000000746200000| Untracked 
|  50|0x0000000746400000, 0x0000000746600000, 0x0000000746600000|100%| O|  |TAMS 0x0000000746600000| PB 0x0000000746400000| Untracked 
|  51|0x0000000746600000, 0x0000000746800000, 0x0000000746800000|100%| O|  |TAMS 0x0000000746800000| PB 0x0000000746600000| Updating 
|  52|0x0000000746800000, 0x0000000746a00000, 0x0000000746a00000|100%| O|  |TAMS 0x0000000746a00000| PB 0x0000000746800000| Untracked 
|  53|0x0000000746a00000, 0x0000000746c00000, 0x0000000746c00000|100%|HS|  |TAMS 0x0000000746c00000| PB 0x0000000746a00000| Complete 
|  54|0x0000000746c00000, 0x0000000746e00000, 0x0000000746e00000|100%| O|  |TAMS 0x0000000746e00000| PB 0x0000000746c00000| Updating 
|  55|0x0000000746e00000, 0x0000000747000000, 0x0000000747000000|100%| O|  |TAMS 0x0000000747000000| PB 0x0000000746e00000| Updating 
|  56|0x0000000747000000, 0x0000000747200000, 0x0000000747200000|100%| O|  |TAMS 0x0000000747200000| PB 0x0000000747000000| Updating 
|  57|0x0000000747200000, 0x0000000747400000, 0x0000000747400000|100%| O|  |TAMS 0x0000000747400000| PB 0x0000000747200000| Updating 
|  58|0x0000000747400000, 0x0000000747600000, 0x0000000747600000|100%| O|  |TAMS 0x0000000747600000| PB 0x0000000747400000| Updating 
|  59|0x0000000747600000, 0x0000000747800000, 0x0000000747800000|100%| O|  |TAMS 0x0000000747800000| PB 0x0000000747600000| Untracked 
|  60|0x0000000747800000, 0x0000000747a00000, 0x0000000747a00000|100%| O|  |TAMS 0x0000000747a00000| PB 0x0000000747800000| Untracked 
|  61|0x0000000747a00000, 0x0000000747c00000, 0x0000000747c00000|100%| O|  |TAMS 0x0000000747c00000| PB 0x0000000747a00000| Updating 
|  62|0x0000000747c00000, 0x0000000747e00000, 0x0000000747e00000|100%| O|  |TAMS 0x0000000747e00000| PB 0x0000000747c00000| Updating 
|  63|0x0000000747e00000, 0x0000000748000000, 0x0000000748000000|100%| O|  |TAMS 0x0000000748000000| PB 0x0000000747e00000| Updating 
|  64|0x0000000748000000, 0x0000000748200000, 0x0000000748200000|100%| O|  |TAMS 0x0000000748200000| PB 0x0000000748000000| Updating 
|  65|0x0000000748200000, 0x0000000748400000, 0x0000000748400000|100%| O|  |TAMS 0x0000000748400000| PB 0x0000000748200000| Untracked 
|  66|0x0000000748400000, 0x0000000748600000, 0x0000000748600000|100%| O|  |TAMS 0x0000000748600000| PB 0x0000000748400000| Updating 
|  67|0x0000000748600000, 0x0000000748800000, 0x0000000748800000|100%| O|  |TAMS 0x0000000748800000| PB 0x0000000748600000| Untracked 
|  68|0x0000000748800000, 0x0000000748a00000, 0x0000000748a00000|100%| O|  |TAMS 0x0000000748a00000| PB 0x0000000748800000| Untracked 
|  69|0x0000000748a00000, 0x0000000748c00000, 0x0000000748c00000|100%| O|  |TAMS 0x0000000748c00000| PB 0x0000000748a00000| Updating 
|  70|0x0000000748c00000, 0x0000000748e00000, 0x0000000748e00000|100%| O|  |TAMS 0x0000000748e00000| PB 0x0000000748c00000| Untracked 
|  71|0x0000000748e00000, 0x0000000749000000, 0x0000000749000000|100%| O|  |TAMS 0x0000000749000000| PB 0x0000000748e00000| Untracked 
|  72|0x0000000749000000, 0x0000000749200000, 0x0000000749200000|100%| O|  |TAMS 0x0000000749200000| PB 0x0000000749000000| Untracked 
|  73|0x0000000749200000, 0x0000000749400000, 0x0000000749400000|100%| O|  |TAMS 0x0000000749400000| PB 0x0000000749200000| Untracked 
|  74|0x0000000749400000, 0x0000000749600000, 0x0000000749600000|100%| O|  |TAMS 0x0000000749600000| PB 0x0000000749400000| Updating 
|  75|0x0000000749600000, 0x0000000749800000, 0x0000000749800000|100%| O|  |TAMS 0x0000000749800000| PB 0x0000000749600000| Updating 
|  76|0x0000000749800000, 0x0000000749a00000, 0x0000000749a00000|100%| O|  |TAMS 0x0000000749a00000| PB 0x0000000749800000| Updating 
|  77|0x0000000749a00000, 0x0000000749c00000, 0x0000000749c00000|100%|HS|  |TAMS 0x0000000749c00000| PB 0x0000000749a00000| Complete 
|  78|0x0000000749c00000, 0x0000000749e00000, 0x0000000749e00000|100%|HC|  |TAMS 0x0000000749e00000| PB 0x0000000749c00000| Complete 
|  79|0x0000000749e00000, 0x000000074a000000, 0x000000074a000000|100%| O|  |TAMS 0x000000074a000000| PB 0x0000000749e00000| Updating 
|  80|0x000000074a000000, 0x000000074a200000, 0x000000074a200000|100%| O|  |TAMS 0x000000074a200000| PB 0x000000074a000000| Updating 
|  81|0x000000074a200000, 0x000000074a400000, 0x000000074a400000|100%| O|  |TAMS 0x000000074a400000| PB 0x000000074a200000| Updating 
|  82|0x000000074a400000, 0x000000074a600000, 0x000000074a600000|100%| O|  |TAMS 0x000000074a600000| PB 0x000000074a400000| Updating 
|  83|0x000000074a600000, 0x000000074a800000, 0x000000074a800000|100%| O|  |TAMS 0x000000074a800000| PB 0x000000074a600000| Untracked 
|  84|0x000000074a800000, 0x000000074aa00000, 0x000000074aa00000|100%| O|  |TAMS 0x000000074aa00000| PB 0x000000074a800000| Updating 
|  85|0x000000074aa00000, 0x000000074ac00000, 0x000000074ac00000|100%| O|  |TAMS 0x000000074ac00000| PB 0x000000074aa00000| Updating 
|  86|0x000000074ac00000, 0x000000074ae00000, 0x000000074ae00000|100%| O|  |TAMS 0x000000074ae00000| PB 0x000000074ac00000| Updating 
|  87|0x000000074ae00000, 0x000000074b000000, 0x000000074b000000|100%| O|  |TAMS 0x000000074b000000| PB 0x000000074ae00000| Updating 
|  88|0x000000074b000000, 0x000000074b200000, 0x000000074b200000|100%| O|  |TAMS 0x000000074b200000| PB 0x000000074b000000| Updating 
|  89|0x000000074b200000, 0x000000074b400000, 0x000000074b400000|100%| O|  |TAMS 0x000000074b400000| PB 0x000000074b200000| Untracked 
|  90|0x000000074b400000, 0x000000074b600000, 0x000000074b600000|100%| O|  |TAMS 0x000000074b600000| PB 0x000000074b400000| Updating 
|  91|0x000000074b600000, 0x000000074b800000, 0x000000074b800000|100%| O|  |TAMS 0x000000074b800000| PB 0x000000074b600000| Updating 
|  92|0x000000074b800000, 0x000000074ba00000, 0x000000074ba00000|100%| O|  |TAMS 0x000000074b800000| PB 0x000000074b800000| Untracked 
|  93|0x000000074ba00000, 0x000000074bc00000, 0x000000074bc00000|100%| O|  |TAMS 0x000000074bc00000| PB 0x000000074ba00000| Updating 
|  94|0x000000074bc00000, 0x000000074be00000, 0x000000074be00000|100%| O|  |TAMS 0x000000074be00000| PB 0x000000074bc00000| Untracked 
|  95|0x000000074be00000, 0x000000074c000000, 0x000000074c000000|100%|HS|  |TAMS 0x000000074c000000| PB 0x000000074be00000| Complete 
|  96|0x000000074c000000, 0x000000074c200000, 0x000000074c200000|100%|HC|  |TAMS 0x000000074c200000| PB 0x000000074c000000| Complete 
|  97|0x000000074c200000, 0x000000074c400000, 0x000000074c400000|100%|HC|  |TAMS 0x000000074c400000| PB 0x000000074c200000| Complete 
|  98|0x000000074c400000, 0x000000074c600000, 0x000000074c600000|100%| O|  |TAMS 0x000000074c600000| PB 0x000000074c400000| Updating 
|  99|0x000000074c600000, 0x000000074c800000, 0x000000074c800000|100%| O|  |TAMS 0x000000074c800000| PB 0x000000074c600000| Updating 
| 100|0x000000074c800000, 0x000000074ca00000, 0x000000074ca00000|100%| O|  |TAMS 0x000000074ca00000| PB 0x000000074c800000| Updating 
| 101|0x000000074ca00000, 0x000000074cc00000, 0x000000074cc00000|100%| O|  |TAMS 0x000000074cc00000| PB 0x000000074ca00000| Updating 
| 102|0x000000074cc00000, 0x000000074ce00000, 0x000000074ce00000|100%| O|  |TAMS 0x000000074ce00000| PB 0x000000074cc00000| Updating 
| 103|0x000000074ce00000, 0x000000074d000000, 0x000000074d000000|100%| O|  |TAMS 0x000000074d000000| PB 0x000000074ce00000| Updating 
| 104|0x000000074d000000, 0x000000074d200000, 0x000000074d200000|100%| O|  |TAMS 0x000000074d200000| PB 0x000000074d000000| Updating 
| 105|0x000000074d200000, 0x000000074d400000, 0x000000074d400000|100%| O|  |TAMS 0x000000074d400000| PB 0x000000074d200000| Updating 
| 106|0x000000074d400000, 0x000000074d600000, 0x000000074d600000|100%| O|  |TAMS 0x000000074d600000| PB 0x000000074d400000| Updating 
| 107|0x000000074d600000, 0x000000074d800000, 0x000000074d800000|100%| O|  |TAMS 0x000000074d800000| PB 0x000000074d600000| Updating 
| 108|0x000000074d800000, 0x000000074da00000, 0x000000074da00000|100%|HS|  |TAMS 0x000000074da00000| PB 0x000000074d800000| Complete 
| 109|0x000000074da00000, 0x000000074dc00000, 0x000000074dc00000|100%|HC|  |TAMS 0x000000074dc00000| PB 0x000000074da00000| Complete 
| 110|0x000000074dc00000, 0x000000074de00000, 0x000000074de00000|100%| O|  |TAMS 0x000000074dc00000| PB 0x000000074dc00000| Untracked 
| 111|0x000000074de00000, 0x000000074e000000, 0x000000074e000000|100%| O|  |TAMS 0x000000074de00000| PB 0x000000074de00000| Untracked 
| 112|0x000000074e000000, 0x000000074e200000, 0x000000074e200000|100%| O|  |TAMS 0x000000074e000000| PB 0x000000074e000000| Untracked 
| 113|0x000000074e200000, 0x000000074e400000, 0x000000074e400000|100%| O|  |TAMS 0x000000074e400000| PB 0x000000074e200000| Updating 
| 114|0x000000074e400000, 0x000000074e600000, 0x000000074e600000|100%| O|  |TAMS 0x000000074e600000| PB 0x000000074e400000| Untracked 
| 115|0x000000074e600000, 0x000000074e800000, 0x000000074e800000|100%| O|  |TAMS 0x000000074e800000| PB 0x000000074e600000| Untracked 
| 116|0x000000074e800000, 0x000000074ea00000, 0x000000074ea00000|100%| O|  |TAMS 0x000000074ea00000| PB 0x000000074e800000| Untracked 
| 117|0x000000074ea00000, 0x000000074ec00000, 0x000000074ec00000|100%| O|  |TAMS 0x000000074ec00000| PB 0x000000074ea00000| Updating 
| 118|0x000000074ec00000, 0x000000074ee00000, 0x000000074ee00000|100%| O|  |TAMS 0x000000074ee00000| PB 0x000000074ec00000| Updating 
| 119|0x000000074ee00000, 0x000000074f000000, 0x000000074f000000|100%| O|  |TAMS 0x000000074f000000| PB 0x000000074ee00000| Updating 
| 120|0x000000074f000000, 0x000000074f200000, 0x000000074f200000|100%| O|  |TAMS 0x000000074f200000| PB 0x000000074f000000| Untracked 
| 121|0x000000074f200000, 0x000000074f400000, 0x000000074f400000|100%| O|  |TAMS 0x000000074f400000| PB 0x000000074f200000| Updating 
| 122|0x000000074f400000, 0x000000074f600000, 0x000000074f600000|100%| O|  |TAMS 0x000000074f600000| PB 0x000000074f400000| Untracked 
| 123|0x000000074f600000, 0x000000074f800000, 0x000000074f800000|100%| O|  |TAMS 0x000000074f800000| PB 0x000000074f600000| Untracked 
| 124|0x000000074f800000, 0x000000074fa00000, 0x000000074fa00000|100%| O|  |TAMS 0x000000074fa00000| PB 0x000000074f800000| Untracked 
| 125|0x000000074fa00000, 0x000000074fc00000, 0x000000074fc00000|100%| O|  |TAMS 0x000000074fc00000| PB 0x000000074fa00000| Untracked 
| 126|0x000000074fc00000, 0x000000074fe00000, 0x000000074fe00000|100%| O|  |TAMS 0x000000074fe00000| PB 0x000000074fc00000| Untracked 
| 127|0x000000074fe00000, 0x000000074fe00000, 0x0000000750000000|  0%| F|  |TAMS 0x000000074fe00000| PB 0x000000074fe00000| Untracked 
| 128|0x0000000750000000, 0x0000000750000000, 0x0000000750200000|  0%| F|  |TAMS 0x0000000750000000| PB 0x0000000750000000| Untracked 
| 129|0x0000000750200000, 0x0000000750400000, 0x0000000750400000|100%| O|  |TAMS 0x0000000750400000| PB 0x0000000750200000| Untracked 
| 130|0x0000000750400000, 0x0000000750600000, 0x0000000750600000|100%| O|  |TAMS 0x0000000750600000| PB 0x0000000750400000| Updating 
| 131|0x0000000750600000, 0x0000000750800000, 0x0000000750800000|100%| O|  |TAMS 0x0000000750800000| PB 0x0000000750600000| Untracked 
| 132|0x0000000750800000, 0x0000000750a00000, 0x0000000750a00000|100%| O|  |TAMS 0x0000000750a00000| PB 0x0000000750800000| Untracked 
| 133|0x0000000750a00000, 0x0000000750c00000, 0x0000000750c00000|100%| O|  |TAMS 0x0000000750c00000| PB 0x0000000750a00000| Updating 
| 134|0x0000000750c00000, 0x0000000750e00000, 0x0000000750e00000|100%| O|  |TAMS 0x0000000750e00000| PB 0x0000000750c00000| Untracked 
| 135|0x0000000750e00000, 0x0000000751000000, 0x0000000751000000|100%| O|  |TAMS 0x0000000751000000| PB 0x0000000750e00000| Updating 
| 136|0x0000000751000000, 0x0000000751200000, 0x0000000751200000|100%| O|  |TAMS 0x0000000751200000| PB 0x0000000751000000| Untracked 
| 137|0x0000000751200000, 0x0000000751400000, 0x0000000751400000|100%| O|  |TAMS 0x0000000751400000| PB 0x0000000751200000| Untracked 
| 138|0x0000000751400000, 0x0000000751600000, 0x0000000751600000|100%| O|  |TAMS 0x0000000751600000| PB 0x0000000751400000| Updating 
| 139|0x0000000751600000, 0x0000000751800000, 0x0000000751800000|100%| O|  |TAMS 0x0000000751800000| PB 0x0000000751600000| Updating 
| 140|0x0000000751800000, 0x0000000751a00000, 0x0000000751a00000|100%| O|  |TAMS 0x0000000751a00000| PB 0x0000000751800000| Updating 
| 141|0x0000000751a00000, 0x0000000751c00000, 0x0000000751c00000|100%| O|  |TAMS 0x0000000751c00000| PB 0x0000000751a00000| Untracked 
| 142|0x0000000751c00000, 0x0000000751e00000, 0x0000000751e00000|100%| O|  |TAMS 0x0000000751e00000| PB 0x0000000751c00000| Updating 
| 143|0x0000000751e00000, 0x0000000752000000, 0x0000000752000000|100%| O|  |TAMS 0x0000000752000000| PB 0x0000000751e00000| Updating 
| 144|0x0000000752000000, 0x0000000752200000, 0x0000000752200000|100%| O|  |TAMS 0x0000000752200000| PB 0x0000000752000000| Updating 
| 145|0x0000000752200000, 0x0000000752400000, 0x0000000752400000|100%| O|  |TAMS 0x0000000752400000| PB 0x0000000752200000| Updating 
| 146|0x0000000752400000, 0x0000000752600000, 0x0000000752600000|100%| O|  |TAMS 0x0000000752600000| PB 0x0000000752400000| Updating 
| 147|0x0000000752600000, 0x0000000752800000, 0x0000000752800000|100%| O|  |TAMS 0x0000000752600000| PB 0x0000000752600000| Untracked 
| 148|0x0000000752800000, 0x0000000752a00000, 0x0000000752a00000|100%| O|  |TAMS 0x0000000752800000| PB 0x0000000752800000| Untracked 
| 149|0x0000000752a00000, 0x0000000752c00000, 0x0000000752c00000|100%| O|  |TAMS 0x0000000752c00000| PB 0x0000000752a00000| Updating 
| 150|0x0000000752c00000, 0x0000000752e00000, 0x0000000752e00000|100%| O|  |TAMS 0x0000000752e00000| PB 0x0000000752c00000| Updating 
| 151|0x0000000752e00000, 0x0000000753000000, 0x0000000753000000|100%| O|  |TAMS 0x0000000753000000| PB 0x0000000752e00000| Updating 
| 152|0x0000000753000000, 0x0000000753200000, 0x0000000753200000|100%| O|  |TAMS 0x0000000753200000| PB 0x0000000753000000| Updating 
| 153|0x0000000753200000, 0x0000000753400000, 0x0000000753400000|100%| O|  |TAMS 0x0000000753200000| PB 0x0000000753200000| Untracked 
| 154|0x0000000753400000, 0x0000000753600000, 0x0000000753600000|100%| O|  |TAMS 0x0000000753600000| PB 0x0000000753400000| Updating 
| 155|0x0000000753600000, 0x0000000753800000, 0x0000000753800000|100%| O|  |TAMS 0x0000000753800000| PB 0x0000000753600000| Untracked 
| 156|0x0000000753800000, 0x0000000753a00000, 0x0000000753a00000|100%|HS|  |TAMS 0x0000000753a00000| PB 0x0000000753800000| Complete 
| 157|0x0000000753a00000, 0x0000000753c00000, 0x0000000753c00000|100%|HC|  |TAMS 0x0000000753c00000| PB 0x0000000753a00000| Complete 
| 158|0x0000000753c00000, 0x0000000753e00000, 0x0000000753e00000|100%|HS|  |TAMS 0x0000000753e00000| PB 0x0000000753c00000| Complete 
| 159|0x0000000753e00000, 0x0000000754000000, 0x0000000754000000|100%|HC|  |TAMS 0x0000000754000000| PB 0x0000000753e00000| Complete 
| 160|0x0000000754000000, 0x0000000754200000, 0x0000000754200000|100%| O|  |TAMS 0x0000000754200000| PB 0x0000000754000000| Untracked 
| 161|0x0000000754200000, 0x0000000754400000, 0x0000000754400000|100%| O|  |TAMS 0x0000000754400000| PB 0x0000000754200000| Untracked 
| 162|0x0000000754400000, 0x0000000754600000, 0x0000000754600000|100%| O|  |TAMS 0x0000000754600000| PB 0x0000000754400000| Untracked 
| 163|0x0000000754600000, 0x0000000754800000, 0x0000000754800000|100%| O|  |TAMS 0x0000000754800000| PB 0x0000000754600000| Untracked 
| 164|0x0000000754800000, 0x0000000754a00000, 0x0000000754a00000|100%| O|  |TAMS 0x0000000754a00000| PB 0x0000000754800000| Untracked 
| 165|0x0000000754a00000, 0x0000000754c00000, 0x0000000754c00000|100%| O|  |TAMS 0x0000000754c00000| PB 0x0000000754a00000| Untracked 
| 166|0x0000000754c00000, 0x0000000754e00000, 0x0000000754e00000|100%| O|  |TAMS 0x0000000754c00000| PB 0x0000000754c00000| Untracked 
| 167|0x0000000754e00000, 0x0000000755000000, 0x0000000755000000|100%| O|  |TAMS 0x0000000755000000| PB 0x0000000754e00000| Updating 
| 168|0x0000000755000000, 0x0000000755200000, 0x0000000755200000|100%| O|  |TAMS 0x0000000755200000| PB 0x0000000755000000| Untracked 
| 169|0x0000000755200000, 0x0000000755400000, 0x0000000755400000|100%| O|  |TAMS 0x0000000755400000| PB 0x0000000755200000| Untracked 
| 170|0x0000000755400000, 0x0000000755600000, 0x0000000755600000|100%| O|  |TAMS 0x0000000755600000| PB 0x0000000755400000| Untracked 
| 171|0x0000000755600000, 0x0000000755800000, 0x0000000755800000|100%| O|  |TAMS 0x0000000755800000| PB 0x0000000755600000| Untracked 
| 172|0x0000000755800000, 0x0000000755a00000, 0x0000000755a00000|100%| O|  |TAMS 0x0000000755a00000| PB 0x0000000755800000| Untracked 
| 173|0x0000000755a00000, 0x0000000755c00000, 0x0000000755c00000|100%| O|  |TAMS 0x0000000755c00000| PB 0x0000000755a00000| Untracked 
| 174|0x0000000755c00000, 0x0000000755e00000, 0x0000000755e00000|100%| O|  |TAMS 0x0000000755e00000| PB 0x0000000755c00000| Untracked 
| 175|0x0000000755e00000, 0x0000000756000000, 0x0000000756000000|100%| O|  |TAMS 0x0000000756000000| PB 0x0000000755e00000| Untracked 
| 176|0x0000000756000000, 0x0000000756200000, 0x0000000756200000|100%| O|  |TAMS 0x0000000756200000| PB 0x0000000756000000| Untracked 
| 177|0x0000000756200000, 0x0000000756400000, 0x0000000756400000|100%| O|  |TAMS 0x0000000756400000| PB 0x0000000756200000| Untracked 
| 178|0x0000000756400000, 0x0000000756600000, 0x0000000756600000|100%| O|  |TAMS 0x0000000756600000| PB 0x0000000756400000| Untracked 
| 179|0x0000000756600000, 0x0000000756800000, 0x0000000756800000|100%| O|  |TAMS 0x0000000756800000| PB 0x0000000756600000| Untracked 
| 180|0x0000000756800000, 0x0000000756a00000, 0x0000000756a00000|100%| O|  |TAMS 0x0000000756a00000| PB 0x0000000756800000| Untracked 
| 181|0x0000000756a00000, 0x0000000756c00000, 0x0000000756c00000|100%| O|  |TAMS 0x0000000756c00000| PB 0x0000000756a00000| Untracked 
| 182|0x0000000756c00000, 0x0000000756e00000, 0x0000000756e00000|100%| O|  |TAMS 0x0000000756e00000| PB 0x0000000756c00000| Untracked 
| 183|0x0000000756e00000, 0x0000000757000000, 0x0000000757000000|100%| O|  |TAMS 0x0000000757000000| PB 0x0000000756e00000| Untracked 
| 184|0x0000000757000000, 0x0000000757200000, 0x0000000757200000|100%| O|  |TAMS 0x0000000757200000| PB 0x0000000757000000| Untracked 
| 185|0x0000000757200000, 0x0000000757400000, 0x0000000757400000|100%| O|  |TAMS 0x0000000757400000| PB 0x0000000757200000| Untracked 
| 186|0x0000000757400000, 0x0000000757600000, 0x0000000757600000|100%| O|  |TAMS 0x0000000757600000| PB 0x0000000757400000| Updating 
| 187|0x0000000757600000, 0x0000000757800000, 0x0000000757800000|100%| O|  |TAMS 0x0000000757800000| PB 0x0000000757600000| Untracked 
| 188|0x0000000757800000, 0x0000000757a00000, 0x0000000757a00000|100%| O|  |TAMS 0x0000000757a00000| PB 0x0000000757800000| Untracked 
| 189|0x0000000757a00000, 0x0000000757c00000, 0x0000000757c00000|100%| O|  |TAMS 0x0000000757c00000| PB 0x0000000757a00000| Updating 
| 190|0x0000000757c00000, 0x0000000757e00000, 0x0000000757e00000|100%|HS|  |TAMS 0x0000000757e00000| PB 0x0000000757c00000| Complete 
| 191|0x0000000757e00000, 0x0000000758000000, 0x0000000758000000|100%| O|  |TAMS 0x0000000758000000| PB 0x0000000757e00000| Untracked 
| 192|0x0000000758000000, 0x0000000758200000, 0x0000000758200000|100%| O|  |TAMS 0x0000000758200000| PB 0x0000000758000000| Untracked 
| 193|0x0000000758200000, 0x0000000758400000, 0x0000000758400000|100%| O|  |TAMS 0x0000000758400000| PB 0x0000000758200000| Untracked 
| 194|0x0000000758400000, 0x0000000758600000, 0x0000000758600000|100%| O|  |TAMS 0x0000000758600000| PB 0x0000000758400000| Untracked 
| 195|0x0000000758600000, 0x0000000758800000, 0x0000000758800000|100%| O|  |TAMS 0x0000000758800000| PB 0x0000000758600000| Updating 
| 196|0x0000000758800000, 0x0000000758a00000, 0x0000000758a00000|100%| O|  |TAMS 0x0000000758a00000| PB 0x0000000758800000| Untracked 
| 197|0x0000000758a00000, 0x0000000758c00000, 0x0000000758c00000|100%| O|  |TAMS 0x0000000758c00000| PB 0x0000000758a00000| Untracked 
| 198|0x0000000758c00000, 0x0000000758e00000, 0x0000000758e00000|100%| O|  |TAMS 0x0000000758e00000| PB 0x0000000758c00000| Updating 
| 199|0x0000000758e00000, 0x0000000759000000, 0x0000000759000000|100%| O|  |TAMS 0x0000000759000000| PB 0x0000000758e00000| Untracked 
| 200|0x0000000759000000, 0x0000000759200000, 0x0000000759200000|100%| O|  |TAMS 0x0000000759200000| PB 0x0000000759000000| Updating 
| 201|0x0000000759200000, 0x0000000759400000, 0x0000000759400000|100%| O|  |TAMS 0x0000000759400000| PB 0x0000000759200000| Untracked 
| 202|0x0000000759400000, 0x0000000759600000, 0x0000000759600000|100%| O|  |TAMS 0x0000000759600000| PB 0x0000000759400000| Untracked 
| 203|0x0000000759600000, 0x0000000759800000, 0x0000000759800000|100%| O|  |TAMS 0x0000000759800000| PB 0x0000000759600000| Untracked 
| 204|0x0000000759800000, 0x0000000759a00000, 0x0000000759a00000|100%| O|  |TAMS 0x0000000759a00000| PB 0x0000000759800000| Untracked 
| 205|0x0000000759a00000, 0x0000000759c00000, 0x0000000759c00000|100%| O|  |TAMS 0x0000000759c00000| PB 0x0000000759a00000| Untracked 
| 206|0x0000000759c00000, 0x0000000759e00000, 0x0000000759e00000|100%| O|  |TAMS 0x0000000759e00000| PB 0x0000000759c00000| Untracked 
| 207|0x0000000759e00000, 0x000000075a000000, 0x000000075a000000|100%| O|  |TAMS 0x000000075a000000| PB 0x0000000759e00000| Untracked 
| 208|0x000000075a000000, 0x000000075a200000, 0x000000075a200000|100%| O|  |TAMS 0x000000075a200000| PB 0x000000075a000000| Untracked 
| 209|0x000000075a200000, 0x000000075a400000, 0x000000075a400000|100%| O|  |TAMS 0x000000075a400000| PB 0x000000075a200000| Untracked 
| 210|0x000000075a400000, 0x000000075a600000, 0x000000075a600000|100%| O|  |TAMS 0x000000075a600000| PB 0x000000075a400000| Untracked 
| 211|0x000000075a600000, 0x000000075a800000, 0x000000075a800000|100%| O|  |TAMS 0x000000075a800000| PB 0x000000075a600000| Untracked 
| 212|0x000000075a800000, 0x000000075aa00000, 0x000000075aa00000|100%| O|  |TAMS 0x000000075aa00000| PB 0x000000075a800000| Untracked 
| 213|0x000000075aa00000, 0x000000075ac00000, 0x000000075ac00000|100%| O|  |TAMS 0x000000075ac00000| PB 0x000000075aa00000| Updating 
| 214|0x000000075ac00000, 0x000000075ae00000, 0x000000075ae00000|100%| O|  |TAMS 0x000000075ae00000| PB 0x000000075ac00000| Untracked 
| 215|0x000000075ae00000, 0x000000075b000000, 0x000000075b000000|100%| O|  |TAMS 0x000000075b000000| PB 0x000000075ae00000| Untracked 
| 216|0x000000075b000000, 0x000000075b200000, 0x000000075b200000|100%| O|  |TAMS 0x000000075b200000| PB 0x000000075b000000| Untracked 
| 217|0x000000075b200000, 0x000000075b400000, 0x000000075b400000|100%| O|  |TAMS 0x000000075b400000| PB 0x000000075b200000| Untracked 
| 218|0x000000075b400000, 0x000000075b600000, 0x000000075b600000|100%| O|  |TAMS 0x000000075b600000| PB 0x000000075b400000| Untracked 
| 219|0x000000075b600000, 0x000000075b800000, 0x000000075b800000|100%| O|  |TAMS 0x000000075b800000| PB 0x000000075b600000| Untracked 
| 220|0x000000075b800000, 0x000000075ba00000, 0x000000075ba00000|100%| O|  |TAMS 0x000000075ba00000| PB 0x000000075b800000| Untracked 
| 221|0x000000075ba00000, 0x000000075bc00000, 0x000000075bc00000|100%| O|  |TAMS 0x000000075bc00000| PB 0x000000075ba00000| Updating 
| 222|0x000000075bc00000, 0x000000075be00000, 0x000000075be00000|100%| O|  |TAMS 0x000000075be00000| PB 0x000000075bc00000| Untracked 
| 223|0x000000075be00000, 0x000000075c000000, 0x000000075c000000|100%| O|  |TAMS 0x000000075c000000| PB 0x000000075be00000| Untracked 
| 224|0x000000075c000000, 0x000000075c200000, 0x000000075c200000|100%| O|  |TAMS 0x000000075c200000| PB 0x000000075c000000| Updating 
| 225|0x000000075c200000, 0x000000075c400000, 0x000000075c400000|100%| O|  |TAMS 0x000000075c400000| PB 0x000000075c200000| Updating 
| 226|0x000000075c400000, 0x000000075c600000, 0x000000075c600000|100%| O|  |TAMS 0x000000075c600000| PB 0x000000075c400000| Untracked 
| 227|0x000000075c600000, 0x000000075c800000, 0x000000075c800000|100%| O|  |TAMS 0x000000075c800000| PB 0x000000075c600000| Untracked 
| 228|0x000000075c800000, 0x000000075ca00000, 0x000000075ca00000|100%| O|  |TAMS 0x000000075ca00000| PB 0x000000075c800000| Untracked 
| 229|0x000000075ca00000, 0x000000075cc00000, 0x000000075cc00000|100%| O|  |TAMS 0x000000075cc00000| PB 0x000000075ca00000| Untracked 
| 230|0x000000075cc00000, 0x000000075ce00000, 0x000000075ce00000|100%| O|  |TAMS 0x000000075ce00000| PB 0x000000075cc00000| Untracked 
| 231|0x000000075ce00000, 0x000000075d000000, 0x000000075d000000|100%| O|  |TAMS 0x000000075d000000| PB 0x000000075ce00000| Updating 
| 232|0x000000075d000000, 0x000000075d200000, 0x000000075d200000|100%| O|  |TAMS 0x000000075d200000| PB 0x000000075d000000| Untracked 
| 233|0x000000075d200000, 0x000000075d400000, 0x000000075d400000|100%| O|  |TAMS 0x000000075d400000| PB 0x000000075d200000| Untracked 
| 234|0x000000075d400000, 0x000000075d600000, 0x000000075d600000|100%| O|  |TAMS 0x000000075d600000| PB 0x000000075d400000| Updating 
| 235|0x000000075d600000, 0x000000075d800000, 0x000000075d800000|100%| O|  |TAMS 0x000000075d800000| PB 0x000000075d600000| Updating 
| 236|0x000000075d800000, 0x000000075da00000, 0x000000075da00000|100%| O|  |TAMS 0x000000075da00000| PB 0x000000075d800000| Updating 
| 237|0x000000075da00000, 0x000000075dc00000, 0x000000075dc00000|100%| O|  |TAMS 0x000000075dc00000| PB 0x000000075da00000| Updating 
| 238|0x000000075dc00000, 0x000000075de00000, 0x000000075de00000|100%| O|  |TAMS 0x000000075de00000| PB 0x000000075dc00000| Updating 
| 239|0x000000075de00000, 0x000000075e000000, 0x000000075e000000|100%| O|  |TAMS 0x000000075e000000| PB 0x000000075de00000| Untracked 
| 240|0x000000075e000000, 0x000000075e200000, 0x000000075e200000|100%| O|  |TAMS 0x000000075e200000| PB 0x000000075e000000| Untracked 
| 241|0x000000075e200000, 0x000000075e400000, 0x000000075e400000|100%| O|  |TAMS 0x000000075e400000| PB 0x000000075e200000| Untracked 
| 242|0x000000075e400000, 0x000000075e600000, 0x000000075e600000|100%| O|  |TAMS 0x000000075e600000| PB 0x000000075e400000| Untracked 
| 243|0x000000075e600000, 0x000000075e800000, 0x000000075e800000|100%| O|  |TAMS 0x000000075e800000| PB 0x000000075e600000| Untracked 
| 244|0x000000075e800000, 0x000000075ea00000, 0x000000075ea00000|100%| O|  |TAMS 0x000000075e800000| PB 0x000000075e800000| Untracked 
| 245|0x000000075ea00000, 0x000000075ec00000, 0x000000075ec00000|100%| O|  |TAMS 0x000000075ec00000| PB 0x000000075ea00000| Untracked 
| 246|0x000000075ec00000, 0x000000075ee00000, 0x000000075ee00000|100%| O|  |TAMS 0x000000075ee00000| PB 0x000000075ec00000| Untracked 
| 247|0x000000075ee00000, 0x000000075f000000, 0x000000075f000000|100%| O|  |TAMS 0x000000075f000000| PB 0x000000075ee00000| Untracked 
| 248|0x000000075f000000, 0x000000075f200000, 0x000000075f200000|100%| O|  |TAMS 0x000000075f200000| PB 0x000000075f000000| Untracked 
| 249|0x000000075f200000, 0x000000075f400000, 0x000000075f400000|100%| O|  |TAMS 0x000000075f400000| PB 0x000000075f200000| Untracked 
| 250|0x000000075f400000, 0x000000075f600000, 0x000000075f600000|100%| O|  |TAMS 0x000000075f600000| PB 0x000000075f400000| Untracked 
| 251|0x000000075f600000, 0x000000075f800000, 0x000000075f800000|100%| O|  |TAMS 0x000000075f800000| PB 0x000000075f600000| Untracked 
| 252|0x000000075f800000, 0x000000075fa00000, 0x000000075fa00000|100%| O|  |TAMS 0x000000075fa00000| PB 0x000000075f800000| Untracked 
| 253|0x000000075fa00000, 0x000000075fc00000, 0x000000075fc00000|100%| O|  |TAMS 0x000000075fc00000| PB 0x000000075fa00000| Untracked 
| 254|0x000000075fc00000, 0x000000075fe00000, 0x000000075fe00000|100%| O|  |TAMS 0x000000075fe00000| PB 0x000000075fc00000| Untracked 
| 255|0x000000075fe00000, 0x0000000760000000, 0x0000000760000000|100%| O|  |TAMS 0x0000000760000000| PB 0x000000075fe00000| Updating 
| 256|0x0000000760000000, 0x0000000760200000, 0x0000000760200000|100%| O|  |TAMS 0x0000000760200000| PB 0x0000000760000000| Untracked 
| 257|0x0000000760200000, 0x0000000760400000, 0x0000000760400000|100%| O|  |TAMS 0x0000000760400000| PB 0x0000000760200000| Untracked 
| 258|0x0000000760400000, 0x0000000760600000, 0x0000000760600000|100%| O|  |TAMS 0x0000000760600000| PB 0x0000000760400000| Updating 
| 259|0x0000000760600000, 0x0000000760800000, 0x0000000760800000|100%| O|  |TAMS 0x0000000760800000| PB 0x0000000760600000| Updating 
| 260|0x0000000760800000, 0x0000000760a00000, 0x0000000760a00000|100%| O|  |TAMS 0x0000000760800000| PB 0x0000000760800000| Untracked 
| 261|0x0000000760a00000, 0x0000000760c00000, 0x0000000760c00000|100%| O|  |TAMS 0x0000000760c00000| PB 0x0000000760a00000| Updating 
| 262|0x0000000760c00000, 0x0000000760e00000, 0x0000000760e00000|100%| O|  |TAMS 0x0000000760e00000| PB 0x0000000760c00000| Untracked 
| 263|0x0000000760e00000, 0x0000000761000000, 0x0000000761000000|100%| O|  |TAMS 0x0000000761000000| PB 0x0000000760e00000| Untracked 
| 264|0x0000000761000000, 0x0000000761200000, 0x0000000761200000|100%| O|  |TAMS 0x0000000761200000| PB 0x0000000761000000| Updating 
| 265|0x0000000761200000, 0x0000000761400000, 0x0000000761400000|100%| O|  |TAMS 0x0000000761400000| PB 0x0000000761200000| Untracked 
| 266|0x0000000761400000, 0x0000000761600000, 0x0000000761600000|100%| O|  |TAMS 0x0000000761600000| PB 0x0000000761400000| Untracked 
| 267|0x0000000761600000, 0x0000000761800000, 0x0000000761800000|100%| O|  |TAMS 0x0000000761800000| PB 0x0000000761600000| Untracked 
| 268|0x0000000761800000, 0x0000000761a00000, 0x0000000761a00000|100%| O|  |TAMS 0x0000000761a00000| PB 0x0000000761800000| Untracked 
| 269|0x0000000761a00000, 0x0000000761c00000, 0x0000000761c00000|100%| O|  |TAMS 0x0000000761c00000| PB 0x0000000761a00000| Untracked 
| 270|0x0000000761c00000, 0x0000000761e00000, 0x0000000761e00000|100%| O|  |TAMS 0x0000000761e00000| PB 0x0000000761c00000| Untracked 
| 271|0x0000000761e00000, 0x0000000762000000, 0x0000000762000000|100%| O|  |TAMS 0x0000000762000000| PB 0x0000000761e00000| Untracked 
| 272|0x0000000762000000, 0x0000000762200000, 0x0000000762200000|100%| O|  |TAMS 0x0000000762200000| PB 0x0000000762000000| Untracked 
| 273|0x0000000762200000, 0x0000000762400000, 0x0000000762400000|100%| O|  |TAMS 0x0000000762200000| PB 0x0000000762200000| Untracked 
| 274|0x0000000762400000, 0x0000000762600000, 0x0000000762600000|100%| O|  |TAMS 0x0000000762400000| PB 0x0000000762400000| Untracked 
| 275|0x0000000762600000, 0x0000000762800000, 0x0000000762800000|100%| O|  |TAMS 0x0000000762800000| PB 0x0000000762600000| Untracked 
| 276|0x0000000762800000, 0x0000000762a00000, 0x0000000762a00000|100%| O|  |TAMS 0x0000000762a00000| PB 0x0000000762800000| Untracked 
| 277|0x0000000762a00000, 0x0000000762c00000, 0x0000000762c00000|100%| O|  |TAMS 0x0000000762c00000| PB 0x0000000762a00000| Untracked 
| 278|0x0000000762c00000, 0x0000000762e00000, 0x0000000762e00000|100%| O|  |TAMS 0x0000000762e00000| PB 0x0000000762c00000| Untracked 
| 279|0x0000000762e00000, 0x0000000763000000, 0x0000000763000000|100%| O|  |TAMS 0x0000000763000000| PB 0x0000000762e00000| Untracked 
| 280|0x0000000763000000, 0x0000000763200000, 0x0000000763200000|100%| O|  |TAMS 0x0000000763200000| PB 0x0000000763000000| Untracked 
| 281|0x0000000763200000, 0x0000000763400000, 0x0000000763400000|100%| O|  |TAMS 0x0000000763400000| PB 0x0000000763200000| Untracked 
| 282|0x0000000763400000, 0x0000000763600000, 0x0000000763600000|100%| O|  |TAMS 0x0000000763600000| PB 0x0000000763400000| Untracked 
| 283|0x0000000763600000, 0x0000000763800000, 0x0000000763800000|100%| O|  |TAMS 0x0000000763800000| PB 0x0000000763600000| Untracked 
| 284|0x0000000763800000, 0x0000000763a00000, 0x0000000763a00000|100%| O|  |TAMS 0x0000000763a00000| PB 0x0000000763800000| Untracked 
| 285|0x0000000763a00000, 0x0000000763c00000, 0x0000000763c00000|100%| O|  |TAMS 0x0000000763c00000| PB 0x0000000763a00000| Untracked 
| 286|0x0000000763c00000, 0x0000000763e00000, 0x0000000763e00000|100%| O|  |TAMS 0x0000000763e00000| PB 0x0000000763c00000| Untracked 
| 287|0x0000000763e00000, 0x0000000764000000, 0x0000000764000000|100%| O|  |TAMS 0x0000000764000000| PB 0x0000000763e00000| Updating 
| 288|0x0000000764000000, 0x0000000764200000, 0x0000000764200000|100%| O|  |TAMS 0x0000000764200000| PB 0x0000000764000000| Untracked 
| 289|0x0000000764200000, 0x0000000764400000, 0x0000000764400000|100%| O|  |TAMS 0x0000000764400000| PB 0x0000000764200000| Untracked 
| 290|0x0000000764400000, 0x0000000764600000, 0x0000000764600000|100%| O|  |TAMS 0x0000000764600000| PB 0x0000000764400000| Updating 
| 291|0x0000000764600000, 0x0000000764800000, 0x0000000764800000|100%| O|  |TAMS 0x0000000764800000| PB 0x0000000764600000| Updating 
| 292|0x0000000764800000, 0x0000000764a00000, 0x0000000764a00000|100%| O|  |TAMS 0x0000000764a00000| PB 0x0000000764800000| Updating 
| 293|0x0000000764a00000, 0x0000000764c00000, 0x0000000764c00000|100%| O|  |TAMS 0x0000000764c00000| PB 0x0000000764a00000| Untracked 
| 294|0x0000000764c00000, 0x0000000764e00000, 0x0000000764e00000|100%| O|  |TAMS 0x0000000764e00000| PB 0x0000000764c00000| Updating 
| 295|0x0000000764e00000, 0x0000000765000000, 0x0000000765000000|100%| O|  |TAMS 0x0000000765000000| PB 0x0000000764e00000| Untracked 
| 296|0x0000000765000000, 0x0000000765200000, 0x0000000765200000|100%| O|  |TAMS 0x0000000765200000| PB 0x0000000765000000| Untracked 
| 297|0x0000000765200000, 0x0000000765400000, 0x0000000765400000|100%| O|  |TAMS 0x0000000765400000| PB 0x0000000765200000| Untracked 
| 298|0x0000000765400000, 0x0000000765600000, 0x0000000765600000|100%| O|  |TAMS 0x0000000765600000| PB 0x0000000765400000| Untracked 
| 299|0x0000000765600000, 0x0000000765800000, 0x0000000765800000|100%| O|  |TAMS 0x0000000765800000| PB 0x0000000765600000| Untracked 
| 300|0x0000000765800000, 0x0000000765a00000, 0x0000000765a00000|100%| O|  |TAMS 0x0000000765a00000| PB 0x0000000765800000| Untracked 
| 301|0x0000000765a00000, 0x0000000765c00000, 0x0000000765c00000|100%| O|  |TAMS 0x0000000765c00000| PB 0x0000000765a00000| Untracked 
| 302|0x0000000765c00000, 0x0000000765e00000, 0x0000000765e00000|100%| O|  |TAMS 0x0000000765e00000| PB 0x0000000765c00000| Untracked 
| 303|0x0000000765e00000, 0x0000000766000000, 0x0000000766000000|100%| O|  |TAMS 0x0000000766000000| PB 0x0000000765e00000| Untracked 
| 304|0x0000000766000000, 0x0000000766200000, 0x0000000766200000|100%| O|  |TAMS 0x0000000766200000| PB 0x0000000766000000| Untracked 
| 305|0x0000000766200000, 0x0000000766400000, 0x0000000766400000|100%| O|  |TAMS 0x0000000766400000| PB 0x0000000766200000| Untracked 
| 306|0x0000000766400000, 0x0000000766600000, 0x0000000766600000|100%| O|  |TAMS 0x0000000766600000| PB 0x0000000766400000| Untracked 
| 307|0x0000000766600000, 0x0000000766800000, 0x0000000766800000|100%| O|  |TAMS 0x0000000766800000| PB 0x0000000766600000| Updating 
| 308|0x0000000766800000, 0x0000000766a00000, 0x0000000766a00000|100%| O|  |TAMS 0x0000000766a00000| PB 0x0000000766800000| Untracked 
| 309|0x0000000766a00000, 0x0000000766c00000, 0x0000000766c00000|100%| O|  |TAMS 0x0000000766c00000| PB 0x0000000766a00000| Untracked 
| 310|0x0000000766c00000, 0x0000000766e00000, 0x0000000766e00000|100%| O|  |TAMS 0x0000000766e00000| PB 0x0000000766c00000| Untracked 
| 311|0x0000000766e00000, 0x0000000767000000, 0x0000000767000000|100%| O|  |TAMS 0x0000000767000000| PB 0x0000000766e00000| Untracked 
| 312|0x0000000767000000, 0x0000000767200000, 0x0000000767200000|100%| O|  |TAMS 0x0000000767200000| PB 0x0000000767000000| Untracked 
| 313|0x0000000767200000, 0x0000000767400000, 0x0000000767400000|100%| O|  |TAMS 0x0000000767400000| PB 0x0000000767200000| Untracked 
| 314|0x0000000767400000, 0x0000000767600000, 0x0000000767600000|100%| O|  |TAMS 0x0000000767600000| PB 0x0000000767400000| Untracked 
| 315|0x0000000767600000, 0x0000000767800000, 0x0000000767800000|100%| O|  |TAMS 0x0000000767800000| PB 0x0000000767600000| Updating 
| 316|0x0000000767800000, 0x0000000767a00000, 0x0000000767a00000|100%| O|  |TAMS 0x0000000767800000| PB 0x0000000767800000| Untracked 
| 317|0x0000000767a00000, 0x0000000767c00000, 0x0000000767c00000|100%| O|  |TAMS 0x0000000767c00000| PB 0x0000000767a00000| Untracked 
| 318|0x0000000767c00000, 0x0000000767e00000, 0x0000000767e00000|100%| O|  |TAMS 0x0000000767e00000| PB 0x0000000767c00000| Untracked 
| 319|0x0000000767e00000, 0x0000000768000000, 0x0000000768000000|100%|HS|  |TAMS 0x0000000768000000| PB 0x0000000767e00000| Complete 
| 320|0x0000000768000000, 0x0000000768200000, 0x0000000768200000|100%|HS|  |TAMS 0x0000000768200000| PB 0x0000000768000000| Complete 
| 321|0x0000000768200000, 0x0000000768400000, 0x0000000768400000|100%|HC|  |TAMS 0x0000000768400000| PB 0x0000000768200000| Complete 
| 322|0x0000000768400000, 0x0000000768600000, 0x0000000768600000|100%|HS|  |TAMS 0x0000000768600000| PB 0x0000000768400000| Complete 
| 323|0x0000000768600000, 0x0000000768800000, 0x0000000768800000|100%|HC|  |TAMS 0x0000000768800000| PB 0x0000000768600000| Complete 
| 324|0x0000000768800000, 0x0000000768a00000, 0x0000000768a00000|100%| O|  |TAMS 0x0000000768a00000| PB 0x0000000768800000| Untracked 
| 325|0x0000000768a00000, 0x0000000768c00000, 0x0000000768c00000|100%| O|  |TAMS 0x0000000768c00000| PB 0x0000000768a00000| Untracked 
| 326|0x0000000768c00000, 0x0000000768e00000, 0x0000000768e00000|100%| O|  |TAMS 0x0000000768e00000| PB 0x0000000768c00000| Untracked 
| 327|0x0000000768e00000, 0x0000000769000000, 0x0000000769000000|100%| O|  |TAMS 0x0000000769000000| PB 0x0000000768e00000| Untracked 
| 328|0x0000000769000000, 0x0000000769200000, 0x0000000769200000|100%| O|  |TAMS 0x0000000769200000| PB 0x0000000769000000| Untracked 
| 329|0x0000000769200000, 0x0000000769400000, 0x0000000769400000|100%| O|  |TAMS 0x0000000769400000| PB 0x0000000769200000| Untracked 
| 330|0x0000000769400000, 0x0000000769600000, 0x0000000769600000|100%| O|  |TAMS 0x0000000769600000| PB 0x0000000769400000| Updating 
| 331|0x0000000769600000, 0x0000000769800000, 0x0000000769800000|100%| O|  |TAMS 0x0000000769800000| PB 0x0000000769600000| Updating 
| 332|0x0000000769800000, 0x0000000769a00000, 0x0000000769a00000|100%| O|  |TAMS 0x0000000769a00000| PB 0x0000000769800000| Untracked 
| 333|0x0000000769a00000, 0x0000000769c00000, 0x0000000769c00000|100%| O|  |TAMS 0x0000000769c00000| PB 0x0000000769a00000| Untracked 
| 334|0x0000000769c00000, 0x0000000769e00000, 0x0000000769e00000|100%| O|  |TAMS 0x0000000769e00000| PB 0x0000000769c00000| Untracked 
| 335|0x0000000769e00000, 0x000000076a000000, 0x000000076a000000|100%| O|  |TAMS 0x000000076a000000| PB 0x0000000769e00000| Untracked 
| 336|0x000000076a000000, 0x000000076a200000, 0x000000076a200000|100%| O|  |TAMS 0x000000076a200000| PB 0x000000076a000000| Untracked 
| 337|0x000000076a200000, 0x000000076a400000, 0x000000076a400000|100%| O|  |TAMS 0x000000076a400000| PB 0x000000076a200000| Untracked 
| 338|0x000000076a400000, 0x000000076a600000, 0x000000076a600000|100%| O|  |TAMS 0x000000076a600000| PB 0x000000076a400000| Updating 
| 339|0x000000076a600000, 0x000000076a800000, 0x000000076a800000|100%| O|  |TAMS 0x000000076a800000| PB 0x000000076a600000| Updating 
| 340|0x000000076a800000, 0x000000076aa00000, 0x000000076aa00000|100%| O|  |TAMS 0x000000076aa00000| PB 0x000000076a800000| Untracked 
| 341|0x000000076aa00000, 0x000000076ac00000, 0x000000076ac00000|100%| O|  |TAMS 0x000000076ac00000| PB 0x000000076aa00000| Updating 
| 342|0x000000076ac00000, 0x000000076ae00000, 0x000000076ae00000|100%| O|  |TAMS 0x000000076ae00000| PB 0x000000076ac00000| Untracked 
| 343|0x000000076ae00000, 0x000000076b000000, 0x000000076b000000|100%| O|  |TAMS 0x000000076b000000| PB 0x000000076ae00000| Updating 
| 344|0x000000076b000000, 0x000000076b200000, 0x000000076b200000|100%| O|  |TAMS 0x000000076b200000| PB 0x000000076b000000| Untracked 
| 345|0x000000076b200000, 0x000000076b400000, 0x000000076b400000|100%| O|  |TAMS 0x000000076b400000| PB 0x000000076b200000| Untracked 
| 346|0x000000076b400000, 0x000000076b600000, 0x000000076b600000|100%| O|  |TAMS 0x000000076b600000| PB 0x000000076b400000| Untracked 
| 347|0x000000076b600000, 0x000000076b800000, 0x000000076b800000|100%| O|  |TAMS 0x000000076b800000| PB 0x000000076b600000| Untracked 
| 348|0x000000076b800000, 0x000000076ba00000, 0x000000076ba00000|100%| O|  |TAMS 0x000000076ba00000| PB 0x000000076b800000| Untracked 
| 349|0x000000076ba00000, 0x000000076bc00000, 0x000000076bc00000|100%| O|  |TAMS 0x000000076ba00000| PB 0x000000076ba00000| Untracked 
| 350|0x000000076bc00000, 0x000000076be00000, 0x000000076be00000|100%| O|  |TAMS 0x000000076be00000| PB 0x000000076bc00000| Updating 
| 351|0x000000076be00000, 0x000000076c000000, 0x000000076c000000|100%| O|  |TAMS 0x000000076be00000| PB 0x000000076be00000| Untracked 
| 352|0x000000076c000000, 0x000000076c200000, 0x000000076c200000|100%| O|  |TAMS 0x000000076c000000| PB 0x000000076c000000| Untracked 
| 353|0x000000076c200000, 0x000000076c400000, 0x000000076c400000|100%| O|  |TAMS 0x000000076c400000| PB 0x000000076c200000| Untracked 
| 354|0x000000076c400000, 0x000000076c600000, 0x000000076c600000|100%| O|  |TAMS 0x000000076c600000| PB 0x000000076c400000| Untracked 
| 355|0x000000076c600000, 0x000000076c800000, 0x000000076c800000|100%| O|  |TAMS 0x000000076c800000| PB 0x000000076c800000| Untracked 
| 356|0x000000076c800000, 0x000000076ca00000, 0x000000076ca00000|100%| O|  |TAMS 0x000000076ca00000| PB 0x000000076c800000| Untracked 
| 357|0x000000076ca00000, 0x000000076cc00000, 0x000000076cc00000|100%| O|  |TAMS 0x000000076cc00000| PB 0x000000076cc00000| Untracked 
| 358|0x000000076cc00000, 0x000000076ce00000, 0x000000076ce00000|100%| O|  |TAMS 0x000000076ce00000| PB 0x000000076ce00000| Untracked 
| 359|0x000000076ce00000, 0x000000076d000000, 0x000000076d000000|100%| O|  |TAMS 0x000000076d000000| PB 0x000000076d000000| Untracked 
| 360|0x000000076d000000, 0x000000076d200000, 0x000000076d200000|100%| O|  |TAMS 0x000000076d200000| PB 0x000000076d200000| Untracked 
| 361|0x000000076d200000, 0x000000076d400000, 0x000000076d400000|100%| O|  |TAMS 0x000000076d400000| PB 0x000000076d400000| Untracked 
| 362|0x000000076d400000, 0x000000076d600000, 0x000000076d600000|100%| O|  |TAMS 0x000000076d600000| PB 0x000000076d600000| Untracked 
| 363|0x000000076d600000, 0x000000076d800000, 0x000000076d800000|100%| O|  |TAMS 0x000000076d800000| PB 0x000000076d800000| Untracked 
| 364|0x000000076d800000, 0x000000076da00000, 0x000000076da00000|100%| O|  |TAMS 0x000000076da00000| PB 0x000000076da00000| Untracked 
| 365|0x000000076da00000, 0x000000076dc00000, 0x000000076dc00000|100%| O|  |TAMS 0x000000076dc00000| PB 0x000000076dc00000| Untracked 
| 366|0x000000076dc00000, 0x000000076de00000, 0x000000076de00000|100%| O|  |TAMS 0x000000076de00000| PB 0x000000076de00000| Untracked 
| 367|0x000000076de00000, 0x000000076e000000, 0x000000076e000000|100%| O|  |TAMS 0x000000076e000000| PB 0x000000076e000000| Untracked 
| 368|0x000000076e000000, 0x000000076e200000, 0x000000076e200000|100%| O|  |TAMS 0x000000076e200000| PB 0x000000076e200000| Untracked 
| 369|0x000000076e200000, 0x000000076e400000, 0x000000076e400000|100%| O|  |TAMS 0x000000076e400000| PB 0x000000076e400000| Untracked 
| 370|0x000000076e400000, 0x000000076e600000, 0x000000076e600000|100%| O|  |TAMS 0x000000076e600000| PB 0x000000076e600000| Untracked 
| 371|0x000000076e600000, 0x000000076e800000, 0x000000076e800000|100%| O|  |TAMS 0x000000076e800000| PB 0x000000076e800000| Untracked 
| 372|0x000000076e800000, 0x000000076ea00000, 0x000000076ea00000|100%| O|  |TAMS 0x000000076ea00000| PB 0x000000076ea00000| Untracked 
| 373|0x000000076ea00000, 0x000000076ec00000, 0x000000076ec00000|100%| O|  |TAMS 0x000000076ec00000| PB 0x000000076ec00000| Untracked 
| 374|0x000000076ec00000, 0x000000076ee00000, 0x000000076ee00000|100%| O|  |TAMS 0x000000076ee00000| PB 0x000000076ee00000| Untracked 
| 375|0x000000076ee00000, 0x000000076f000000, 0x000000076f000000|100%| O|  |TAMS 0x000000076f000000| PB 0x000000076f000000| Untracked 
| 376|0x000000076f000000, 0x000000076f200000, 0x000000076f200000|100%| O|  |TAMS 0x000000076f200000| PB 0x000000076f200000| Untracked 
| 377|0x000000076f200000, 0x000000076f400000, 0x000000076f400000|100%| O|  |TAMS 0x000000076f400000| PB 0x000000076f400000| Untracked 
| 378|0x000000076f400000, 0x000000076f600000, 0x000000076f600000|100%| O|  |TAMS 0x000000076f600000| PB 0x000000076f600000| Untracked 
| 379|0x000000076f600000, 0x000000076f800000, 0x000000076f800000|100%| O|  |TAMS 0x000000076f800000| PB 0x000000076f800000| Untracked 
| 380|0x000000076f800000, 0x000000076fa00000, 0x000000076fa00000|100%| O|  |TAMS 0x000000076fa00000| PB 0x000000076fa00000| Untracked 
| 381|0x000000076fa00000, 0x000000076fc00000, 0x000000076fc00000|100%| O|  |TAMS 0x000000076fc00000| PB 0x000000076fc00000| Untracked 
| 382|0x000000076fc00000, 0x000000076fe00000, 0x000000076fe00000|100%| O|  |TAMS 0x000000076fe00000| PB 0x000000076fe00000| Untracked 
| 383|0x000000076fe00000, 0x0000000770000000, 0x0000000770000000|100%| O|  |TAMS 0x0000000770000000| PB 0x0000000770000000| Updating 
| 384|0x0000000770000000, 0x0000000770200000, 0x0000000770200000|100%| O|  |TAMS 0x0000000770200000| PB 0x0000000770200000| Untracked 
| 385|0x0000000770200000, 0x0000000770400000, 0x0000000770400000|100%| O|  |TAMS 0x0000000770400000| PB 0x0000000770400000| Untracked 
| 386|0x0000000770400000, 0x0000000770600000, 0x0000000770600000|100%| O|  |TAMS 0x0000000770600000| PB 0x0000000770600000| Untracked 
| 387|0x0000000770600000, 0x0000000770800000, 0x0000000770800000|100%| O|  |TAMS 0x0000000770800000| PB 0x0000000770800000| Untracked 
| 388|0x0000000770800000, 0x0000000770a00000, 0x0000000770a00000|100%| O|  |TAMS 0x0000000770a00000| PB 0x0000000770a00000| Updating 
| 389|0x0000000770a00000, 0x0000000770c00000, 0x0000000770c00000|100%| O|  |TAMS 0x0000000770c00000| PB 0x0000000770c00000| Untracked 
| 390|0x0000000770c00000, 0x0000000770e00000, 0x0000000770e00000|100%| O|  |TAMS 0x0000000770e00000| PB 0x0000000770e00000| Updating 
| 391|0x0000000770e00000, 0x0000000771000000, 0x0000000771000000|100%| O|  |TAMS 0x0000000771000000| PB 0x0000000771000000| Updating 
| 392|0x0000000771000000, 0x0000000771200000, 0x0000000771200000|100%| O|  |TAMS 0x0000000771200000| PB 0x0000000771200000| Untracked 
| 393|0x0000000771200000, 0x0000000771400000, 0x0000000771400000|100%| O|  |TAMS 0x0000000771400000| PB 0x0000000771400000| Untracked 
| 394|0x0000000771400000, 0x0000000771600000, 0x0000000771600000|100%| O|  |TAMS 0x0000000771600000| PB 0x0000000771600000| Untracked 
| 395|0x0000000771600000, 0x0000000771800000, 0x0000000771800000|100%| O|  |TAMS 0x0000000771800000| PB 0x0000000771800000| Untracked 
| 396|0x0000000771800000, 0x0000000771a00000, 0x0000000771a00000|100%| O|  |TAMS 0x0000000771a00000| PB 0x0000000771a00000| Untracked 
| 397|0x0000000771a00000, 0x0000000771c00000, 0x0000000771c00000|100%| O|  |TAMS 0x0000000771c00000| PB 0x0000000771c00000| Untracked 
| 398|0x0000000771c00000, 0x0000000771e00000, 0x0000000771e00000|100%| O|  |TAMS 0x0000000771e00000| PB 0x0000000771e00000| Untracked 
| 399|0x0000000771e00000, 0x0000000772000000, 0x0000000772000000|100%| O|  |TAMS 0x0000000772000000| PB 0x0000000772000000| Untracked 
| 400|0x0000000772000000, 0x0000000772200000, 0x0000000772200000|100%| O|  |TAMS 0x0000000772200000| PB 0x0000000772200000| Updating 
| 401|0x0000000772200000, 0x0000000772400000, 0x0000000772400000|100%| O|  |TAMS 0x0000000772400000| PB 0x0000000772400000| Untracked 
| 402|0x0000000772400000, 0x0000000772600000, 0x0000000772600000|100%| O|  |TAMS 0x0000000772600000| PB 0x0000000772600000| Untracked 
| 403|0x0000000772600000, 0x0000000772800000, 0x0000000772800000|100%| O|  |TAMS 0x0000000772800000| PB 0x0000000772800000| Untracked 
| 404|0x0000000772800000, 0x0000000772a00000, 0x0000000772a00000|100%| O|  |TAMS 0x0000000772a00000| PB 0x0000000772a00000| Untracked 
| 405|0x0000000772a00000, 0x0000000772c00000, 0x0000000772c00000|100%| O|  |TAMS 0x0000000772c00000| PB 0x0000000772c00000| Updating 
| 406|0x0000000772c00000, 0x0000000772e00000, 0x0000000772e00000|100%|HS|  |TAMS 0x0000000772e00000| PB 0x0000000772c00000| Complete 
| 407|0x0000000772e00000, 0x0000000773000000, 0x0000000773000000|100%|HC|  |TAMS 0x0000000773000000| PB 0x0000000772e00000| Complete 
| 408|0x0000000773000000, 0x0000000773200000, 0x0000000773200000|100%|HC|  |TAMS 0x0000000773200000| PB 0x0000000773000000| Complete 
| 409|0x0000000773200000, 0x0000000773400000, 0x0000000773400000|100%|HC|  |TAMS 0x0000000773400000| PB 0x0000000773200000| Complete 
| 410|0x0000000773400000, 0x0000000773600000, 0x0000000773600000|100%| O|  |TAMS 0x0000000773600000| PB 0x0000000773600000| Untracked 
| 411|0x0000000773600000, 0x0000000773800000, 0x0000000773800000|100%| O|  |TAMS 0x0000000773800000| PB 0x0000000773800000| Untracked 
| 412|0x0000000773800000, 0x0000000773a00000, 0x0000000773a00000|100%| O|  |TAMS 0x0000000773a00000| PB 0x0000000773a00000| Untracked 
| 413|0x0000000773a00000, 0x0000000773c00000, 0x0000000773c00000|100%| O|  |TAMS 0x0000000773c00000| PB 0x0000000773c00000| Untracked 
| 414|0x0000000773c00000, 0x0000000773e00000, 0x0000000773e00000|100%| O|  |TAMS 0x0000000773e00000| PB 0x0000000773e00000| Untracked 
| 415|0x0000000773e00000, 0x0000000774000000, 0x0000000774000000|100%| O|  |TAMS 0x0000000774000000| PB 0x0000000774000000| Updating 
| 416|0x0000000774000000, 0x0000000774200000, 0x0000000774200000|100%| O|  |TAMS 0x0000000774200000| PB 0x0000000774200000| Untracked 
| 417|0x0000000774200000, 0x0000000774400000, 0x0000000774400000|100%| O|  |TAMS 0x0000000774400000| PB 0x0000000774400000| Untracked 
| 418|0x0000000774400000, 0x0000000774600000, 0x0000000774600000|100%| O|  |TAMS 0x0000000774600000| PB 0x0000000774600000| Untracked 
| 419|0x0000000774600000, 0x0000000774800000, 0x0000000774800000|100%| O|  |TAMS 0x0000000774800000| PB 0x0000000774800000| Untracked 
| 420|0x0000000774800000, 0x0000000774a00000, 0x0000000774a00000|100%| O|  |TAMS 0x0000000774a00000| PB 0x0000000774a00000| Untracked 
| 421|0x0000000774a00000, 0x0000000774c00000, 0x0000000774c00000|100%| O|  |TAMS 0x0000000774c00000| PB 0x0000000774c00000| Untracked 
| 422|0x0000000774c00000, 0x0000000774e00000, 0x0000000774e00000|100%| O|  |TAMS 0x0000000774e00000| PB 0x0000000774e00000| Untracked 
| 423|0x0000000774e00000, 0x0000000775000000, 0x0000000775000000|100%| O|  |TAMS 0x0000000775000000| PB 0x0000000775000000| Untracked 
| 424|0x0000000775000000, 0x0000000775200000, 0x0000000775200000|100%| O|  |TAMS 0x0000000775200000| PB 0x0000000775200000| Untracked 
| 425|0x0000000775200000, 0x0000000775400000, 0x0000000775400000|100%| O|  |TAMS 0x0000000775400000| PB 0x0000000775400000| Untracked 
| 426|0x0000000775400000, 0x0000000775600000, 0x0000000775600000|100%| O|  |TAMS 0x0000000775600000| PB 0x0000000775600000| Untracked 
| 427|0x0000000775600000, 0x0000000775800000, 0x0000000775800000|100%| O|  |TAMS 0x0000000775800000| PB 0x0000000775800000| Untracked 
| 428|0x0000000775800000, 0x0000000775a00000, 0x0000000775a00000|100%| O|  |TAMS 0x0000000775a00000| PB 0x0000000775a00000| Untracked 
| 429|0x0000000775a00000, 0x0000000775c00000, 0x0000000775c00000|100%| O|  |TAMS 0x0000000775c00000| PB 0x0000000775c00000| Untracked 
| 430|0x0000000775c00000, 0x0000000775e00000, 0x0000000775e00000|100%| O|  |TAMS 0x0000000775e00000| PB 0x0000000775e00000| Untracked 
| 431|0x0000000775e00000, 0x0000000776000000, 0x0000000776000000|100%| O|  |TAMS 0x0000000776000000| PB 0x0000000776000000| Untracked 
| 432|0x0000000776000000, 0x0000000776200000, 0x0000000776200000|100%| O|  |TAMS 0x0000000776200000| PB 0x0000000776200000| Untracked 
| 433|0x0000000776200000, 0x0000000776400000, 0x0000000776400000|100%| O|  |TAMS 0x0000000776400000| PB 0x0000000776400000| Untracked 
| 434|0x0000000776400000, 0x0000000776600000, 0x0000000776600000|100%| O|  |TAMS 0x0000000776600000| PB 0x0000000776600000| Untracked 
| 435|0x0000000776600000, 0x0000000776800000, 0x0000000776800000|100%| O|  |TAMS 0x0000000776800000| PB 0x0000000776800000| Untracked 
| 436|0x0000000776800000, 0x0000000776a00000, 0x0000000776a00000|100%| O|  |TAMS 0x0000000776a00000| PB 0x0000000776a00000| Untracked 
| 437|0x0000000776a00000, 0x0000000776c00000, 0x0000000776c00000|100%| O|  |TAMS 0x0000000776c00000| PB 0x0000000776c00000| Untracked 
| 438|0x0000000776c00000, 0x0000000776e00000, 0x0000000776e00000|100%| O|  |TAMS 0x0000000776e00000| PB 0x0000000776e00000| Untracked 
| 439|0x0000000776e00000, 0x0000000777000000, 0x0000000777000000|100%| O|  |TAMS 0x0000000777000000| PB 0x0000000777000000| Untracked 
| 440|0x0000000777000000, 0x0000000777200000, 0x0000000777200000|100%| O|  |TAMS 0x0000000777200000| PB 0x0000000777200000| Untracked 
| 441|0x0000000777200000, 0x0000000777400000, 0x0000000777400000|100%| O|  |TAMS 0x0000000777400000| PB 0x0000000777400000| Untracked 
| 442|0x0000000777400000, 0x0000000777600000, 0x0000000777600000|100%| O|  |TAMS 0x0000000777600000| PB 0x0000000777600000| Untracked 
| 443|0x0000000777600000, 0x0000000777800000, 0x0000000777800000|100%| O|  |TAMS 0x0000000777800000| PB 0x0000000777800000| Untracked 
| 444|0x0000000777800000, 0x0000000777a00000, 0x0000000777a00000|100%| O|  |TAMS 0x0000000777a00000| PB 0x0000000777a00000| Untracked 
| 445|0x0000000777a00000, 0x0000000777c00000, 0x0000000777c00000|100%| O|  |TAMS 0x0000000777c00000| PB 0x0000000777c00000| Untracked 
| 446|0x0000000777c00000, 0x0000000777e00000, 0x0000000777e00000|100%| O|  |TAMS 0x0000000777e00000| PB 0x0000000777e00000| Untracked 
| 447|0x0000000777e00000, 0x0000000778000000, 0x0000000778000000|100%| O|  |TAMS 0x0000000778000000| PB 0x0000000778000000| Untracked 
| 448|0x0000000778000000, 0x0000000778200000, 0x0000000778200000|100%| O|  |TAMS 0x0000000778200000| PB 0x0000000778200000| Untracked 
| 449|0x0000000778200000, 0x0000000778400000, 0x0000000778400000|100%| O|  |TAMS 0x0000000778400000| PB 0x0000000778400000| Untracked 
| 450|0x0000000778400000, 0x0000000778600000, 0x0000000778600000|100%| O|  |TAMS 0x0000000778600000| PB 0x0000000778600000| Untracked 
| 451|0x0000000778600000, 0x0000000778800000, 0x0000000778800000|100%| O|  |TAMS 0x0000000778800000| PB 0x0000000778800000| Untracked 
| 452|0x0000000778800000, 0x0000000778a00000, 0x0000000778a00000|100%| O|  |TAMS 0x0000000778a00000| PB 0x0000000778a00000| Untracked 
| 453|0x0000000778a00000, 0x0000000778c00000, 0x0000000778c00000|100%| O|  |TAMS 0x0000000778c00000| PB 0x0000000778c00000| Untracked 
| 454|0x0000000778c00000, 0x0000000778e00000, 0x0000000778e00000|100%| O|  |TAMS 0x0000000778e00000| PB 0x0000000778e00000| Untracked 
| 455|0x0000000778e00000, 0x0000000779000000, 0x0000000779000000|100%| O|  |TAMS 0x0000000779000000| PB 0x0000000779000000| Untracked 
| 456|0x0000000779000000, 0x0000000779200000, 0x0000000779200000|100%| O|  |TAMS 0x0000000779200000| PB 0x0000000779200000| Untracked 
| 457|0x0000000779200000, 0x0000000779400000, 0x0000000779400000|100%| O|  |TAMS 0x0000000779400000| PB 0x0000000779400000| Untracked 
| 458|0x0000000779400000, 0x0000000779600000, 0x0000000779600000|100%| O|  |TAMS 0x0000000779600000| PB 0x0000000779600000| Untracked 
| 459|0x0000000779600000, 0x0000000779800000, 0x0000000779800000|100%| O|  |TAMS 0x0000000779800000| PB 0x0000000779800000| Updating 
| 460|0x0000000779800000, 0x0000000779a00000, 0x0000000779a00000|100%| O|  |TAMS 0x0000000779a00000| PB 0x0000000779a00000| Untracked 
| 461|0x0000000779a00000, 0x0000000779c00000, 0x0000000779c00000|100%| O|  |TAMS 0x0000000779c00000| PB 0x0000000779c00000| Updating 
| 462|0x0000000779c00000, 0x0000000779e00000, 0x0000000779e00000|100%| O|  |TAMS 0x0000000779e00000| PB 0x0000000779e00000| Untracked 
| 463|0x0000000779e00000, 0x000000077a000000, 0x000000077a000000|100%| O|  |TAMS 0x000000077a000000| PB 0x000000077a000000| Updating 
| 464|0x000000077a000000, 0x000000077a200000, 0x000000077a200000|100%| O|  |TAMS 0x000000077a200000| PB 0x000000077a200000| Updating 
| 465|0x000000077a200000, 0x000000077a400000, 0x000000077a400000|100%| O|  |TAMS 0x000000077a400000| PB 0x000000077a400000| Updating 
| 466|0x000000077a400000, 0x000000077a600000, 0x000000077a600000|100%| O|  |TAMS 0x000000077a600000| PB 0x000000077a600000| Updating 
| 467|0x000000077a600000, 0x000000077a800000, 0x000000077a800000|100%|HS|  |TAMS 0x000000077a800000| PB 0x000000077a600000| Complete 
| 468|0x000000077a800000, 0x000000077aa00000, 0x000000077aa00000|100%|HS|  |TAMS 0x000000077aa00000| PB 0x000000077a800000| Complete 
| 469|0x000000077aa00000, 0x000000077ac00000, 0x000000077ac00000|100%|HC|  |TAMS 0x000000077ac00000| PB 0x000000077aa00000| Complete 
| 470|0x000000077ac00000, 0x000000077ae00000, 0x000000077ae00000|100%|HS|  |TAMS 0x000000077ae00000| PB 0x000000077ac00000| Complete 
| 471|0x000000077ae00000, 0x000000077b000000, 0x000000077b000000|100%|HC|  |TAMS 0x000000077b000000| PB 0x000000077ae00000| Complete 
| 472|0x000000077b000000, 0x000000077b200000, 0x000000077b200000|100%| O|  |TAMS 0x000000077b200000| PB 0x000000077b200000| Untracked 
| 473|0x000000077b200000, 0x000000077b400000, 0x000000077b400000|100%| O|  |TAMS 0x000000077b400000| PB 0x000000077b400000| Untracked 
| 474|0x000000077b400000, 0x000000077b600000, 0x000000077b600000|100%| O|  |TAMS 0x000000077b600000| PB 0x000000077b600000| Untracked 
| 475|0x000000077b600000, 0x000000077b800000, 0x000000077b800000|100%| O|  |TAMS 0x000000077b800000| PB 0x000000077b800000| Untracked 
| 476|0x000000077b800000, 0x000000077ba00000, 0x000000077ba00000|100%| O|  |TAMS 0x000000077ba00000| PB 0x000000077ba00000| Untracked 
| 477|0x000000077ba00000, 0x000000077bc00000, 0x000000077bc00000|100%| O|  |TAMS 0x000000077bc00000| PB 0x000000077bc00000| Untracked 
| 478|0x000000077bc00000, 0x000000077be00000, 0x000000077be00000|100%| O|  |TAMS 0x000000077be00000| PB 0x000000077be00000| Untracked 
| 479|0x000000077be00000, 0x000000077c000000, 0x000000077c000000|100%| O|  |TAMS 0x000000077c000000| PB 0x000000077c000000| Untracked 
| 480|0x000000077c000000, 0x000000077c200000, 0x000000077c200000|100%| O|  |TAMS 0x000000077c200000| PB 0x000000077c200000| Untracked 
| 481|0x000000077c200000, 0x000000077c400000, 0x000000077c400000|100%| O|  |TAMS 0x000000077c400000| PB 0x000000077c400000| Untracked 
| 482|0x000000077c400000, 0x000000077c600000, 0x000000077c600000|100%| O|  |TAMS 0x000000077c600000| PB 0x000000077c600000| Untracked 
| 483|0x000000077c600000, 0x000000077c800000, 0x000000077c800000|100%| O|  |TAMS 0x000000077c800000| PB 0x000000077c800000| Untracked 
| 484|0x000000077c800000, 0x000000077ca00000, 0x000000077ca00000|100%| O|  |TAMS 0x000000077ca00000| PB 0x000000077ca00000| Untracked 
| 485|0x000000077ca00000, 0x000000077cc00000, 0x000000077cc00000|100%| O|  |TAMS 0x000000077cc00000| PB 0x000000077cc00000| Untracked 
| 486|0x000000077cc00000, 0x000000077ce00000, 0x000000077ce00000|100%| O|  |TAMS 0x000000077ce00000| PB 0x000000077ce00000| Untracked 
| 487|0x000000077ce00000, 0x000000077d000000, 0x000000077d000000|100%| O|  |TAMS 0x000000077d000000| PB 0x000000077d000000| Untracked 
| 488|0x000000077d000000, 0x000000077d200000, 0x000000077d200000|100%| O|  |TAMS 0x000000077d200000| PB 0x000000077d200000| Untracked 
| 489|0x000000077d200000, 0x000000077d400000, 0x000000077d400000|100%| O|  |TAMS 0x000000077d400000| PB 0x000000077d400000| Untracked 
| 490|0x000000077d400000, 0x000000077d600000, 0x000000077d600000|100%| O|  |TAMS 0x000000077d600000| PB 0x000000077d600000| Untracked 
| 491|0x000000077d600000, 0x000000077d800000, 0x000000077d800000|100%| O|  |TAMS 0x000000077d800000| PB 0x000000077d800000| Untracked 
| 492|0x000000077d800000, 0x000000077da00000, 0x000000077da00000|100%| O|  |TAMS 0x000000077da00000| PB 0x000000077da00000| Updating 
| 493|0x000000077da00000, 0x000000077dc00000, 0x000000077dc00000|100%| O|  |TAMS 0x000000077dc00000| PB 0x000000077dc00000| Untracked 
| 494|0x000000077dc00000, 0x000000077de00000, 0x000000077de00000|100%| O|  |TAMS 0x000000077de00000| PB 0x000000077de00000| Untracked 
| 495|0x000000077de00000, 0x000000077e000000, 0x000000077e000000|100%| O|  |TAMS 0x000000077e000000| PB 0x000000077e000000| Updating 
| 496|0x000000077e000000, 0x000000077e200000, 0x000000077e200000|100%| O|  |TAMS 0x000000077e200000| PB 0x000000077e200000| Updating 
| 497|0x000000077e200000, 0x000000077e400000, 0x000000077e400000|100%| O|  |TAMS 0x000000077e400000| PB 0x000000077e400000| Updating 
| 498|0x000000077e400000, 0x000000077e600000, 0x000000077e600000|100%| O|  |TAMS 0x000000077e600000| PB 0x000000077e600000| Updating 
| 499|0x000000077e600000, 0x000000077e800000, 0x000000077e800000|100%| O|  |TAMS 0x000000077e800000| PB 0x000000077e800000| Updating 
| 500|0x000000077e800000, 0x000000077ea00000, 0x000000077ea00000|100%|HS|  |TAMS 0x000000077ea00000| PB 0x000000077e800000| Complete 
| 501|0x000000077ea00000, 0x000000077ec00000, 0x000000077ec00000|100%| O|  |TAMS 0x000000077ec00000| PB 0x000000077ec00000| Untracked 
| 502|0x000000077ec00000, 0x000000077ee00000, 0x000000077ee00000|100%| O|  |TAMS 0x000000077ee00000| PB 0x000000077ee00000| Untracked 
| 503|0x000000077ee00000, 0x000000077f000000, 0x000000077f000000|100%| O|  |TAMS 0x000000077f000000| PB 0x000000077f000000| Untracked 
| 504|0x000000077f000000, 0x000000077f200000, 0x000000077f200000|100%| O|  |TAMS 0x000000077f200000| PB 0x000000077f200000| Untracked 
| 505|0x000000077f200000, 0x000000077f400000, 0x000000077f400000|100%| O|  |TAMS 0x000000077f400000| PB 0x000000077f400000| Untracked 
| 506|0x000000077f400000, 0x000000077f600000, 0x000000077f600000|100%| O|  |TAMS 0x000000077f600000| PB 0x000000077f600000| Untracked 
| 507|0x000000077f600000, 0x000000077f800000, 0x000000077f800000|100%| O|  |TAMS 0x000000077f800000| PB 0x000000077f800000| Untracked 
| 508|0x000000077f800000, 0x000000077fa00000, 0x000000077fa00000|100%| O|  |TAMS 0x000000077fa00000| PB 0x000000077fa00000| Untracked 
| 509|0x000000077fa00000, 0x000000077fc00000, 0x000000077fc00000|100%| O|  |TAMS 0x000000077fc00000| PB 0x000000077fc00000| Untracked 
| 510|0x000000077fc00000, 0x000000077fe00000, 0x000000077fe00000|100%| O|  |TAMS 0x000000077fe00000| PB 0x000000077fe00000| Untracked 
| 511|0x000000077fe00000, 0x0000000780000000, 0x0000000780000000|100%| O|  |TAMS 0x0000000780000000| PB 0x0000000780000000| Untracked 
| 512|0x0000000780000000, 0x0000000780200000, 0x0000000780200000|100%| O|  |TAMS 0x0000000780200000| PB 0x0000000780000000| Untracked 
| 513|0x0000000780200000, 0x0000000780400000, 0x0000000780400000|100%| O|  |TAMS 0x0000000780400000| PB 0x0000000780200000| Untracked 
| 514|0x0000000780400000, 0x0000000780600000, 0x0000000780600000|100%| O|  |TAMS 0x0000000780600000| PB 0x0000000780400000| Untracked 
| 515|0x0000000780600000, 0x0000000780800000, 0x0000000780800000|100%| O|  |TAMS 0x0000000780800000| PB 0x0000000780600000| Untracked 
| 516|0x0000000780800000, 0x0000000780a00000, 0x0000000780a00000|100%| O|  |TAMS 0x0000000780a00000| PB 0x0000000780800000| Untracked 
| 517|0x0000000780a00000, 0x0000000780c00000, 0x0000000780c00000|100%| O|  |TAMS 0x0000000780c00000| PB 0x0000000780a00000| Untracked 
| 518|0x0000000780c00000, 0x0000000780e00000, 0x0000000780e00000|100%| O|  |TAMS 0x0000000780e00000| PB 0x0000000780c00000| Untracked 
| 519|0x0000000780e00000, 0x0000000781000000, 0x0000000781000000|100%| O|  |TAMS 0x0000000780e00000| PB 0x0000000780e00000| Untracked 
| 520|0x0000000781000000, 0x0000000781200000, 0x0000000781200000|100%| O|  |TAMS 0x0000000781000000| PB 0x0000000781000000| Untracked 
| 521|0x0000000781200000, 0x0000000781400000, 0x0000000781400000|100%| O|  |TAMS 0x0000000781200000| PB 0x0000000781200000| Untracked 
| 522|0x0000000781400000, 0x0000000781600000, 0x0000000781600000|100%| O|  |TAMS 0x0000000781400000| PB 0x0000000781400000| Untracked 
| 523|0x0000000781600000, 0x0000000781800000, 0x0000000781800000|100%| O|  |TAMS 0x0000000781600000| PB 0x0000000781600000| Untracked 
| 524|0x0000000781800000, 0x0000000781a00000, 0x0000000781a00000|100%| O|  |TAMS 0x0000000781800000| PB 0x0000000781800000| Untracked 
| 525|0x0000000781a00000, 0x0000000781c00000, 0x0000000781c00000|100%| O|  |TAMS 0x0000000781a00000| PB 0x0000000781a00000| Untracked 
| 526|0x0000000781c00000, 0x0000000781e00000, 0x0000000781e00000|100%| O|  |TAMS 0x0000000781c00000| PB 0x0000000781c00000| Untracked 
| 527|0x0000000781e00000, 0x0000000782000000, 0x0000000782000000|100%| O|  |TAMS 0x0000000781e00000| PB 0x0000000781e00000| Untracked 
| 528|0x0000000782000000, 0x0000000782200000, 0x0000000782200000|100%| O|  |TAMS 0x0000000782000000| PB 0x0000000782000000| Untracked 
| 529|0x0000000782200000, 0x0000000782400000, 0x0000000782400000|100%| O|  |TAMS 0x0000000782200000| PB 0x0000000782200000| Untracked 
| 530|0x0000000782400000, 0x0000000782600000, 0x0000000782600000|100%| O|  |TAMS 0x0000000782400000| PB 0x0000000782400000| Untracked 
| 531|0x0000000782600000, 0x0000000782800000, 0x0000000782800000|100%| O|  |TAMS 0x0000000782600000| PB 0x0000000782600000| Untracked 
| 532|0x0000000782800000, 0x0000000782a00000, 0x0000000782a00000|100%| O|  |TAMS 0x0000000782800000| PB 0x0000000782800000| Untracked 
| 533|0x0000000782a00000, 0x0000000782c00000, 0x0000000782c00000|100%| O|  |TAMS 0x0000000782a00000| PB 0x0000000782a00000| Untracked 
| 534|0x0000000782c00000, 0x0000000782e00000, 0x0000000782e00000|100%| O|  |TAMS 0x0000000782c00000| PB 0x0000000782c00000| Untracked 
| 535|0x0000000782e00000, 0x0000000783000000, 0x0000000783000000|100%| O|  |TAMS 0x0000000782e00000| PB 0x0000000782e00000| Untracked 
| 536|0x0000000783000000, 0x0000000783100000, 0x0000000783200000| 50%| O|  |TAMS 0x0000000783000000| PB 0x0000000783000000| Updating 
| 537|0x0000000783200000, 0x0000000783400000, 0x0000000783400000|100%|HS|  |TAMS 0x0000000783200000| PB 0x0000000783200000| Complete 
| 538|0x0000000783400000, 0x0000000783600000, 0x0000000783600000|100%|HS|  |TAMS 0x0000000783400000| PB 0x0000000783400000| Complete 
| 539|0x0000000783600000, 0x0000000783800000, 0x0000000783800000|100%|HS|  |TAMS 0x0000000783600000| PB 0x0000000783600000| Complete 
| 540|0x0000000783800000, 0x0000000783a00000, 0x0000000783a00000|100%|HS|  |TAMS 0x0000000783800000| PB 0x0000000783800000| Complete 
| 541|0x0000000783a00000, 0x0000000783c00000, 0x0000000783c00000|100%|HS|  |TAMS 0x0000000783a00000| PB 0x0000000783a00000| Complete 
| 542|0x0000000783c00000, 0x0000000783e00000, 0x0000000783e00000|100%|HC|  |TAMS 0x0000000783c00000| PB 0x0000000783c00000| Complete 
| 543|0x0000000783e00000, 0x0000000784000000, 0x0000000784000000|100%|HS|  |TAMS 0x0000000783e00000| PB 0x0000000783e00000| Complete 
| 544|0x0000000784000000, 0x0000000784200000, 0x0000000784200000|100%|HC|  |TAMS 0x0000000784000000| PB 0x0000000784000000| Complete 
| 545|0x0000000784200000, 0x0000000784400000, 0x0000000784400000|100%|HC|  |TAMS 0x0000000784200000| PB 0x0000000784200000| Complete 
| 546|0x0000000784400000, 0x0000000784400000, 0x0000000784600000|  0%| F|  |TAMS 0x0000000784400000| PB 0x0000000784400000| Untracked 
| 547|0x0000000784600000, 0x0000000784600000, 0x0000000784800000|  0%| F|  |TAMS 0x0000000784600000| PB 0x0000000784600000| Untracked 
| 548|0x0000000784800000, 0x0000000784800000, 0x0000000784a00000|  0%| F|  |TAMS 0x0000000784800000| PB 0x0000000784800000| Untracked 
| 549|0x0000000784a00000, 0x0000000784a00000, 0x0000000784c00000|  0%| F|  |TAMS 0x0000000784a00000| PB 0x0000000784a00000| Untracked 
| 550|0x0000000784c00000, 0x0000000784c00000, 0x0000000784e00000|  0%| F|  |TAMS 0x0000000784c00000| PB 0x0000000784c00000| Untracked 
| 551|0x0000000784e00000, 0x0000000784e00000, 0x0000000785000000|  0%| F|  |TAMS 0x0000000784e00000| PB 0x0000000784e00000| Untracked 
| 552|0x0000000785000000, 0x0000000785000000, 0x0000000785200000|  0%| F|  |TAMS 0x0000000785000000| PB 0x0000000785000000| Untracked 
| 553|0x0000000785200000, 0x0000000785200000, 0x0000000785400000|  0%| F|  |TAMS 0x0000000785200000| PB 0x0000000785200000| Untracked 
| 554|0x0000000785400000, 0x0000000785400000, 0x0000000785600000|  0%| F|  |TAMS 0x0000000785400000| PB 0x0000000785400000| Untracked 
| 555|0x0000000785600000, 0x0000000785600000, 0x0000000785800000|  0%| F|  |TAMS 0x0000000785600000| PB 0x0000000785600000| Untracked 
| 556|0x0000000785800000, 0x0000000785800000, 0x0000000785a00000|  0%| F|  |TAMS 0x0000000785800000| PB 0x0000000785800000| Untracked 
| 557|0x0000000785a00000, 0x0000000785a00000, 0x0000000785c00000|  0%| F|  |TAMS 0x0000000785a00000| PB 0x0000000785a00000| Untracked 
| 558|0x0000000785c00000, 0x0000000785c00000, 0x0000000785e00000|  0%| F|  |TAMS 0x0000000785c00000| PB 0x0000000785c00000| Untracked 
| 559|0x0000000785e00000, 0x0000000786000000, 0x0000000786000000|100%| O|  |TAMS 0x0000000786000000| PB 0x0000000785e00000| Untracked 
| 560|0x0000000786000000, 0x0000000786200000, 0x0000000786200000|100%| O|  |TAMS 0x0000000786200000| PB 0x0000000786000000| Untracked 
| 561|0x0000000786200000, 0x0000000786400000, 0x0000000786400000|100%| O|  |TAMS 0x0000000786400000| PB 0x0000000786200000| Untracked 
| 562|0x0000000786400000, 0x0000000786600000, 0x0000000786600000|100%| O|  |TAMS 0x0000000786600000| PB 0x0000000786400000| Untracked 
| 563|0x0000000786600000, 0x0000000786800000, 0x0000000786800000|100%| O|  |TAMS 0x0000000786800000| PB 0x0000000786600000| Untracked 
| 564|0x0000000786800000, 0x0000000786a00000, 0x0000000786a00000|100%| O|  |TAMS 0x0000000786a00000| PB 0x0000000786800000| Untracked 
| 565|0x0000000786a00000, 0x0000000786c00000, 0x0000000786c00000|100%| O|  |TAMS 0x0000000786c00000| PB 0x0000000786a00000| Untracked 
| 566|0x0000000786c00000, 0x0000000786e00000, 0x0000000786e00000|100%| O|  |TAMS 0x0000000786e00000| PB 0x0000000786c00000| Untracked 
| 567|0x0000000786e00000, 0x0000000787000000, 0x0000000787000000|100%| O|  |TAMS 0x0000000787000000| PB 0x0000000786e00000| Untracked 
| 568|0x0000000787000000, 0x0000000787200000, 0x0000000787200000|100%| O|  |TAMS 0x0000000787200000| PB 0x0000000787000000| Untracked 
| 569|0x0000000787200000, 0x0000000787400000, 0x0000000787400000|100%| O|  |TAMS 0x0000000787400000| PB 0x0000000787200000| Untracked 
| 570|0x0000000787400000, 0x0000000787600000, 0x0000000787600000|100%| O|  |TAMS 0x0000000787600000| PB 0x0000000787400000| Untracked 
| 571|0x0000000787600000, 0x0000000787800000, 0x0000000787800000|100%| O|  |TAMS 0x0000000787800000| PB 0x0000000787600000| Untracked 
| 572|0x0000000787800000, 0x0000000787a00000, 0x0000000787a00000|100%| O|  |TAMS 0x0000000787a00000| PB 0x0000000787800000| Untracked 
| 573|0x0000000787a00000, 0x0000000787c00000, 0x0000000787c00000|100%| O|  |TAMS 0x0000000787c00000| PB 0x0000000787a00000| Untracked 
| 574|0x0000000787c00000, 0x0000000787e00000, 0x0000000787e00000|100%| O|  |TAMS 0x0000000787e00000| PB 0x0000000787c00000| Untracked 
| 575|0x0000000787e00000, 0x0000000788000000, 0x0000000788000000|100%| O|  |TAMS 0x0000000788000000| PB 0x0000000787e00000| Untracked 
| 576|0x0000000788000000, 0x0000000788200000, 0x0000000788200000|100%| O|  |TAMS 0x0000000788200000| PB 0x0000000788000000| Untracked 
| 577|0x0000000788200000, 0x0000000788400000, 0x0000000788400000|100%| O|  |TAMS 0x0000000788400000| PB 0x0000000788200000| Untracked 
| 578|0x0000000788400000, 0x0000000788600000, 0x0000000788600000|100%| O|  |TAMS 0x0000000788600000| PB 0x0000000788400000| Updating 
| 579|0x0000000788600000, 0x0000000788800000, 0x0000000788800000|100%| O|  |TAMS 0x0000000788800000| PB 0x0000000788600000| Untracked 
| 580|0x0000000788800000, 0x0000000788a00000, 0x0000000788a00000|100%| O|  |TAMS 0x0000000788a00000| PB 0x0000000788800000| Untracked 
| 581|0x0000000788a00000, 0x0000000788c00000, 0x0000000788c00000|100%| O|  |TAMS 0x0000000788c00000| PB 0x0000000788a00000| Updating 
| 582|0x0000000788c00000, 0x0000000788e00000, 0x0000000788e00000|100%| O|  |TAMS 0x0000000788e00000| PB 0x0000000788c00000| Untracked 
| 583|0x0000000788e00000, 0x0000000789000000, 0x0000000789000000|100%| O|  |TAMS 0x0000000789000000| PB 0x0000000788e00000| Updating 
| 584|0x0000000789000000, 0x0000000789200000, 0x0000000789200000|100%| O|  |TAMS 0x0000000789200000| PB 0x0000000789000000| Untracked 
| 585|0x0000000789200000, 0x0000000789400000, 0x0000000789400000|100%| O|  |TAMS 0x0000000789400000| PB 0x0000000789200000| Updating 
| 586|0x0000000789400000, 0x0000000789600000, 0x0000000789600000|100%| O|  |TAMS 0x0000000789600000| PB 0x0000000789400000| Updating 
| 587|0x0000000789600000, 0x0000000789800000, 0x0000000789800000|100%| O|  |TAMS 0x0000000789800000| PB 0x0000000789600000| Updating 
| 588|0x0000000789800000, 0x0000000789a00000, 0x0000000789a00000|100%| O|  |TAMS 0x0000000789a00000| PB 0x0000000789800000| Updating 
| 589|0x0000000789a00000, 0x0000000789a00000, 0x0000000789c00000|  0%| F|  |TAMS 0x0000000789a00000| PB 0x0000000789a00000| Untracked 
| 590|0x0000000789c00000, 0x0000000789c00000, 0x0000000789e00000|  0%| F|  |TAMS 0x0000000789c00000| PB 0x0000000789c00000| Untracked 
| 591|0x0000000789e00000, 0x0000000789f00000, 0x000000078a000000| 50%| S|CS|TAMS 0x0000000789e00000| PB 0x0000000789e00000| Complete 
| 592|0x000000078a000000, 0x000000078a200000, 0x000000078a200000|100%| S|CS|TAMS 0x000000078a000000| PB 0x000000078a000000| Complete 
| 593|0x000000078a200000, 0x000000078a200000, 0x000000078a400000|  0%| F|  |TAMS 0x000000078a200000| PB 0x000000078a200000| Untracked 
| 594|0x000000078a400000, 0x000000078a400000, 0x000000078a600000|  0%| F|  |TAMS 0x000000078a400000| PB 0x000000078a400000| Untracked 
| 595|0x000000078a600000, 0x000000078a600000, 0x000000078a800000|  0%| F|  |TAMS 0x000000078a600000| PB 0x000000078a600000| Untracked 
| 596|0x000000078a800000, 0x000000078a800000, 0x000000078aa00000|  0%| F|  |TAMS 0x000000078a800000| PB 0x000000078a800000| Untracked 
| 597|0x000000078aa00000, 0x000000078aa00000, 0x000000078ac00000|  0%| F|  |TAMS 0x000000078aa00000| PB 0x000000078aa00000| Untracked 
| 598|0x000000078ac00000, 0x000000078ac00000, 0x000000078ae00000|  0%| F|  |TAMS 0x000000078ac00000| PB 0x000000078ac00000| Untracked 
| 599|0x000000078ae00000, 0x000000078ae00000, 0x000000078b000000|  0%| F|  |TAMS 0x000000078ae00000| PB 0x000000078ae00000| Untracked 
| 600|0x000000078b000000, 0x000000078b000000, 0x000000078b200000|  0%| F|  |TAMS 0x000000078b000000| PB 0x000000078b000000| Untracked 
| 601|0x000000078b200000, 0x000000078b200000, 0x000000078b400000|  0%| F|  |TAMS 0x000000078b200000| PB 0x000000078b200000| Untracked 
| 602|0x000000078b400000, 0x000000078b400000, 0x000000078b600000|  0%| F|  |TAMS 0x000000078b400000| PB 0x000000078b400000| Untracked 
| 603|0x000000078b600000, 0x000000078b600000, 0x000000078b800000|  0%| F|  |TAMS 0x000000078b600000| PB 0x000000078b600000| Untracked 
| 604|0x000000078b800000, 0x000000078b800000, 0x000000078ba00000|  0%| F|  |TAMS 0x000000078b800000| PB 0x000000078b800000| Untracked 
| 605|0x000000078ba00000, 0x000000078ba00000, 0x000000078bc00000|  0%| F|  |TAMS 0x000000078ba00000| PB 0x000000078ba00000| Untracked 
| 606|0x000000078bc00000, 0x000000078bc00000, 0x000000078be00000|  0%| F|  |TAMS 0x000000078bc00000| PB 0x000000078bc00000| Untracked 
| 607|0x000000078be00000, 0x000000078be00000, 0x000000078c000000|  0%| F|  |TAMS 0x000000078be00000| PB 0x000000078be00000| Untracked 
| 608|0x000000078c000000, 0x000000078c000000, 0x000000078c200000|  0%| F|  |TAMS 0x000000078c000000| PB 0x000000078c000000| Untracked 
| 609|0x000000078c200000, 0x000000078c200000, 0x000000078c400000|  0%| F|  |TAMS 0x000000078c200000| PB 0x000000078c200000| Untracked 
| 610|0x000000078c400000, 0x000000078c400000, 0x000000078c600000|  0%| F|  |TAMS 0x000000078c400000| PB 0x000000078c400000| Untracked 
| 611|0x000000078c600000, 0x000000078c600000, 0x000000078c800000|  0%| F|  |TAMS 0x000000078c600000| PB 0x000000078c600000| Untracked 
| 612|0x000000078c800000, 0x000000078c800000, 0x000000078ca00000|  0%| F|  |TAMS 0x000000078c800000| PB 0x000000078c800000| Untracked 
| 613|0x000000078ca00000, 0x000000078ca00000, 0x000000078cc00000|  0%| F|  |TAMS 0x000000078ca00000| PB 0x000000078ca00000| Untracked 
| 614|0x000000078cc00000, 0x000000078cc00000, 0x000000078ce00000|  0%| F|  |TAMS 0x000000078cc00000| PB 0x000000078cc00000| Untracked 
| 615|0x000000078ce00000, 0x000000078ce00000, 0x000000078d000000|  0%| F|  |TAMS 0x000000078ce00000| PB 0x000000078ce00000| Untracked 
| 616|0x000000078d000000, 0x000000078d000000, 0x000000078d200000|  0%| F|  |TAMS 0x000000078d000000| PB 0x000000078d000000| Untracked 
| 617|0x000000078d200000, 0x000000078d200000, 0x000000078d400000|  0%| F|  |TAMS 0x000000078d200000| PB 0x000000078d200000| Untracked 
| 618|0x000000078d400000, 0x000000078d400000, 0x000000078d600000|  0%| F|  |TAMS 0x000000078d400000| PB 0x000000078d400000| Untracked 
| 619|0x000000078d600000, 0x000000078d600000, 0x000000078d800000|  0%| F|  |TAMS 0x000000078d600000| PB 0x000000078d600000| Untracked 
| 620|0x000000078d800000, 0x000000078d800000, 0x000000078da00000|  0%| F|  |TAMS 0x000000078d800000| PB 0x000000078d800000| Untracked 
| 621|0x000000078da00000, 0x000000078da00000, 0x000000078dc00000|  0%| F|  |TAMS 0x000000078da00000| PB 0x000000078da00000| Untracked 
| 622|0x000000078dc00000, 0x000000078dc00000, 0x000000078de00000|  0%| F|  |TAMS 0x000000078dc00000| PB 0x000000078dc00000| Untracked 
| 623|0x000000078de00000, 0x000000078de00000, 0x000000078e000000|  0%| F|  |TAMS 0x000000078de00000| PB 0x000000078de00000| Untracked 
| 624|0x000000078e000000, 0x000000078e000000, 0x000000078e200000|  0%| F|  |TAMS 0x000000078e000000| PB 0x000000078e000000| Untracked 
| 625|0x000000078e200000, 0x000000078e200000, 0x000000078e400000|  0%| F|  |TAMS 0x000000078e200000| PB 0x000000078e200000| Untracked 
| 626|0x000000078e400000, 0x000000078e400000, 0x000000078e600000|  0%| F|  |TAMS 0x000000078e400000| PB 0x000000078e400000| Untracked 
| 627|0x000000078e600000, 0x000000078e600000, 0x000000078e800000|  0%| F|  |TAMS 0x000000078e600000| PB 0x000000078e600000| Untracked 
| 628|0x000000078e800000, 0x000000078ea00000, 0x000000078ea00000|100%| S|CS|TAMS 0x000000078e800000| PB 0x000000078e800000| Complete 
| 629|0x000000078ea00000, 0x000000078ec00000, 0x000000078ec00000|100%| S|CS|TAMS 0x000000078ea00000| PB 0x000000078ea00000| Complete 
| 630|0x000000078ec00000, 0x000000078ee00000, 0x000000078ee00000|100%| S|CS|TAMS 0x000000078ec00000| PB 0x000000078ec00000| Complete 
| 631|0x000000078ee00000, 0x000000078f000000, 0x000000078f000000|100%| S|CS|TAMS 0x000000078ee00000| PB 0x000000078ee00000| Complete 
| 632|0x000000078f000000, 0x000000078f200000, 0x000000078f200000|100%| S|CS|TAMS 0x000000078f000000| PB 0x000000078f000000| Complete 
| 633|0x000000078f200000, 0x000000078f400000, 0x000000078f400000|100%| S|CS|TAMS 0x000000078f200000| PB 0x000000078f200000| Complete 
| 634|0x000000078f400000, 0x000000078f600000, 0x000000078f600000|100%| S|CS|TAMS 0x000000078f400000| PB 0x000000078f400000| Complete 
| 635|0x000000078f600000, 0x000000078f800000, 0x000000078f800000|100%| S|CS|TAMS 0x000000078f600000| PB 0x000000078f600000| Complete 
| 636|0x000000078f800000, 0x000000078fa00000, 0x000000078fa00000|100%| S|CS|TAMS 0x000000078f800000| PB 0x000000078f800000| Complete 
| 637|0x000000078fa00000, 0x000000078fc00000, 0x000000078fc00000|100%| S|CS|TAMS 0x000000078fa00000| PB 0x000000078fa00000| Complete 
| 638|0x000000078fc00000, 0x000000078fe00000, 0x000000078fe00000|100%| S|CS|TAMS 0x000000078fc00000| PB 0x000000078fc00000| Complete 
| 639|0x000000078fe00000, 0x0000000790000000, 0x0000000790000000|100%| S|CS|TAMS 0x000000078fe00000| PB 0x000000078fe00000| Complete 
| 640|0x0000000790000000, 0x0000000790200000, 0x0000000790200000|100%| S|CS|TAMS 0x0000000790000000| PB 0x0000000790000000| Complete 
| 641|0x0000000790200000, 0x0000000790400000, 0x0000000790400000|100%| S|CS|TAMS 0x0000000790200000| PB 0x0000000790200000| Complete 
| 642|0x0000000790400000, 0x0000000790600000, 0x0000000790600000|100%| S|CS|TAMS 0x0000000790400000| PB 0x0000000790400000| Complete 
| 643|0x0000000790600000, 0x0000000790800000, 0x0000000790800000|100%| S|CS|TAMS 0x0000000790600000| PB 0x0000000790600000| Complete 
| 644|0x0000000790800000, 0x0000000790a00000, 0x0000000790a00000|100%| S|CS|TAMS 0x0000000790800000| PB 0x0000000790800000| Complete 
| 645|0x0000000790a00000, 0x0000000790c00000, 0x0000000790c00000|100%| S|CS|TAMS 0x0000000790a00000| PB 0x0000000790a00000| Complete 
| 646|0x0000000790c00000, 0x0000000790e00000, 0x0000000790e00000|100%| S|CS|TAMS 0x0000000790c00000| PB 0x0000000790c00000| Complete 
| 647|0x0000000790e00000, 0x0000000791000000, 0x0000000791000000|100%| S|CS|TAMS 0x0000000790e00000| PB 0x0000000790e00000| Complete 
| 648|0x0000000791000000, 0x0000000791200000, 0x0000000791200000|100%| S|CS|TAMS 0x0000000791000000| PB 0x0000000791000000| Complete 
| 649|0x0000000791200000, 0x0000000791400000, 0x0000000791400000|100%| S|CS|TAMS 0x0000000791200000| PB 0x0000000791200000| Complete 
| 650|0x0000000791400000, 0x0000000791600000, 0x0000000791600000|100%| S|CS|TAMS 0x0000000791400000| PB 0x0000000791400000| Complete 
| 651|0x0000000791600000, 0x0000000791600000, 0x0000000791800000|  0%| F|  |TAMS 0x0000000791600000| PB 0x0000000791600000| Untracked 
| 652|0x0000000791800000, 0x0000000791800000, 0x0000000791a00000|  0%| F|  |TAMS 0x0000000791800000| PB 0x0000000791800000| Untracked 
| 653|0x0000000791a00000, 0x0000000791a00000, 0x0000000791c00000|  0%| F|  |TAMS 0x0000000791a00000| PB 0x0000000791a00000| Untracked 
| 654|0x0000000791c00000, 0x0000000791c00000, 0x0000000791e00000|  0%| F|  |TAMS 0x0000000791c00000| PB 0x0000000791c00000| Untracked 
| 655|0x0000000791e00000, 0x0000000791e00000, 0x0000000792000000|  0%| F|  |TAMS 0x0000000791e00000| PB 0x0000000791e00000| Untracked 
| 656|0x0000000792000000, 0x0000000792000000, 0x0000000792200000|  0%| F|  |TAMS 0x0000000792000000| PB 0x0000000792000000| Untracked 
| 657|0x0000000792200000, 0x0000000792200000, 0x0000000792400000|  0%| F|  |TAMS 0x0000000792200000| PB 0x0000000792200000| Untracked 
| 658|0x0000000792400000, 0x0000000792400000, 0x0000000792600000|  0%| F|  |TAMS 0x0000000792400000| PB 0x0000000792400000| Untracked 
| 659|0x0000000792600000, 0x0000000792600000, 0x0000000792800000|  0%| F|  |TAMS 0x0000000792600000| PB 0x0000000792600000| Untracked 
| 660|0x0000000792800000, 0x0000000792800000, 0x0000000792a00000|  0%| F|  |TAMS 0x0000000792800000| PB 0x0000000792800000| Untracked 
| 661|0x0000000792a00000, 0x0000000792a00000, 0x0000000792c00000|  0%| F|  |TAMS 0x0000000792a00000| PB 0x0000000792a00000| Untracked 
| 662|0x0000000792c00000, 0x0000000792c00000, 0x0000000792e00000|  0%| F|  |TAMS 0x0000000792c00000| PB 0x0000000792c00000| Untracked 
| 663|0x0000000792e00000, 0x0000000792e00000, 0x0000000793000000|  0%| F|  |TAMS 0x0000000792e00000| PB 0x0000000792e00000| Untracked 
| 664|0x0000000793000000, 0x0000000793000000, 0x0000000793200000|  0%| F|  |TAMS 0x0000000793000000| PB 0x0000000793000000| Untracked 
| 665|0x0000000793200000, 0x0000000793200000, 0x0000000793400000|  0%| F|  |TAMS 0x0000000793200000| PB 0x0000000793200000| Untracked 
| 666|0x0000000793400000, 0x0000000793400000, 0x0000000793600000|  0%| F|  |TAMS 0x0000000793400000| PB 0x0000000793400000| Untracked 
| 667|0x0000000793600000, 0x0000000793600000, 0x0000000793800000|  0%| F|  |TAMS 0x0000000793600000| PB 0x0000000793600000| Untracked 
| 668|0x0000000793800000, 0x0000000793800000, 0x0000000793a00000|  0%| F|  |TAMS 0x0000000793800000| PB 0x0000000793800000| Untracked 
| 669|0x0000000793a00000, 0x0000000793a00000, 0x0000000793c00000|  0%| F|  |TAMS 0x0000000793a00000| PB 0x0000000793a00000| Untracked 
| 670|0x0000000793c00000, 0x0000000793c00000, 0x0000000793e00000|  0%| F|  |TAMS 0x0000000793c00000| PB 0x0000000793c00000| Untracked 
| 671|0x0000000793e00000, 0x0000000793e00000, 0x0000000794000000|  0%| F|  |TAMS 0x0000000793e00000| PB 0x0000000793e00000| Untracked 
| 672|0x0000000794000000, 0x0000000794000000, 0x0000000794200000|  0%| F|  |TAMS 0x0000000794000000| PB 0x0000000794000000| Untracked 
| 673|0x0000000794200000, 0x0000000794200000, 0x0000000794400000|  0%| F|  |TAMS 0x0000000794200000| PB 0x0000000794200000| Untracked 
| 674|0x0000000794400000, 0x0000000794400000, 0x0000000794600000|  0%| F|  |TAMS 0x0000000794400000| PB 0x0000000794400000| Untracked 
| 675|0x0000000794600000, 0x0000000794600000, 0x0000000794800000|  0%| F|  |TAMS 0x0000000794600000| PB 0x0000000794600000| Untracked 
| 676|0x0000000794800000, 0x0000000794800000, 0x0000000794a00000|  0%| F|  |TAMS 0x0000000794800000| PB 0x0000000794800000| Untracked 
| 677|0x0000000794a00000, 0x0000000794a00000, 0x0000000794c00000|  0%| F|  |TAMS 0x0000000794a00000| PB 0x0000000794a00000| Untracked 
| 678|0x0000000794c00000, 0x0000000794c00000, 0x0000000794e00000|  0%| F|  |TAMS 0x0000000794c00000| PB 0x0000000794c00000| Untracked 
| 679|0x0000000794e00000, 0x0000000794e00000, 0x0000000795000000|  0%| F|  |TAMS 0x0000000794e00000| PB 0x0000000794e00000| Untracked 
| 680|0x0000000795000000, 0x0000000795000000, 0x0000000795200000|  0%| F|  |TAMS 0x0000000795000000| PB 0x0000000795000000| Untracked 
| 681|0x0000000795200000, 0x0000000795200000, 0x0000000795400000|  0%| F|  |TAMS 0x0000000795200000| PB 0x0000000795200000| Untracked 
| 682|0x0000000795400000, 0x0000000795400000, 0x0000000795600000|  0%| F|  |TAMS 0x0000000795400000| PB 0x0000000795400000| Untracked 
| 683|0x0000000795600000, 0x0000000795600000, 0x0000000795800000|  0%| F|  |TAMS 0x0000000795600000| PB 0x0000000795600000| Untracked 
| 684|0x0000000795800000, 0x0000000795800000, 0x0000000795a00000|  0%| F|  |TAMS 0x0000000795800000| PB 0x0000000795800000| Untracked 
| 685|0x0000000795a00000, 0x0000000795a00000, 0x0000000795c00000|  0%| F|  |TAMS 0x0000000795a00000| PB 0x0000000795a00000| Untracked 
| 686|0x0000000795c00000, 0x0000000795c00000, 0x0000000795e00000|  0%| F|  |TAMS 0x0000000795c00000| PB 0x0000000795c00000| Untracked 
| 687|0x0000000795e00000, 0x0000000795e00000, 0x0000000796000000|  0%| F|  |TAMS 0x0000000795e00000| PB 0x0000000795e00000| Untracked 
| 688|0x0000000796000000, 0x0000000796000000, 0x0000000796200000|  0%| F|  |TAMS 0x0000000796000000| PB 0x0000000796000000| Untracked 
| 689|0x0000000796200000, 0x0000000796200000, 0x0000000796400000|  0%| F|  |TAMS 0x0000000796200000| PB 0x0000000796200000| Untracked 
| 690|0x0000000796400000, 0x0000000796400000, 0x0000000796600000|  0%| F|  |TAMS 0x0000000796400000| PB 0x0000000796400000| Untracked 
| 691|0x0000000796600000, 0x0000000796600000, 0x0000000796800000|  0%| F|  |TAMS 0x0000000796600000| PB 0x0000000796600000| Untracked 
| 692|0x0000000796800000, 0x0000000796800000, 0x0000000796a00000|  0%| F|  |TAMS 0x0000000796800000| PB 0x0000000796800000| Untracked 
| 693|0x0000000796a00000, 0x0000000796a00000, 0x0000000796c00000|  0%| F|  |TAMS 0x0000000796a00000| PB 0x0000000796a00000| Untracked 
| 694|0x0000000796c00000, 0x0000000796c00000, 0x0000000796e00000|  0%| F|  |TAMS 0x0000000796c00000| PB 0x0000000796c00000| Untracked 
| 695|0x0000000796e00000, 0x0000000796e00000, 0x0000000797000000|  0%| F|  |TAMS 0x0000000796e00000| PB 0x0000000796e00000| Untracked 
| 696|0x0000000797000000, 0x0000000797000000, 0x0000000797200000|  0%| F|  |TAMS 0x0000000797000000| PB 0x0000000797000000| Untracked 
| 697|0x0000000797200000, 0x0000000797200000, 0x0000000797400000|  0%| F|  |TAMS 0x0000000797200000| PB 0x0000000797200000| Untracked 
| 698|0x0000000797400000, 0x0000000797400000, 0x0000000797600000|  0%| F|  |TAMS 0x0000000797400000| PB 0x0000000797400000| Untracked 
| 699|0x0000000797600000, 0x0000000797600000, 0x0000000797800000|  0%| F|  |TAMS 0x0000000797600000| PB 0x0000000797600000| Untracked 
| 700|0x0000000797800000, 0x0000000797800000, 0x0000000797a00000|  0%| F|  |TAMS 0x0000000797800000| PB 0x0000000797800000| Untracked 
| 701|0x0000000797a00000, 0x0000000797a00000, 0x0000000797c00000|  0%| F|  |TAMS 0x0000000797a00000| PB 0x0000000797a00000| Untracked 
| 702|0x0000000797c00000, 0x0000000797c00000, 0x0000000797e00000|  0%| F|  |TAMS 0x0000000797c00000| PB 0x0000000797c00000| Untracked 
| 703|0x0000000797e00000, 0x0000000797e00000, 0x0000000798000000|  0%| F|  |TAMS 0x0000000797e00000| PB 0x0000000797e00000| Untracked 
| 704|0x0000000798000000, 0x0000000798000000, 0x0000000798200000|  0%| F|  |TAMS 0x0000000798000000| PB 0x0000000798000000| Untracked 
| 705|0x0000000798200000, 0x0000000798200000, 0x0000000798400000|  0%| F|  |TAMS 0x0000000798200000| PB 0x0000000798200000| Untracked 
| 706|0x0000000798400000, 0x0000000798400000, 0x0000000798600000|  0%| F|  |TAMS 0x0000000798400000| PB 0x0000000798400000| Untracked 
| 707|0x0000000798600000, 0x0000000798600000, 0x0000000798800000|  0%| F|  |TAMS 0x0000000798600000| PB 0x0000000798600000| Untracked 
| 708|0x0000000798800000, 0x0000000798800000, 0x0000000798a00000|  0%| F|  |TAMS 0x0000000798800000| PB 0x0000000798800000| Untracked 
| 709|0x0000000798a00000, 0x0000000798a00000, 0x0000000798c00000|  0%| F|  |TAMS 0x0000000798a00000| PB 0x0000000798a00000| Untracked 
| 710|0x0000000798c00000, 0x0000000798c00000, 0x0000000798e00000|  0%| F|  |TAMS 0x0000000798c00000| PB 0x0000000798c00000| Untracked 
| 711|0x0000000798e00000, 0x0000000798e00000, 0x0000000799000000|  0%| F|  |TAMS 0x0000000798e00000| PB 0x0000000798e00000| Untracked 
| 712|0x0000000799000000, 0x0000000799000000, 0x0000000799200000|  0%| F|  |TAMS 0x0000000799000000| PB 0x0000000799000000| Untracked 
| 713|0x0000000799200000, 0x0000000799200000, 0x0000000799400000|  0%| F|  |TAMS 0x0000000799200000| PB 0x0000000799200000| Untracked 
| 714|0x0000000799400000, 0x0000000799400000, 0x0000000799600000|  0%| F|  |TAMS 0x0000000799400000| PB 0x0000000799400000| Untracked 
| 715|0x0000000799600000, 0x0000000799600000, 0x0000000799800000|  0%| F|  |TAMS 0x0000000799600000| PB 0x0000000799600000| Untracked 
| 716|0x0000000799800000, 0x0000000799800000, 0x0000000799a00000|  0%| F|  |TAMS 0x0000000799800000| PB 0x0000000799800000| Untracked 
| 717|0x0000000799a00000, 0x0000000799a00000, 0x0000000799c00000|  0%| F|  |TAMS 0x0000000799a00000| PB 0x0000000799a00000| Untracked 
| 718|0x0000000799c00000, 0x0000000799c00000, 0x0000000799e00000|  0%| F|  |TAMS 0x0000000799c00000| PB 0x0000000799c00000| Untracked 
| 719|0x0000000799e00000, 0x0000000799e00000, 0x000000079a000000|  0%| F|  |TAMS 0x0000000799e00000| PB 0x0000000799e00000| Untracked 
| 720|0x000000079a000000, 0x000000079a000000, 0x000000079a200000|  0%| F|  |TAMS 0x000000079a000000| PB 0x000000079a000000| Untracked 
| 721|0x000000079a200000, 0x000000079a200000, 0x000000079a400000|  0%| F|  |TAMS 0x000000079a200000| PB 0x000000079a200000| Untracked 
| 722|0x000000079a400000, 0x000000079a400000, 0x000000079a600000|  0%| F|  |TAMS 0x000000079a400000| PB 0x000000079a400000| Untracked 
| 723|0x000000079a600000, 0x000000079a600000, 0x000000079a800000|  0%| F|  |TAMS 0x000000079a600000| PB 0x000000079a600000| Untracked 
| 724|0x000000079a800000, 0x000000079a800000, 0x000000079aa00000|  0%| F|  |TAMS 0x000000079a800000| PB 0x000000079a800000| Untracked 
| 725|0x000000079aa00000, 0x000000079aa00000, 0x000000079ac00000|  0%| F|  |TAMS 0x000000079aa00000| PB 0x000000079aa00000| Untracked 
| 726|0x000000079ac00000, 0x000000079ac00000, 0x000000079ae00000|  0%| F|  |TAMS 0x000000079ac00000| PB 0x000000079ac00000| Untracked 
| 727|0x000000079ae00000, 0x000000079ae00000, 0x000000079b000000|  0%| F|  |TAMS 0x000000079ae00000| PB 0x000000079ae00000| Untracked 
| 728|0x000000079b000000, 0x000000079b000000, 0x000000079b200000|  0%| F|  |TAMS 0x000000079b000000| PB 0x000000079b000000| Untracked 
| 729|0x000000079b200000, 0x000000079b200000, 0x000000079b400000|  0%| F|  |TAMS 0x000000079b200000| PB 0x000000079b200000| Untracked 
| 730|0x000000079b400000, 0x000000079b400000, 0x000000079b600000|  0%| F|  |TAMS 0x000000079b400000| PB 0x000000079b400000| Untracked 
| 731|0x000000079b600000, 0x000000079b600000, 0x000000079b800000|  0%| F|  |TAMS 0x000000079b600000| PB 0x000000079b600000| Untracked 
| 732|0x000000079b800000, 0x000000079b800000, 0x000000079ba00000|  0%| F|  |TAMS 0x000000079b800000| PB 0x000000079b800000| Untracked 
| 733|0x000000079ba00000, 0x000000079ba00000, 0x000000079bc00000|  0%| F|  |TAMS 0x000000079ba00000| PB 0x000000079ba00000| Untracked 
| 734|0x000000079bc00000, 0x000000079bc00000, 0x000000079be00000|  0%| F|  |TAMS 0x000000079bc00000| PB 0x000000079bc00000| Untracked 
| 735|0x000000079be00000, 0x000000079be00000, 0x000000079c000000|  0%| F|  |TAMS 0x000000079be00000| PB 0x000000079be00000| Untracked 
| 736|0x000000079c000000, 0x000000079c000000, 0x000000079c200000|  0%| F|  |TAMS 0x000000079c000000| PB 0x000000079c000000| Untracked 
| 737|0x000000079c200000, 0x000000079c200000, 0x000000079c400000|  0%| F|  |TAMS 0x000000079c200000| PB 0x000000079c200000| Untracked 
| 738|0x000000079c400000, 0x000000079c400000, 0x000000079c600000|  0%| F|  |TAMS 0x000000079c400000| PB 0x000000079c400000| Untracked 
| 739|0x000000079c600000, 0x000000079c600000, 0x000000079c800000|  0%| F|  |TAMS 0x000000079c600000| PB 0x000000079c600000| Untracked 
| 740|0x000000079c800000, 0x000000079c800000, 0x000000079ca00000|  0%| F|  |TAMS 0x000000079c800000| PB 0x000000079c800000| Untracked 
| 741|0x000000079ca00000, 0x000000079ca00000, 0x000000079cc00000|  0%| F|  |TAMS 0x000000079ca00000| PB 0x000000079ca00000| Untracked 
| 742|0x000000079cc00000, 0x000000079cc00000, 0x000000079ce00000|  0%| F|  |TAMS 0x000000079cc00000| PB 0x000000079cc00000| Untracked 
| 743|0x000000079ce00000, 0x000000079ce00000, 0x000000079d000000|  0%| F|  |TAMS 0x000000079ce00000| PB 0x000000079ce00000| Untracked 
| 744|0x000000079d000000, 0x000000079d000000, 0x000000079d200000|  0%| F|  |TAMS 0x000000079d000000| PB 0x000000079d000000| Untracked 
| 745|0x000000079d200000, 0x000000079d200000, 0x000000079d400000|  0%| F|  |TAMS 0x000000079d200000| PB 0x000000079d200000| Untracked 
| 746|0x000000079d400000, 0x000000079d400000, 0x000000079d600000|  0%| F|  |TAMS 0x000000079d400000| PB 0x000000079d400000| Untracked 
| 747|0x000000079d600000, 0x000000079d600000, 0x000000079d800000|  0%| F|  |TAMS 0x000000079d600000| PB 0x000000079d600000| Untracked 
| 748|0x000000079d800000, 0x000000079d800000, 0x000000079da00000|  0%| F|  |TAMS 0x000000079d800000| PB 0x000000079d800000| Untracked 
| 749|0x000000079da00000, 0x000000079da00000, 0x000000079dc00000|  0%| F|  |TAMS 0x000000079da00000| PB 0x000000079da00000| Untracked 
| 750|0x000000079dc00000, 0x000000079dc00000, 0x000000079de00000|  0%| F|  |TAMS 0x000000079dc00000| PB 0x000000079dc00000| Untracked 
| 751|0x000000079de00000, 0x000000079de00000, 0x000000079e000000|  0%| F|  |TAMS 0x000000079de00000| PB 0x000000079de00000| Untracked 
| 752|0x000000079e000000, 0x000000079e000000, 0x000000079e200000|  0%| F|  |TAMS 0x000000079e000000| PB 0x000000079e000000| Untracked 
| 753|0x000000079e200000, 0x000000079e200000, 0x000000079e400000|  0%| F|  |TAMS 0x000000079e200000| PB 0x000000079e200000| Untracked 
| 754|0x000000079e400000, 0x000000079e400000, 0x000000079e600000|  0%| F|  |TAMS 0x000000079e400000| PB 0x000000079e400000| Untracked 
| 755|0x000000079e600000, 0x000000079e600000, 0x000000079e800000|  0%| F|  |TAMS 0x000000079e600000| PB 0x000000079e600000| Untracked 
| 756|0x000000079e800000, 0x000000079e800000, 0x000000079ea00000|  0%| F|  |TAMS 0x000000079e800000| PB 0x000000079e800000| Untracked 
| 757|0x000000079ea00000, 0x000000079ea00000, 0x000000079ec00000|  0%| F|  |TAMS 0x000000079ea00000| PB 0x000000079ea00000| Untracked 
| 758|0x000000079ec00000, 0x000000079ec00000, 0x000000079ee00000|  0%| F|  |TAMS 0x000000079ec00000| PB 0x000000079ec00000| Untracked 
| 759|0x000000079ee00000, 0x000000079ee00000, 0x000000079f000000|  0%| F|  |TAMS 0x000000079ee00000| PB 0x000000079ee00000| Untracked 
| 760|0x000000079f000000, 0x000000079f000000, 0x000000079f200000|  0%| F|  |TAMS 0x000000079f000000| PB 0x000000079f000000| Untracked 
| 761|0x000000079f200000, 0x000000079f200000, 0x000000079f400000|  0%| F|  |TAMS 0x000000079f200000| PB 0x000000079f200000| Untracked 
| 762|0x000000079f400000, 0x000000079f400000, 0x000000079f600000|  0%| F|  |TAMS 0x000000079f400000| PB 0x000000079f400000| Untracked 
| 763|0x000000079f600000, 0x000000079f600000, 0x000000079f800000|  0%| F|  |TAMS 0x000000079f600000| PB 0x000000079f600000| Untracked 
| 764|0x000000079f800000, 0x000000079f800000, 0x000000079fa00000|  0%| F|  |TAMS 0x000000079f800000| PB 0x000000079f800000| Untracked 
| 765|0x000000079fa00000, 0x000000079fa00000, 0x000000079fc00000|  0%| F|  |TAMS 0x000000079fa00000| PB 0x000000079fa00000| Untracked 
| 766|0x000000079fc00000, 0x000000079fc00000, 0x000000079fe00000|  0%| F|  |TAMS 0x000000079fc00000| PB 0x000000079fc00000| Untracked 
| 767|0x000000079fe00000, 0x000000079fe00000, 0x00000007a0000000|  0%| F|  |TAMS 0x000000079fe00000| PB 0x000000079fe00000| Untracked 
| 768|0x00000007a0000000, 0x00000007a0000000, 0x00000007a0200000|  0%| F|  |TAMS 0x00000007a0000000| PB 0x00000007a0000000| Untracked 
| 769|0x00000007a0200000, 0x00000007a0200000, 0x00000007a0400000|  0%| F|  |TAMS 0x00000007a0200000| PB 0x00000007a0200000| Untracked 
| 770|0x00000007a0400000, 0x00000007a0400000, 0x00000007a0600000|  0%| F|  |TAMS 0x00000007a0400000| PB 0x00000007a0400000| Untracked 
| 771|0x00000007a0600000, 0x00000007a0600000, 0x00000007a0800000|  0%| F|  |TAMS 0x00000007a0600000| PB 0x00000007a0600000| Untracked 
| 772|0x00000007a0800000, 0x00000007a0800000, 0x00000007a0a00000|  0%| F|  |TAMS 0x00000007a0800000| PB 0x00000007a0800000| Untracked 
| 773|0x00000007a0a00000, 0x00000007a0a00000, 0x00000007a0c00000|  0%| F|  |TAMS 0x00000007a0a00000| PB 0x00000007a0a00000| Untracked 
| 774|0x00000007a0c00000, 0x00000007a0c00000, 0x00000007a0e00000|  0%| F|  |TAMS 0x00000007a0c00000| PB 0x00000007a0c00000| Untracked 
| 775|0x00000007a0e00000, 0x00000007a0e00000, 0x00000007a1000000|  0%| F|  |TAMS 0x00000007a0e00000| PB 0x00000007a0e00000| Untracked 
| 776|0x00000007a1000000, 0x00000007a1000000, 0x00000007a1200000|  0%| F|  |TAMS 0x00000007a1000000| PB 0x00000007a1000000| Untracked 
| 777|0x00000007a1200000, 0x00000007a1200000, 0x00000007a1400000|  0%| F|  |TAMS 0x00000007a1200000| PB 0x00000007a1200000| Untracked 
| 778|0x00000007a1400000, 0x00000007a1400000, 0x00000007a1600000|  0%| F|  |TAMS 0x00000007a1400000| PB 0x00000007a1400000| Untracked 
| 779|0x00000007a1600000, 0x00000007a1600000, 0x00000007a1800000|  0%| F|  |TAMS 0x00000007a1600000| PB 0x00000007a1600000| Untracked 
| 780|0x00000007a1800000, 0x00000007a1800000, 0x00000007a1a00000|  0%| F|  |TAMS 0x00000007a1800000| PB 0x00000007a1800000| Untracked 
| 781|0x00000007a1a00000, 0x00000007a1a00000, 0x00000007a1c00000|  0%| F|  |TAMS 0x00000007a1a00000| PB 0x00000007a1a00000| Untracked 
| 782|0x00000007a1c00000, 0x00000007a1c00000, 0x00000007a1e00000|  0%| F|  |TAMS 0x00000007a1c00000| PB 0x00000007a1c00000| Untracked 
| 783|0x00000007a1e00000, 0x00000007a1e00000, 0x00000007a2000000|  0%| F|  |TAMS 0x00000007a1e00000| PB 0x00000007a1e00000| Untracked 
| 784|0x00000007a2000000, 0x00000007a2000000, 0x00000007a2200000|  0%| F|  |TAMS 0x00000007a2000000| PB 0x00000007a2000000| Untracked 
| 785|0x00000007a2200000, 0x00000007a2200000, 0x00000007a2400000|  0%| F|  |TAMS 0x00000007a2200000| PB 0x00000007a2200000| Untracked 
| 786|0x00000007a2400000, 0x00000007a2400000, 0x00000007a2600000|  0%| F|  |TAMS 0x00000007a2400000| PB 0x00000007a2400000| Untracked 
| 787|0x00000007a2600000, 0x00000007a2600000, 0x00000007a2800000|  0%| F|  |TAMS 0x00000007a2600000| PB 0x00000007a2600000| Untracked 
| 788|0x00000007a2800000, 0x00000007a2800000, 0x00000007a2a00000|  0%| F|  |TAMS 0x00000007a2800000| PB 0x00000007a2800000| Untracked 
| 789|0x00000007a2a00000, 0x00000007a2a00000, 0x00000007a2c00000|  0%| F|  |TAMS 0x00000007a2a00000| PB 0x00000007a2a00000| Untracked 
| 790|0x00000007a2c00000, 0x00000007a2c00000, 0x00000007a2e00000|  0%| F|  |TAMS 0x00000007a2c00000| PB 0x00000007a2c00000| Untracked 
| 791|0x00000007a2e00000, 0x00000007a2e00000, 0x00000007a3000000|  0%| F|  |TAMS 0x00000007a2e00000| PB 0x00000007a2e00000| Untracked 
| 792|0x00000007a3000000, 0x00000007a3000000, 0x00000007a3200000|  0%| F|  |TAMS 0x00000007a3000000| PB 0x00000007a3000000| Untracked 
| 793|0x00000007a3200000, 0x00000007a3200000, 0x00000007a3400000|  0%| F|  |TAMS 0x00000007a3200000| PB 0x00000007a3200000| Untracked 
| 794|0x00000007a3400000, 0x00000007a3400000, 0x00000007a3600000|  0%| F|  |TAMS 0x00000007a3400000| PB 0x00000007a3400000| Untracked 
| 795|0x00000007a3600000, 0x00000007a3600000, 0x00000007a3800000|  0%| F|  |TAMS 0x00000007a3600000| PB 0x00000007a3600000| Untracked 
| 796|0x00000007a3800000, 0x00000007a3800000, 0x00000007a3a00000|  0%| F|  |TAMS 0x00000007a3800000| PB 0x00000007a3800000| Untracked 
| 797|0x00000007a3a00000, 0x00000007a3a00000, 0x00000007a3c00000|  0%| F|  |TAMS 0x00000007a3a00000| PB 0x00000007a3a00000| Untracked 
| 798|0x00000007a3c00000, 0x00000007a3c00000, 0x00000007a3e00000|  0%| F|  |TAMS 0x00000007a3c00000| PB 0x00000007a3c00000| Untracked 
| 799|0x00000007a3e00000, 0x00000007a3e00000, 0x00000007a4000000|  0%| F|  |TAMS 0x00000007a3e00000| PB 0x00000007a3e00000| Untracked 
| 800|0x00000007a4000000, 0x00000007a4000000, 0x00000007a4200000|  0%| F|  |TAMS 0x00000007a4000000| PB 0x00000007a4000000| Untracked 
| 801|0x00000007a4200000, 0x00000007a4200000, 0x00000007a4400000|  0%| F|  |TAMS 0x00000007a4200000| PB 0x00000007a4200000| Untracked 
| 802|0x00000007a4400000, 0x00000007a4400000, 0x00000007a4600000|  0%| F|  |TAMS 0x00000007a4400000| PB 0x00000007a4400000| Untracked 
| 803|0x00000007a4600000, 0x00000007a4600000, 0x00000007a4800000|  0%| F|  |TAMS 0x00000007a4600000| PB 0x00000007a4600000| Untracked 
| 804|0x00000007a4800000, 0x00000007a4800000, 0x00000007a4a00000|  0%| F|  |TAMS 0x00000007a4800000| PB 0x00000007a4800000| Untracked 
| 805|0x00000007a4a00000, 0x00000007a4a00000, 0x00000007a4c00000|  0%| F|  |TAMS 0x00000007a4a00000| PB 0x00000007a4a00000| Untracked 
| 806|0x00000007a4c00000, 0x00000007a4c00000, 0x00000007a4e00000|  0%| F|  |TAMS 0x00000007a4c00000| PB 0x00000007a4c00000| Untracked 
| 807|0x00000007a4e00000, 0x00000007a4e00000, 0x00000007a5000000|  0%| F|  |TAMS 0x00000007a4e00000| PB 0x00000007a4e00000| Untracked 
| 808|0x00000007a5000000, 0x00000007a5000000, 0x00000007a5200000|  0%| F|  |TAMS 0x00000007a5000000| PB 0x00000007a5000000| Untracked 
| 809|0x00000007a5200000, 0x00000007a5200000, 0x00000007a5400000|  0%| F|  |TAMS 0x00000007a5200000| PB 0x00000007a5200000| Untracked 
| 810|0x00000007a5400000, 0x00000007a5400000, 0x00000007a5600000|  0%| F|  |TAMS 0x00000007a5400000| PB 0x00000007a5400000| Untracked 
| 811|0x00000007a5600000, 0x00000007a5600000, 0x00000007a5800000|  0%| F|  |TAMS 0x00000007a5600000| PB 0x00000007a5600000| Untracked 
| 812|0x00000007a5800000, 0x00000007a5800000, 0x00000007a5a00000|  0%| F|  |TAMS 0x00000007a5800000| PB 0x00000007a5800000| Untracked 
| 813|0x00000007a5a00000, 0x00000007a5a00000, 0x00000007a5c00000|  0%| F|  |TAMS 0x00000007a5a00000| PB 0x00000007a5a00000| Untracked 
| 814|0x00000007a5c00000, 0x00000007a5c00000, 0x00000007a5e00000|  0%| F|  |TAMS 0x00000007a5c00000| PB 0x00000007a5c00000| Untracked 
| 815|0x00000007a5e00000, 0x00000007a5e00000, 0x00000007a6000000|  0%| F|  |TAMS 0x00000007a5e00000| PB 0x00000007a5e00000| Untracked 
| 816|0x00000007a6000000, 0x00000007a6000000, 0x00000007a6200000|  0%| F|  |TAMS 0x00000007a6000000| PB 0x00000007a6000000| Untracked 
| 817|0x00000007a6200000, 0x00000007a6200000, 0x00000007a6400000|  0%| F|  |TAMS 0x00000007a6200000| PB 0x00000007a6200000| Untracked 
| 818|0x00000007a6400000, 0x00000007a6400000, 0x00000007a6600000|  0%| F|  |TAMS 0x00000007a6400000| PB 0x00000007a6400000| Untracked 
| 819|0x00000007a6600000, 0x00000007a6600000, 0x00000007a6800000|  0%| F|  |TAMS 0x00000007a6600000| PB 0x00000007a6600000| Untracked 
| 820|0x00000007a6800000, 0x00000007a6800000, 0x00000007a6a00000|  0%| F|  |TAMS 0x00000007a6800000| PB 0x00000007a6800000| Untracked 
| 821|0x00000007a6a00000, 0x00000007a6a00000, 0x00000007a6c00000|  0%| F|  |TAMS 0x00000007a6a00000| PB 0x00000007a6a00000| Untracked 
| 822|0x00000007a6c00000, 0x00000007a6c00000, 0x00000007a6e00000|  0%| F|  |TAMS 0x00000007a6c00000| PB 0x00000007a6c00000| Untracked 
| 823|0x00000007a6e00000, 0x00000007a6e00000, 0x00000007a7000000|  0%| F|  |TAMS 0x00000007a6e00000| PB 0x00000007a6e00000| Untracked 
| 824|0x00000007a7000000, 0x00000007a7000000, 0x00000007a7200000|  0%| F|  |TAMS 0x00000007a7000000| PB 0x00000007a7000000| Untracked 
| 825|0x00000007a7200000, 0x00000007a7200000, 0x00000007a7400000|  0%| F|  |TAMS 0x00000007a7200000| PB 0x00000007a7200000| Untracked 
| 826|0x00000007a7400000, 0x00000007a7400000, 0x00000007a7600000|  0%| F|  |TAMS 0x00000007a7400000| PB 0x00000007a7400000| Untracked 
| 827|0x00000007a7600000, 0x00000007a7600000, 0x00000007a7800000|  0%| F|  |TAMS 0x00000007a7600000| PB 0x00000007a7600000| Untracked 
| 828|0x00000007a7800000, 0x00000007a7800000, 0x00000007a7a00000|  0%| F|  |TAMS 0x00000007a7800000| PB 0x00000007a7800000| Untracked 
| 829|0x00000007a7a00000, 0x00000007a7a00000, 0x00000007a7c00000|  0%| F|  |TAMS 0x00000007a7a00000| PB 0x00000007a7a00000| Untracked 
| 830|0x00000007a7c00000, 0x00000007a7c00000, 0x00000007a7e00000|  0%| F|  |TAMS 0x00000007a7c00000| PB 0x00000007a7c00000| Untracked 
| 831|0x00000007a7e00000, 0x00000007a7e00000, 0x00000007a8000000|  0%| F|  |TAMS 0x00000007a7e00000| PB 0x00000007a7e00000| Untracked 
| 832|0x00000007a8000000, 0x00000007a8000000, 0x00000007a8200000|  0%| F|  |TAMS 0x00000007a8000000| PB 0x00000007a8000000| Untracked 
| 833|0x00000007a8200000, 0x00000007a8200000, 0x00000007a8400000|  0%| F|  |TAMS 0x00000007a8200000| PB 0x00000007a8200000| Untracked 
| 834|0x00000007a8400000, 0x00000007a8400000, 0x00000007a8600000|  0%| F|  |TAMS 0x00000007a8400000| PB 0x00000007a8400000| Untracked 
| 835|0x00000007a8600000, 0x00000007a8600000, 0x00000007a8800000|  0%| F|  |TAMS 0x00000007a8600000| PB 0x00000007a8600000| Untracked 
| 836|0x00000007a8800000, 0x00000007a8800000, 0x00000007a8a00000|  0%| F|  |TAMS 0x00000007a8800000| PB 0x00000007a8800000| Untracked 
| 837|0x00000007a8a00000, 0x00000007a8a00000, 0x00000007a8c00000|  0%| F|  |TAMS 0x00000007a8a00000| PB 0x00000007a8a00000| Untracked 
| 838|0x00000007a8c00000, 0x00000007a8c00000, 0x00000007a8e00000|  0%| F|  |TAMS 0x00000007a8c00000| PB 0x00000007a8c00000| Untracked 
| 839|0x00000007a8e00000, 0x00000007a8e00000, 0x00000007a9000000|  0%| F|  |TAMS 0x00000007a8e00000| PB 0x00000007a8e00000| Untracked 
| 840|0x00000007a9000000, 0x00000007a9000000, 0x00000007a9200000|  0%| F|  |TAMS 0x00000007a9000000| PB 0x00000007a9000000| Untracked 
| 841|0x00000007a9200000, 0x00000007a9200000, 0x00000007a9400000|  0%| F|  |TAMS 0x00000007a9200000| PB 0x00000007a9200000| Untracked 
| 842|0x00000007a9400000, 0x00000007a9400000, 0x00000007a9600000|  0%| F|  |TAMS 0x00000007a9400000| PB 0x00000007a9400000| Untracked 
| 843|0x00000007a9600000, 0x00000007a9600000, 0x00000007a9800000|  0%| F|  |TAMS 0x00000007a9600000| PB 0x00000007a9600000| Untracked 
| 844|0x00000007a9800000, 0x00000007a9800000, 0x00000007a9a00000|  0%| F|  |TAMS 0x00000007a9800000| PB 0x00000007a9800000| Untracked 
| 845|0x00000007a9a00000, 0x00000007a9c00000, 0x00000007a9c00000|100%| E|CS|TAMS 0x00000007a9a00000| PB 0x00000007a9a00000| Complete 
| 846|0x00000007a9c00000, 0x00000007a9e00000, 0x00000007a9e00000|100%| E|CS|TAMS 0x00000007a9c00000| PB 0x00000007a9c00000| Complete 
| 847|0x00000007a9e00000, 0x00000007aa000000, 0x00000007aa000000|100%| E|CS|TAMS 0x00000007a9e00000| PB 0x00000007a9e00000| Complete 
| 848|0x00000007aa000000, 0x00000007aa200000, 0x00000007aa200000|100%| E|CS|TAMS 0x00000007aa000000| PB 0x00000007aa000000| Complete 
| 849|0x00000007aa200000, 0x00000007aa400000, 0x00000007aa400000|100%| E|CS|TAMS 0x00000007aa200000| PB 0x00000007aa200000| Complete 
| 850|0x00000007aa400000, 0x00000007aa600000, 0x00000007aa600000|100%| E|CS|TAMS 0x00000007aa400000| PB 0x00000007aa400000| Complete 
| 851|0x00000007aa600000, 0x00000007aa800000, 0x00000007aa800000|100%| E|CS|TAMS 0x00000007aa600000| PB 0x00000007aa600000| Complete 
| 852|0x00000007aa800000, 0x00000007aaa00000, 0x00000007aaa00000|100%| E|CS|TAMS 0x00000007aa800000| PB 0x00000007aa800000| Complete 
| 853|0x00000007aaa00000, 0x00000007aac00000, 0x00000007aac00000|100%| E|CS|TAMS 0x00000007aaa00000| PB 0x00000007aaa00000| Complete 
| 854|0x00000007aac00000, 0x00000007aae00000, 0x00000007aae00000|100%| E|CS|TAMS 0x00000007aac00000| PB 0x00000007aac00000| Complete 
| 855|0x00000007aae00000, 0x00000007ab000000, 0x00000007ab000000|100%| E|CS|TAMS 0x00000007aae00000| PB 0x00000007aae00000| Complete 
| 856|0x00000007ab000000, 0x00000007ab200000, 0x00000007ab200000|100%| E|CS|TAMS 0x00000007ab000000| PB 0x00000007ab000000| Complete 
| 857|0x00000007ab200000, 0x00000007ab400000, 0x00000007ab400000|100%| E|CS|TAMS 0x00000007ab200000| PB 0x00000007ab200000| Complete 
| 858|0x00000007ab400000, 0x00000007ab600000, 0x00000007ab600000|100%| E|CS|TAMS 0x00000007ab400000| PB 0x00000007ab400000| Complete 
| 859|0x00000007ab600000, 0x00000007ab800000, 0x00000007ab800000|100%| E|CS|TAMS 0x00000007ab600000| PB 0x00000007ab600000| Complete 
| 860|0x00000007ab800000, 0x00000007aba00000, 0x00000007aba00000|100%| E|CS|TAMS 0x00000007ab800000| PB 0x00000007ab800000| Complete 
| 861|0x00000007aba00000, 0x00000007abc00000, 0x00000007abc00000|100%| E|CS|TAMS 0x00000007aba00000| PB 0x00000007aba00000| Complete 
| 862|0x00000007abc00000, 0x00000007abe00000, 0x00000007abe00000|100%| E|CS|TAMS 0x00000007abc00000| PB 0x00000007abc00000| Complete 
| 863|0x00000007abe00000, 0x00000007ac000000, 0x00000007ac000000|100%| E|CS|TAMS 0x00000007abe00000| PB 0x00000007abe00000| Complete 
| 864|0x00000007ac000000, 0x00000007ac200000, 0x00000007ac200000|100%| E|CS|TAMS 0x00000007ac000000| PB 0x00000007ac000000| Complete 
| 865|0x00000007ac200000, 0x00000007ac400000, 0x00000007ac400000|100%| E|CS|TAMS 0x00000007ac200000| PB 0x00000007ac200000| Complete 
| 866|0x00000007ac400000, 0x00000007ac600000, 0x00000007ac600000|100%| E|  |TAMS 0x00000007ac400000| PB 0x00000007ac400000| Complete 
| 867|0x00000007ac600000, 0x00000007ac800000, 0x00000007ac800000|100%| E|CS|TAMS 0x00000007ac600000| PB 0x00000007ac600000| Complete 
| 868|0x00000007ac800000, 0x00000007aca00000, 0x00000007aca00000|100%| E|CS|TAMS 0x00000007ac800000| PB 0x00000007ac800000| Complete 
| 869|0x00000007aca00000, 0x00000007aca00000, 0x00000007acc00000|  0%| F|  |TAMS 0x00000007aca00000| PB 0x00000007aca00000| Untracked 
| 870|0x00000007acc00000, 0x00000007acc00000, 0x00000007ace00000|  0%| F|  |TAMS 0x00000007acc00000| PB 0x00000007acc00000| Untracked 
| 871|0x00000007ace00000, 0x00000007ace00000, 0x00000007ad000000|  0%| F|  |TAMS 0x00000007ace00000| PB 0x00000007ace00000| Untracked 
| 872|0x00000007ad000000, 0x00000007ad000000, 0x00000007ad200000|  0%| F|  |TAMS 0x00000007ad000000| PB 0x00000007ad000000| Untracked 
| 873|0x00000007ad200000, 0x00000007ad200000, 0x00000007ad400000|  0%| F|  |TAMS 0x00000007ad200000| PB 0x00000007ad200000| Untracked 
| 874|0x00000007ad400000, 0x00000007ad400000, 0x00000007ad600000|  0%| F|  |TAMS 0x00000007ad400000| PB 0x00000007ad400000| Untracked 
| 875|0x00000007ad600000, 0x00000007ad600000, 0x00000007ad800000|  0%| F|  |TAMS 0x00000007ad600000| PB 0x00000007ad600000| Untracked 
| 876|0x00000007ad800000, 0x00000007ad800000, 0x00000007ada00000|  0%| F|  |TAMS 0x00000007ad800000| PB 0x00000007ad800000| Untracked 
| 877|0x00000007ada00000, 0x00000007ada00000, 0x00000007adc00000|  0%| F|  |TAMS 0x00000007ada00000| PB 0x00000007ada00000| Untracked 
| 878|0x00000007adc00000, 0x00000007adc00000, 0x00000007ade00000|  0%| F|  |TAMS 0x00000007adc00000| PB 0x00000007adc00000| Untracked 
| 879|0x00000007ade00000, 0x00000007ade00000, 0x00000007ae000000|  0%| F|  |TAMS 0x00000007ade00000| PB 0x00000007ade00000| Untracked 
| 880|0x00000007ae000000, 0x00000007ae000000, 0x00000007ae200000|  0%| F|  |TAMS 0x00000007ae000000| PB 0x00000007ae000000| Untracked 
| 881|0x00000007ae200000, 0x00000007ae200000, 0x00000007ae400000|  0%| F|  |TAMS 0x00000007ae200000| PB 0x00000007ae200000| Untracked 
| 882|0x00000007ae400000, 0x00000007ae400000, 0x00000007ae600000|  0%| F|  |TAMS 0x00000007ae400000| PB 0x00000007ae400000| Untracked 
| 883|0x00000007ae600000, 0x00000007ae600000, 0x00000007ae800000|  0%| F|  |TAMS 0x00000007ae600000| PB 0x00000007ae600000| Untracked 
| 884|0x00000007ae800000, 0x00000007ae800000, 0x00000007aea00000|  0%| F|  |TAMS 0x00000007ae800000| PB 0x00000007ae800000| Untracked 
| 885|0x00000007aea00000, 0x00000007aea00000, 0x00000007aec00000|  0%| F|  |TAMS 0x00000007aea00000| PB 0x00000007aea00000| Untracked 
| 886|0x00000007aec00000, 0x00000007aec00000, 0x00000007aee00000|  0%| F|  |TAMS 0x00000007aec00000| PB 0x00000007aec00000| Untracked 
| 887|0x00000007aee00000, 0x00000007aee00000, 0x00000007af000000|  0%| F|  |TAMS 0x00000007aee00000| PB 0x00000007aee00000| Untracked 
| 888|0x00000007af000000, 0x00000007af000000, 0x00000007af200000|  0%| F|  |TAMS 0x00000007af000000| PB 0x00000007af000000| Untracked 
| 889|0x00000007af200000, 0x00000007af200000, 0x00000007af400000|  0%| F|  |TAMS 0x00000007af200000| PB 0x00000007af200000| Untracked 
| 890|0x00000007af400000, 0x00000007af400000, 0x00000007af600000|  0%| F|  |TAMS 0x00000007af400000| PB 0x00000007af400000| Untracked 
| 891|0x00000007af600000, 0x00000007af600000, 0x00000007af800000|  0%| F|  |TAMS 0x00000007af600000| PB 0x00000007af600000| Untracked 
| 892|0x00000007af800000, 0x00000007af800000, 0x00000007afa00000|  0%| F|  |TAMS 0x00000007af800000| PB 0x00000007af800000| Untracked 
| 893|0x00000007afa00000, 0x00000007afa00000, 0x00000007afc00000|  0%| F|  |TAMS 0x00000007afa00000| PB 0x00000007afa00000| Untracked 
| 894|0x00000007afc00000, 0x00000007afc00000, 0x00000007afe00000|  0%| F|  |TAMS 0x00000007afc00000| PB 0x00000007afc00000| Untracked 
| 895|0x00000007afe00000, 0x00000007afe00000, 0x00000007b0000000|  0%| F|  |TAMS 0x00000007afe00000| PB 0x00000007afe00000| Untracked 
| 896|0x00000007b0000000, 0x00000007b0000000, 0x00000007b0200000|  0%| F|  |TAMS 0x00000007b0000000| PB 0x00000007b0000000| Untracked 
| 897|0x00000007b0200000, 0x00000007b0200000, 0x00000007b0400000|  0%| F|  |TAMS 0x00000007b0200000| PB 0x00000007b0200000| Untracked 
| 898|0x00000007b0400000, 0x00000007b0400000, 0x00000007b0600000|  0%| F|  |TAMS 0x00000007b0400000| PB 0x00000007b0400000| Untracked 
| 899|0x00000007b0600000, 0x00000007b0600000, 0x00000007b0800000|  0%| F|  |TAMS 0x00000007b0600000| PB 0x00000007b0600000| Untracked 
| 900|0x00000007b0800000, 0x00000007b0800000, 0x00000007b0a00000|  0%| F|  |TAMS 0x00000007b0800000| PB 0x00000007b0800000| Untracked 
| 901|0x00000007b0a00000, 0x00000007b0a00000, 0x00000007b0c00000|  0%| F|  |TAMS 0x00000007b0a00000| PB 0x00000007b0a00000| Untracked 
| 902|0x00000007b0c00000, 0x00000007b0c00000, 0x00000007b0e00000|  0%| F|  |TAMS 0x00000007b0c00000| PB 0x00000007b0c00000| Untracked 
| 903|0x00000007b0e00000, 0x00000007b0e00000, 0x00000007b1000000|  0%| F|  |TAMS 0x00000007b0e00000| PB 0x00000007b0e00000| Untracked 
| 904|0x00000007b1000000, 0x00000007b1000000, 0x00000007b1200000|  0%| F|  |TAMS 0x00000007b1000000| PB 0x00000007b1000000| Untracked 
| 905|0x00000007b1200000, 0x00000007b1200000, 0x00000007b1400000|  0%| F|  |TAMS 0x00000007b1200000| PB 0x00000007b1200000| Untracked 
| 906|0x00000007b1400000, 0x00000007b1400000, 0x00000007b1600000|  0%| F|  |TAMS 0x00000007b1400000| PB 0x00000007b1400000| Untracked 
| 907|0x00000007b1600000, 0x00000007b1600000, 0x00000007b1800000|  0%| F|  |TAMS 0x00000007b1600000| PB 0x00000007b1600000| Untracked 
| 908|0x00000007b1800000, 0x00000007b1800000, 0x00000007b1a00000|  0%| F|  |TAMS 0x00000007b1800000| PB 0x00000007b1800000| Untracked 
| 909|0x00000007b1a00000, 0x00000007b1a00000, 0x00000007b1c00000|  0%| F|  |TAMS 0x00000007b1a00000| PB 0x00000007b1a00000| Untracked 
| 910|0x00000007b1c00000, 0x00000007b1c00000, 0x00000007b1e00000|  0%| F|  |TAMS 0x00000007b1c00000| PB 0x00000007b1c00000| Untracked 
| 911|0x00000007b1e00000, 0x00000007b1e00000, 0x00000007b2000000|  0%| F|  |TAMS 0x00000007b1e00000| PB 0x00000007b1e00000| Untracked 
| 912|0x00000007b2000000, 0x00000007b2000000, 0x00000007b2200000|  0%| F|  |TAMS 0x00000007b2000000| PB 0x00000007b2000000| Untracked 
| 913|0x00000007b2200000, 0x00000007b2200000, 0x00000007b2400000|  0%| F|  |TAMS 0x00000007b2200000| PB 0x00000007b2200000| Untracked 
| 914|0x00000007b2400000, 0x00000007b2400000, 0x00000007b2600000|  0%| F|  |TAMS 0x00000007b2400000| PB 0x00000007b2400000| Untracked 
| 915|0x00000007b2600000, 0x00000007b2600000, 0x00000007b2800000|  0%| F|  |TAMS 0x00000007b2600000| PB 0x00000007b2600000| Untracked 
| 916|0x00000007b2800000, 0x00000007b2800000, 0x00000007b2a00000|  0%| F|  |TAMS 0x00000007b2800000| PB 0x00000007b2800000| Untracked 
| 917|0x00000007b2a00000, 0x00000007b2a00000, 0x00000007b2c00000|  0%| F|  |TAMS 0x00000007b2a00000| PB 0x00000007b2a00000| Untracked 
| 918|0x00000007b2c00000, 0x00000007b2c00000, 0x00000007b2e00000|  0%| F|  |TAMS 0x00000007b2c00000| PB 0x00000007b2c00000| Untracked 
| 919|0x00000007b2e00000, 0x00000007b2e00000, 0x00000007b3000000|  0%| F|  |TAMS 0x00000007b2e00000| PB 0x00000007b2e00000| Untracked 
| 920|0x00000007b3000000, 0x00000007b3000000, 0x00000007b3200000|  0%| F|  |TAMS 0x00000007b3000000| PB 0x00000007b3000000| Untracked 
| 921|0x00000007b3200000, 0x00000007b3200000, 0x00000007b3400000|  0%| F|  |TAMS 0x00000007b3200000| PB 0x00000007b3200000| Untracked 
| 922|0x00000007b3400000, 0x00000007b3400000, 0x00000007b3600000|  0%| F|  |TAMS 0x00000007b3400000| PB 0x00000007b3400000| Untracked 
| 923|0x00000007b3600000, 0x00000007b3600000, 0x00000007b3800000|  0%| F|  |TAMS 0x00000007b3600000| PB 0x00000007b3600000| Untracked 
| 924|0x00000007b3800000, 0x00000007b3800000, 0x00000007b3a00000|  0%| F|  |TAMS 0x00000007b3800000| PB 0x00000007b3800000| Untracked 
| 925|0x00000007b3a00000, 0x00000007b3a00000, 0x00000007b3c00000|  0%| F|  |TAMS 0x00000007b3a00000| PB 0x00000007b3a00000| Untracked 
| 926|0x00000007b3c00000, 0x00000007b3c00000, 0x00000007b3e00000|  0%| F|  |TAMS 0x00000007b3c00000| PB 0x00000007b3c00000| Untracked 
| 927|0x00000007b3e00000, 0x00000007b3e00000, 0x00000007b4000000|  0%| F|  |TAMS 0x00000007b3e00000| PB 0x00000007b3e00000| Untracked 
| 928|0x00000007b4000000, 0x00000007b4000000, 0x00000007b4200000|  0%| F|  |TAMS 0x00000007b4000000| PB 0x00000007b4000000| Untracked 
| 929|0x00000007b4200000, 0x00000007b4200000, 0x00000007b4400000|  0%| F|  |TAMS 0x00000007b4200000| PB 0x00000007b4200000| Untracked 
| 930|0x00000007b4400000, 0x00000007b4400000, 0x00000007b4600000|  0%| F|  |TAMS 0x00000007b4400000| PB 0x00000007b4400000| Untracked 
| 931|0x00000007b4600000, 0x00000007b4600000, 0x00000007b4800000|  0%| F|  |TAMS 0x00000007b4600000| PB 0x00000007b4600000| Untracked 
| 932|0x00000007b4800000, 0x00000007b4800000, 0x00000007b4a00000|  0%| F|  |TAMS 0x00000007b4800000| PB 0x00000007b4800000| Untracked 
| 933|0x00000007b4a00000, 0x00000007b4a00000, 0x00000007b4c00000|  0%| F|  |TAMS 0x00000007b4a00000| PB 0x00000007b4a00000| Untracked 
| 934|0x00000007b4c00000, 0x00000007b4c00000, 0x00000007b4e00000|  0%| F|  |TAMS 0x00000007b4c00000| PB 0x00000007b4c00000| Untracked 
| 935|0x00000007b4e00000, 0x00000007b4e00000, 0x00000007b5000000|  0%| F|  |TAMS 0x00000007b4e00000| PB 0x00000007b4e00000| Untracked 
| 936|0x00000007b5000000, 0x00000007b5000000, 0x00000007b5200000|  0%| F|  |TAMS 0x00000007b5000000| PB 0x00000007b5000000| Untracked 
| 937|0x00000007b5200000, 0x00000007b5200000, 0x00000007b5400000|  0%| F|  |TAMS 0x00000007b5200000| PB 0x00000007b5200000| Untracked 
| 938|0x00000007b5400000, 0x00000007b5400000, 0x00000007b5600000|  0%| F|  |TAMS 0x00000007b5400000| PB 0x00000007b5400000| Untracked 
| 939|0x00000007b5600000, 0x00000007b5600000, 0x00000007b5800000|  0%| F|  |TAMS 0x00000007b5600000| PB 0x00000007b5600000| Untracked 
| 940|0x00000007b5800000, 0x00000007b5800000, 0x00000007b5a00000|  0%| F|  |TAMS 0x00000007b5800000| PB 0x00000007b5800000| Untracked 
| 941|0x00000007b5a00000, 0x00000007b5a00000, 0x00000007b5c00000|  0%| F|  |TAMS 0x00000007b5a00000| PB 0x00000007b5a00000| Untracked 
| 942|0x00000007b5c00000, 0x00000007b5c00000, 0x00000007b5e00000|  0%| F|  |TAMS 0x00000007b5c00000| PB 0x00000007b5c00000| Untracked 
| 943|0x00000007b5e00000, 0x00000007b5e00000, 0x00000007b6000000|  0%| F|  |TAMS 0x00000007b5e00000| PB 0x00000007b5e00000| Untracked 
| 944|0x00000007b6000000, 0x00000007b6000000, 0x00000007b6200000|  0%| F|  |TAMS 0x00000007b6000000| PB 0x00000007b6000000| Untracked 
| 945|0x00000007b6200000, 0x00000007b6200000, 0x00000007b6400000|  0%| F|  |TAMS 0x00000007b6200000| PB 0x00000007b6200000| Untracked 
| 946|0x00000007b6400000, 0x00000007b6400000, 0x00000007b6600000|  0%| F|  |TAMS 0x00000007b6400000| PB 0x00000007b6400000| Untracked 
| 947|0x00000007b6600000, 0x00000007b6600000, 0x00000007b6800000|  0%| F|  |TAMS 0x00000007b6600000| PB 0x00000007b6600000| Untracked 
| 948|0x00000007b6800000, 0x00000007b6800000, 0x00000007b6a00000|  0%| F|  |TAMS 0x00000007b6800000| PB 0x00000007b6800000| Untracked 
| 949|0x00000007b6a00000, 0x00000007b6a00000, 0x00000007b6c00000|  0%| F|  |TAMS 0x00000007b6a00000| PB 0x00000007b6a00000| Untracked 
| 950|0x00000007b6c00000, 0x00000007b6c00000, 0x00000007b6e00000|  0%| F|  |TAMS 0x00000007b6c00000| PB 0x00000007b6c00000| Untracked 
| 951|0x00000007b6e00000, 0x00000007b6e00000, 0x00000007b7000000|  0%| F|  |TAMS 0x00000007b6e00000| PB 0x00000007b6e00000| Untracked 
| 952|0x00000007b7000000, 0x00000007b7000000, 0x00000007b7200000|  0%| F|  |TAMS 0x00000007b7000000| PB 0x00000007b7000000| Untracked 
| 953|0x00000007b7200000, 0x00000007b7200000, 0x00000007b7400000|  0%| F|  |TAMS 0x00000007b7200000| PB 0x00000007b7200000| Untracked 
| 954|0x00000007b7400000, 0x00000007b7400000, 0x00000007b7600000|  0%| F|  |TAMS 0x00000007b7400000| PB 0x00000007b7400000| Untracked 
| 955|0x00000007b7600000, 0x00000007b7600000, 0x00000007b7800000|  0%| F|  |TAMS 0x00000007b7600000| PB 0x00000007b7600000| Untracked 
| 956|0x00000007b7800000, 0x00000007b7800000, 0x00000007b7a00000|  0%| F|  |TAMS 0x00000007b7800000| PB 0x00000007b7800000| Untracked 
| 957|0x00000007b7a00000, 0x00000007b7a00000, 0x00000007b7c00000|  0%| F|  |TAMS 0x00000007b7a00000| PB 0x00000007b7a00000| Untracked 
| 958|0x00000007b7c00000, 0x00000007b7c00000, 0x00000007b7e00000|  0%| F|  |TAMS 0x00000007b7c00000| PB 0x00000007b7c00000| Untracked 
| 959|0x00000007b7e00000, 0x00000007b7e00000, 0x00000007b8000000|  0%| F|  |TAMS 0x00000007b7e00000| PB 0x00000007b7e00000| Untracked 
| 960|0x00000007b8000000, 0x00000007b8000000, 0x00000007b8200000|  0%| F|  |TAMS 0x00000007b8000000| PB 0x00000007b8000000| Untracked 
| 961|0x00000007b8200000, 0x00000007b8200000, 0x00000007b8400000|  0%| F|  |TAMS 0x00000007b8200000| PB 0x00000007b8200000| Untracked 
| 962|0x00000007b8400000, 0x00000007b8400000, 0x00000007b8600000|  0%| F|  |TAMS 0x00000007b8400000| PB 0x00000007b8400000| Untracked 
| 963|0x00000007b8600000, 0x00000007b8600000, 0x00000007b8800000|  0%| F|  |TAMS 0x00000007b8600000| PB 0x00000007b8600000| Untracked 
| 964|0x00000007b8800000, 0x00000007b8800000, 0x00000007b8a00000|  0%| F|  |TAMS 0x00000007b8800000| PB 0x00000007b8800000| Untracked 
| 965|0x00000007b8a00000, 0x00000007b8a00000, 0x00000007b8c00000|  0%| F|  |TAMS 0x00000007b8a00000| PB 0x00000007b8a00000| Untracked 
| 966|0x00000007b8c00000, 0x00000007b8c00000, 0x00000007b8e00000|  0%| F|  |TAMS 0x00000007b8c00000| PB 0x00000007b8c00000| Untracked 
| 967|0x00000007b8e00000, 0x00000007b8e00000, 0x00000007b9000000|  0%| F|  |TAMS 0x00000007b8e00000| PB 0x00000007b8e00000| Untracked 
| 968|0x00000007b9000000, 0x00000007b9000000, 0x00000007b9200000|  0%| F|  |TAMS 0x00000007b9000000| PB 0x00000007b9000000| Untracked 
| 969|0x00000007b9200000, 0x00000007b9200000, 0x00000007b9400000|  0%| F|  |TAMS 0x00000007b9200000| PB 0x00000007b9200000| Untracked 
| 970|0x00000007b9400000, 0x00000007b9400000, 0x00000007b9600000|  0%| F|  |TAMS 0x00000007b9400000| PB 0x00000007b9400000| Untracked 
| 971|0x00000007b9600000, 0x00000007b9600000, 0x00000007b9800000|  0%| F|  |TAMS 0x00000007b9600000| PB 0x00000007b9600000| Untracked 
| 972|0x00000007b9800000, 0x00000007b9800000, 0x00000007b9a00000|  0%| F|  |TAMS 0x00000007b9800000| PB 0x00000007b9800000| Untracked 
| 973|0x00000007b9a00000, 0x00000007b9a00000, 0x00000007b9c00000|  0%| F|  |TAMS 0x00000007b9a00000| PB 0x00000007b9a00000| Untracked 
| 974|0x00000007b9c00000, 0x00000007b9c00000, 0x00000007b9e00000|  0%| F|  |TAMS 0x00000007b9c00000| PB 0x00000007b9c00000| Untracked 
| 975|0x00000007b9e00000, 0x00000007b9e00000, 0x00000007ba000000|  0%| F|  |TAMS 0x00000007b9e00000| PB 0x00000007b9e00000| Untracked 
| 976|0x00000007ba000000, 0x00000007ba000000, 0x00000007ba200000|  0%| F|  |TAMS 0x00000007ba000000| PB 0x00000007ba000000| Untracked 
| 977|0x00000007ba200000, 0x00000007ba200000, 0x00000007ba400000|  0%| F|  |TAMS 0x00000007ba200000| PB 0x00000007ba200000| Untracked 
| 978|0x00000007ba400000, 0x00000007ba400000, 0x00000007ba600000|  0%| F|  |TAMS 0x00000007ba400000| PB 0x00000007ba400000| Untracked 
| 979|0x00000007ba600000, 0x00000007ba600000, 0x00000007ba800000|  0%| F|  |TAMS 0x00000007ba600000| PB 0x00000007ba600000| Untracked 
| 980|0x00000007ba800000, 0x00000007ba800000, 0x00000007baa00000|  0%| F|  |TAMS 0x00000007ba800000| PB 0x00000007ba800000| Untracked 
| 981|0x00000007baa00000, 0x00000007baa00000, 0x00000007bac00000|  0%| F|  |TAMS 0x00000007baa00000| PB 0x00000007baa00000| Untracked 
| 982|0x00000007bac00000, 0x00000007bac00000, 0x00000007bae00000|  0%| F|  |TAMS 0x00000007bac00000| PB 0x00000007bac00000| Untracked 
| 983|0x00000007bae00000, 0x00000007bae00000, 0x00000007bb000000|  0%| F|  |TAMS 0x00000007bae00000| PB 0x00000007bae00000| Untracked 
| 984|0x00000007bb000000, 0x00000007bb000000, 0x00000007bb200000|  0%| F|  |TAMS 0x00000007bb000000| PB 0x00000007bb000000| Untracked 
| 985|0x00000007bb200000, 0x00000007bb200000, 0x00000007bb400000|  0%| F|  |TAMS 0x00000007bb200000| PB 0x00000007bb200000| Untracked 
| 986|0x00000007bb400000, 0x00000007bb400000, 0x00000007bb600000|  0%| F|  |TAMS 0x00000007bb400000| PB 0x00000007bb400000| Untracked 
| 987|0x00000007bb600000, 0x00000007bb600000, 0x00000007bb800000|  0%| F|  |TAMS 0x00000007bb600000| PB 0x00000007bb600000| Untracked 
| 988|0x00000007bb800000, 0x00000007bb800000, 0x00000007bba00000|  0%| F|  |TAMS 0x00000007bb800000| PB 0x00000007bb800000| Untracked 
| 989|0x00000007bba00000, 0x00000007bba00000, 0x00000007bbc00000|  0%| F|  |TAMS 0x00000007bba00000| PB 0x00000007bba00000| Untracked 
| 990|0x00000007bbc00000, 0x00000007bbc00000, 0x00000007bbe00000|  0%| F|  |TAMS 0x00000007bbc00000| PB 0x00000007bbc00000| Untracked 
| 991|0x00000007bbe00000, 0x00000007bbe00000, 0x00000007bc000000|  0%| F|  |TAMS 0x00000007bbe00000| PB 0x00000007bbe00000| Untracked 
| 992|0x00000007bc000000, 0x00000007bc000000, 0x00000007bc200000|  0%| F|  |TAMS 0x00000007bc000000| PB 0x00000007bc000000| Untracked 
| 993|0x00000007bc200000, 0x00000007bc200000, 0x00000007bc400000|  0%| F|  |TAMS 0x00000007bc200000| PB 0x00000007bc200000| Untracked 
| 994|0x00000007bc400000, 0x00000007bc400000, 0x00000007bc600000|  0%| F|  |TAMS 0x00000007bc400000| PB 0x00000007bc400000| Untracked 
| 995|0x00000007bc600000, 0x00000007bc600000, 0x00000007bc800000|  0%| F|  |TAMS 0x00000007bc600000| PB 0x00000007bc600000| Untracked 
| 996|0x00000007bc800000, 0x00000007bc800000, 0x00000007bca00000|  0%| F|  |TAMS 0x00000007bc800000| PB 0x00000007bc800000| Untracked 
| 997|0x00000007bca00000, 0x00000007bca00000, 0x00000007bcc00000|  0%| F|  |TAMS 0x00000007bca00000| PB 0x00000007bca00000| Untracked 
| 998|0x00000007bcc00000, 0x00000007bcc00000, 0x00000007bce00000|  0%| F|  |TAMS 0x00000007bcc00000| PB 0x00000007bcc00000| Untracked 
| 999|0x00000007bce00000, 0x00000007bce00000, 0x00000007bd000000|  0%| F|  |TAMS 0x00000007bce00000| PB 0x00000007bce00000| Untracked 
|1000|0x00000007bd000000, 0x00000007bd1b5468, 0x00000007bd200000| 85%| E|  |TAMS 0x00000007bd000000| PB 0x00000007bd000000| Complete 
|1001|0x00000007bd200000, 0x00000007bd400000, 0x00000007bd400000|100%| E|CS|TAMS 0x00000007bd200000| PB 0x00000007bd200000| Complete 
|1002|0x00000007bd400000, 0x00000007bd600000, 0x00000007bd600000|100%| E|CS|TAMS 0x00000007bd400000| PB 0x00000007bd400000| Complete 
|1003|0x00000007bd600000, 0x00000007bd800000, 0x00000007bd800000|100%| E|CS|TAMS 0x00000007bd600000| PB 0x00000007bd600000| Complete 
|1004|0x00000007bd800000, 0x00000007bda00000, 0x00000007bda00000|100%| E|CS|TAMS 0x00000007bd800000| PB 0x00000007bd800000| Complete 
|1005|0x00000007bda00000, 0x00000007bdc00000, 0x00000007bdc00000|100%| E|CS|TAMS 0x00000007bda00000| PB 0x00000007bda00000| Complete 
|1006|0x00000007bdc00000, 0x00000007bde00000, 0x00000007bde00000|100%| E|CS|TAMS 0x00000007bdc00000| PB 0x00000007bdc00000| Complete 
|1007|0x00000007bde00000, 0x00000007be000000, 0x00000007be000000|100%| E|CS|TAMS 0x00000007bde00000| PB 0x00000007bde00000| Complete 
|1008|0x00000007be000000, 0x00000007be200000, 0x00000007be200000|100%| E|CS|TAMS 0x00000007be000000| PB 0x00000007be000000| Complete 
|1009|0x00000007be200000, 0x00000007be400000, 0x00000007be400000|100%| E|CS|TAMS 0x00000007be200000| PB 0x00000007be200000| Complete 
|1010|0x00000007be400000, 0x00000007be600000, 0x00000007be600000|100%| E|CS|TAMS 0x00000007be400000| PB 0x00000007be400000| Complete 
|1011|0x00000007be600000, 0x00000007be800000, 0x00000007be800000|100%| E|CS|TAMS 0x00000007be600000| PB 0x00000007be600000| Complete 
|1012|0x00000007be800000, 0x00000007bea00000, 0x00000007bea00000|100%| E|CS|TAMS 0x00000007be800000| PB 0x00000007be800000| Complete 
|1013|0x00000007bea00000, 0x00000007bec00000, 0x00000007bec00000|100%| E|CS|TAMS 0x00000007bea00000| PB 0x00000007bea00000| Complete 
|1014|0x00000007bec00000, 0x00000007bee00000, 0x00000007bee00000|100%| E|CS|TAMS 0x00000007bec00000| PB 0x00000007bec00000| Complete 
|1015|0x00000007bee00000, 0x00000007bf000000, 0x00000007bf000000|100%| E|CS|TAMS 0x00000007bee00000| PB 0x00000007bee00000| Complete 
|1016|0x00000007bf000000, 0x00000007bf200000, 0x00000007bf200000|100%| E|CS|TAMS 0x00000007bf000000| PB 0x00000007bf000000| Complete 
|1017|0x00000007bf200000, 0x00000007bf400000, 0x00000007bf400000|100%| E|CS|TAMS 0x00000007bf200000| PB 0x00000007bf200000| Complete 
|1018|0x00000007bf400000, 0x00000007bf600000, 0x00000007bf600000|100%| E|CS|TAMS 0x00000007bf400000| PB 0x00000007bf400000| Complete 
|1019|0x00000007bf600000, 0x00000007bf800000, 0x00000007bf800000|100%| E|CS|TAMS 0x00000007bf600000| PB 0x00000007bf600000| Complete 
|1472|0x00000007f8000000, 0x00000007f8200000, 0x00000007f8200000|100%| O|  |TAMS 0x00000007f8200000| PB 0x00000007f8000000| Updating 
|1473|0x00000007f8200000, 0x00000007f8400000, 0x00000007f8400000|100%| E|CS|TAMS 0x00000007f8200000| PB 0x00000007f8200000| Complete 
|1474|0x00000007f8400000, 0x00000007f8600000, 0x00000007f8600000|100%| E|CS|TAMS 0x00000007f8400000| PB 0x00000007f8400000| Complete 
|1475|0x00000007f8600000, 0x00000007f8800000, 0x00000007f8800000|100%| E|CS|TAMS 0x00000007f8600000| PB 0x00000007f8600000| Complete 
|1476|0x00000007f8800000, 0x00000007f8a00000, 0x00000007f8a00000|100%| O|  |TAMS 0x00000007f8a00000| PB 0x00000007f8800000| Updating 
|1477|0x00000007f8a00000, 0x00000007f8c00000, 0x00000007f8c00000|100%| E|CS|TAMS 0x00000007f8a00000| PB 0x00000007f8a00000| Complete 
|1478|0x00000007f8c00000, 0x00000007f8e00000, 0x00000007f8e00000|100%| E|CS|TAMS 0x00000007f8c00000| PB 0x00000007f8c00000| Complete 
|1479|0x00000007f8e00000, 0x00000007f9000000, 0x00000007f9000000|100%| E|CS|TAMS 0x00000007f8e00000| PB 0x00000007f8e00000| Complete 
|1480|0x00000007f9000000, 0x00000007f9200000, 0x00000007f9200000|100%| O|  |TAMS 0x00000007f9200000| PB 0x00000007f9000000| Untracked 
|1481|0x00000007f9200000, 0x00000007f9400000, 0x00000007f9400000|100%| O|  |TAMS 0x00000007f9400000| PB 0x00000007f9200000| Untracked 
|1482|0x00000007f9400000, 0x00000007f9600000, 0x00000007f9600000|100%| O|  |TAMS 0x00000007f9600000| PB 0x00000007f9400000| Untracked 
|1483|0x00000007f9600000, 0x00000007f9800000, 0x00000007f9800000|100%| O|  |TAMS 0x00000007f9800000| PB 0x00000007f9600000| Untracked 
|1484|0x00000007f9800000, 0x00000007f9a00000, 0x00000007f9a00000|100%| O|  |TAMS 0x00000007f9a00000| PB 0x00000007f9800000| Untracked 
|1485|0x00000007f9a00000, 0x00000007f9c00000, 0x00000007f9c00000|100%| O|  |TAMS 0x00000007f9c00000| PB 0x00000007f9a00000| Untracked 
|1486|0x00000007f9c00000, 0x00000007f9e00000, 0x00000007f9e00000|100%| O|  |TAMS 0x00000007f9e00000| PB 0x00000007f9c00000| Untracked 
|1487|0x00000007f9e00000, 0x00000007fa000000, 0x00000007fa000000|100%| O|  |TAMS 0x00000007fa000000| PB 0x00000007f9e00000| Untracked 
|1488|0x00000007fa000000, 0x00000007fa200000, 0x00000007fa200000|100%| O|  |TAMS 0x00000007fa200000| PB 0x00000007fa000000| Untracked 
|1489|0x00000007fa200000, 0x00000007fa400000, 0x00000007fa400000|100%| O|  |TAMS 0x00000007fa400000| PB 0x00000007fa200000| Untracked 
|1490|0x00000007fa400000, 0x00000007fa600000, 0x00000007fa600000|100%| O|  |TAMS 0x00000007fa600000| PB 0x00000007fa400000| Updating 
|1491|0x00000007fa600000, 0x00000007fa800000, 0x00000007fa800000|100%| O|  |TAMS 0x00000007fa800000| PB 0x00000007fa600000| Untracked 
|1492|0x00000007fa800000, 0x00000007faa00000, 0x00000007faa00000|100%| O|  |TAMS 0x00000007faa00000| PB 0x00000007fa800000| Untracked 
|1493|0x00000007faa00000, 0x00000007fac00000, 0x00000007fac00000|100%| O|  |TAMS 0x00000007fac00000| PB 0x00000007faa00000| Untracked 
|1494|0x00000007fac00000, 0x00000007fae00000, 0x00000007fae00000|100%| O|  |TAMS 0x00000007fae00000| PB 0x00000007fac00000| Untracked 
|1495|0x00000007fae00000, 0x00000007fb000000, 0x00000007fb000000|100%| O|  |TAMS 0x00000007fb000000| PB 0x00000007fae00000| Untracked 
|1496|0x00000007fb000000, 0x00000007fb200000, 0x00000007fb200000|100%| O|  |TAMS 0x00000007fb200000| PB 0x00000007fb000000| Untracked 
|1497|0x00000007fb200000, 0x00000007fb400000, 0x00000007fb400000|100%| O|  |TAMS 0x00000007fb400000| PB 0x00000007fb200000| Untracked 
|1498|0x00000007fb400000, 0x00000007fb600000, 0x00000007fb600000|100%| O|  |TAMS 0x00000007fb600000| PB 0x00000007fb400000| Untracked 
|1499|0x00000007fb600000, 0x00000007fb800000, 0x00000007fb800000|100%| O|  |TAMS 0x00000007fb800000| PB 0x00000007fb600000| Untracked 
|1500|0x00000007fb800000, 0x00000007fba00000, 0x00000007fba00000|100%| O|  |TAMS 0x00000007fba00000| PB 0x00000007fb800000| Untracked 
|1501|0x00000007fba00000, 0x00000007fbc00000, 0x00000007fbc00000|100%| O|  |TAMS 0x00000007fbc00000| PB 0x00000007fba00000| Untracked 
|1502|0x00000007fbc00000, 0x00000007fbe00000, 0x00000007fbe00000|100%| O|  |TAMS 0x00000007fbe00000| PB 0x00000007fbc00000| Untracked 
|1503|0x00000007fbe00000, 0x00000007fc000000, 0x00000007fc000000|100%| O|  |TAMS 0x00000007fc000000| PB 0x00000007fbe00000| Untracked 
|1504|0x00000007fc000000, 0x00000007fc200000, 0x00000007fc200000|100%| O|  |TAMS 0x00000007fc200000| PB 0x00000007fc000000| Untracked 
|1505|0x00000007fc200000, 0x00000007fc400000, 0x00000007fc400000|100%| O|  |TAMS 0x00000007fc400000| PB 0x00000007fc200000| Untracked 
|1506|0x00000007fc400000, 0x00000007fc600000, 0x00000007fc600000|100%| O|  |TAMS 0x00000007fc600000| PB 0x00000007fc400000| Untracked 
|1507|0x00000007fc600000, 0x00000007fc800000, 0x00000007fc800000|100%| O|  |TAMS 0x00000007fc800000| PB 0x00000007fc600000| Untracked 
|1508|0x00000007fc800000, 0x00000007fca00000, 0x00000007fca00000|100%| O|  |TAMS 0x00000007fca00000| PB 0x00000007fc800000| Untracked 
|1509|0x00000007fca00000, 0x00000007fcc00000, 0x00000007fcc00000|100%| O|  |TAMS 0x00000007fcc00000| PB 0x00000007fca00000| Untracked 
|1510|0x00000007fcc00000, 0x00000007fce00000, 0x00000007fce00000|100%| O|  |TAMS 0x00000007fce00000| PB 0x00000007fcc00000| Untracked 
|1511|0x00000007fce00000, 0x00000007fd000000, 0x00000007fd000000|100%| O|  |TAMS 0x00000007fd000000| PB 0x00000007fce00000| Untracked 
|1512|0x00000007fd000000, 0x00000007fd200000, 0x00000007fd200000|100%| O|  |TAMS 0x00000007fd200000| PB 0x00000007fd000000| Untracked 
|1513|0x00000007fd200000, 0x00000007fd400000, 0x00000007fd400000|100%| O|  |TAMS 0x00000007fd400000| PB 0x00000007fd200000| Untracked 
|1514|0x00000007fd400000, 0x00000007fd600000, 0x00000007fd600000|100%| O|  |TAMS 0x00000007fd600000| PB 0x00000007fd400000| Untracked 
|1515|0x00000007fd600000, 0x00000007fd800000, 0x00000007fd800000|100%| O|  |TAMS 0x00000007fd800000| PB 0x00000007fd600000| Untracked 
|1516|0x00000007fd800000, 0x00000007fda00000, 0x00000007fda00000|100%| O|  |TAMS 0x00000007fda00000| PB 0x00000007fd800000| Untracked 
|1517|0x00000007fda00000, 0x00000007fdc00000, 0x00000007fdc00000|100%| O|  |TAMS 0x00000007fdc00000| PB 0x00000007fda00000| Untracked 
|1518|0x00000007fdc00000, 0x00000007fde00000, 0x00000007fde00000|100%| O|  |TAMS 0x00000007fde00000| PB 0x00000007fdc00000| Untracked 
|1519|0x00000007fde00000, 0x00000007fe000000, 0x00000007fe000000|100%| O|  |TAMS 0x00000007fe000000| PB 0x00000007fde00000| Untracked 
|1520|0x00000007fe000000, 0x00000007fe200000, 0x00000007fe200000|100%| O|  |TAMS 0x00000007fe200000| PB 0x00000007fe000000| Untracked 
|1521|0x00000007fe200000, 0x00000007fe400000, 0x00000007fe400000|100%| O|  |TAMS 0x00000007fe400000| PB 0x00000007fe200000| Untracked 
|1522|0x00000007fe400000, 0x00000007fe600000, 0x00000007fe600000|100%| O|  |TAMS 0x00000007fe600000| PB 0x00000007fe400000| Untracked 
|1523|0x00000007fe600000, 0x00000007fe800000, 0x00000007fe800000|100%| O|  |TAMS 0x00000007fe800000| PB 0x00000007fe600000| Untracked 
|1524|0x00000007fe800000, 0x00000007fea00000, 0x00000007fea00000|100%| O|  |TAMS 0x00000007fea00000| PB 0x00000007fe800000| Untracked 
|1525|0x00000007fea00000, 0x00000007fec00000, 0x00000007fec00000|100%| E|CS|TAMS 0x00000007fea00000| PB 0x00000007fea00000| Complete 
|1526|0x00000007fec00000, 0x00000007fee00000, 0x00000007fee00000|100%| E|CS|TAMS 0x00000007fec00000| PB 0x00000007fec00000| Complete 
|1527|0x00000007fee00000, 0x00000007ff000000, 0x00000007ff000000|100%| E|CS|TAMS 0x00000007fee00000| PB 0x00000007fee00000| Complete 
|1528|0x00000007ff000000, 0x00000007ff200000, 0x00000007ff200000|100%| E|CS|TAMS 0x00000007ff000000| PB 0x00000007ff000000| Complete 
|1529|0x00000007ff200000, 0x00000007ff400000, 0x00000007ff400000|100%| O|  |TAMS 0x00000007ff400000| PB 0x00000007ff200000| Updating 
|1530|0x00000007ff400000, 0x00000007ff600000, 0x00000007ff600000|100%| E|CS|TAMS 0x00000007ff400000| PB 0x00000007ff400000| Complete 
|1531|0x00000007ff600000, 0x00000007ff800000, 0x00000007ff800000|100%| E|CS|TAMS 0x00000007ff600000| PB 0x00000007ff600000| Complete 
|1532|0x00000007ff800000, 0x00000007ffa00000, 0x00000007ffa00000|100%| E|CS|TAMS 0x00000007ff800000| PB 0x00000007ff800000| Complete 
|1533|0x00000007ffa00000, 0x00000007ffc00000, 0x00000007ffc00000|100%| O|  |TAMS 0x00000007ffc00000| PB 0x00000007ffa00000| Updating 
|1534|0x00000007ffc00000, 0x00000007ffe00000, 0x00000007ffe00000|100%| O|  |TAMS 0x00000007ffe00000| PB 0x00000007ffc00000| Untracked 
|1535|0x00000007ffe00000, 0x0000000800000000, 0x0000000800000000|100%| O|  |TAMS 0x0000000800000000| PB 0x00000007ffe00000| Untracked 

Card table byte_map: [0x00000196bc7d0000,0x00000196bcdd0000] _byte_map_base: 0x00000196b8dd0000

Marking Bits: (CMBitMap*) 0x00000196a9858d70
 Bits: [0x00000196bcdd0000, 0x00000196bfdd0000)

Polling page: 0x00000196a7660000

Metaspace:

Usage:
  Non-class:    359.98 MB used.
      Class:     49.12 MB used.
       Both:    409.11 MB used.

Virtual space:
  Non-class space:      384.00 MB reserved,     361.88 MB ( 94%) committed,  6 nodes.
      Class space:        1.00 GB reserved,      51.06 MB (  5%) committed,  1 nodes.
             Both:        1.38 GB reserved,     412.94 MB ( 29%) committed. 

Chunk freelists:
   Non-Class:  5.86 MB
       Class:  12.95 MB
        Both:  18.81 MB

MaxMetaspaceSize: unlimited
CompressedClassSpaceSize: 1.00 GB
Initial GC threshold: 21.00 MB
Current GC threshold: 687.62 MB
CDS: off
 - commit_granule_bytes: 65536.
 - commit_granule_words: 8192.
 - virtual_space_node_default_size: 8388608.
 - enlarge_chunks_in_place: 1.
 - use_allocation_guard: 0.


Internal statistics:

num_allocs_failed_limit: 9.
num_arena_births: 7964.
num_arena_deaths: 194.
num_vsnodes_births: 7.
num_vsnodes_deaths: 0.
num_space_committed: 6702.
num_space_uncommitted: 51.
num_chunks_returned_to_freelist: 647.
num_chunks_taken_from_freelist: 25931.
num_chunk_merges: 212.
num_chunk_splits: 18176.
num_chunks_enlarged: 12761.
num_inconsistent_stats: 0.

CodeHeap 'non-profiled nmethods': size=119168Kb used=19351Kb max_used=30706Kb free=99816Kb
 bounds [0x00000196b44f0000, 0x00000196b62f0000, 0x00000196bb950000]
CodeHeap 'profiled nmethods': size=119104Kb used=42842Kb max_used=70808Kb free=76261Kb
 bounds [0x00000196ac950000, 0x00000196b0e80000, 0x00000196b3da0000]
CodeHeap 'non-nmethods': size=7488Kb used=4672Kb max_used=4748Kb free=2815Kb
 bounds [0x00000196b3da0000, 0x00000196b4260000, 0x00000196b44f0000]
 total_blobs=18488 nmethods=16992 adapters=1392
 compilation: enabled
              stopped_count=0, restarted_count=0
 full_count=0

Compilation events (20 events):
Event: 287.965 Thread 0x00000196c70c5b90 nmethod 78469 0x00000196ad2a8590 code [0x00000196ad2a8780, 0x00000196ad2a8de8]
Event: 287.965 Thread 0x00000196c70c5b90 78468       1       org.jetbrains.kotlin.fir.resolve.dfa.PropertyStability::getInherentInstability (5 bytes)
Event: 287.965 Thread 0x00000196c70c5b90 nmethod 78468 0x00000196b46ab710 code [0x00000196b46ab8a0, 0x00000196b46ab970]
Event: 287.965 Thread 0x00000196c70c5b90 78470       3       org.jetbrains.kotlin.fir.resolve.calls.candidate.CallInfo::copy (79 bytes)
Event: 287.965 Thread 0x00000196e7396660 nmethod 78466 0x00000196ac9d6110 code [0x00000196ac9d6440, 0x00000196ac9d7688]
Event: 287.965 Thread 0x00000196e7396660 78471       3       org.jetbrains.kotlin.fir.resolve.calls.tower.FirInvokeResolveTowerExtension$enqueueInvokeReceiverTask$invokeReceiverProcessor$1::<init> (26 bytes)
Event: 287.966 Thread 0x00000196e7396660 nmethod 78471 0x00000196ad002d90 code [0x00000196ad002f40, 0x00000196ad0031d8]
Event: 287.966 Thread 0x00000196e7396660 78472       3       org.jetbrains.kotlin.fir.resolve.calls.tower.InvokeReceiverResolveTask::<init> (57 bytes)
Event: 287.966 Thread 0x00000196e739b820 nmethod 78465 0x00000196aca78710 code [0x00000196aca78bc0, 0x00000196aca7b110]
Event: 287.966 Thread 0x00000196e739b820 78473       3       org.jetbrains.kotlin.fir.resolve.calls.tower.FirTowerResolveTask::runResolverForExpressionReceiver$default (40 bytes)
Event: 287.966 Thread 0x00000196e739b150 nmethod 78467 0x00000196acc0d290 code [0x00000196acc0d760, 0x00000196acc0f770]
Event: 287.966 Thread 0x00000196e739b820 nmethod 78473 0x00000196ace5a690 code [0x00000196ace5a860, 0x00000196ace5ab98]
Event: 287.966 Thread 0x00000196e739b820 78475       1       org.jetbrains.kotlin.fir.resolve.dfa.PropertyStability::getCheckModule (5 bytes)
Event: 287.966 Thread 0x00000196e739b150 78474       1       org.jetbrains.kotlin.fir.resolve.dfa.PropertyStability::getCheckReceiver (5 bytes)
Event: 287.966 Thread 0x00000196e739b820 nmethod 78475 0x00000196b46be310 code [0x00000196b46be4a0, 0x00000196b46be570]
Event: 287.966 Thread 0x00000196c70c5b90 nmethod 78470 0x00000196acb8ee10 code [0x00000196acb8f200, 0x00000196acb90b90]
Event: 287.966 Thread 0x00000196e739b820 78476       3       org.jetbrains.kotlin.fir.declarations.DeprecationUtilsKt::hiddenStatusOfCall (145 bytes)
Event: 287.967 Thread 0x00000196e7396660 nmethod 78472 0x00000196acbc0490 code [0x00000196acbc0900, 0x00000196acbc25b0]
Event: 287.967 Thread 0x00000196e739b150 nmethod 78474 0x00000196b46c3d90 code [0x00000196b46c3f20, 0x00000196b46c3ff0]
Event: 287.976 Thread 0x00000196c70c5100 78488       4       org.jetbrains.kotlin.util.OneElementArrayMap::get (17 bytes)

GC Heap History (20 events):
Event: 272.977 GC heap before
{Heap before GC invocations=118 (full 0):
 garbage-first heap   total 1896448K, used 1574912K [0x0000000740000000, 0x0000000800000000)
  region size 2048K, 392 young (802816K), 17 survivors (34816K)
 Metaspace       used 369240K, committed 373120K, reserved 1376256K
  class space    used 44316K, committed 46336K, reserved 1048576K
}
Event: 273.030 GC heap after
{Heap after GC invocations=119 (full 0):
 garbage-first heap   total 1896448K, used 917504K [0x0000000740000000, 0x0000000800000000)
  region size 2048K, 49 young (100352K), 49 survivors (100352K)
 Metaspace       used 369240K, committed 373120K, reserved 1376256K
  class space    used 44316K, committed 46336K, reserved 1048576K
}
Event: 273.332 GC heap before
{Heap before GC invocations=119 (full 0):
 garbage-first heap   total 1896448K, used 1593344K [0x0000000740000000, 0x0000000800000000)
  region size 2048K, 379 young (776192K), 49 survivors (100352K)
 Metaspace       used 370077K, committed 373952K, reserved 1441792K
  class space    used 44457K, committed 46464K, reserved 1048576K
}
Event: 273.368 GC heap after
{Heap after GC invocations=120 (full 0):
 garbage-first heap   total 1896448K, used 912384K [0x0000000740000000, 0x0000000800000000)
  region size 2048K, 7 young (14336K), 7 survivors (14336K)
 Metaspace       used 370077K, committed 373952K, reserved 1441792K
  class space    used 44457K, committed 46464K, reserved 1048576K
}
Event: 273.494 GC heap before
{Heap before GC invocations=120 (full 0):
 garbage-first heap   total 1896448K, used 1620992K [0x0000000740000000, 0x0000000800000000)
  region size 2048K, 354 young (724992K), 7 survivors (14336K)
 Metaspace       used 370082K, committed 373952K, reserved 1441792K
  class space    used 44458K, committed 46464K, reserved 1048576K
}
Event: 273.498 GC heap after
{Heap after GC invocations=121 (full 0):
 garbage-first heap   total 1896448K, used 913707K [0x0000000740000000, 0x0000000800000000)
  region size 2048K, 8 young (16384K), 8 survivors (16384K)
 Metaspace       used 370082K, committed 373952K, reserved 1441792K
  class space    used 44458K, committed 46464K, reserved 1048576K
}
Event: 273.746 GC heap before
{Heap before GC invocations=121 (full 0):
 garbage-first heap   total 1896448K, used 1655083K [0x0000000740000000, 0x0000000800000000)
  region size 2048K, 371 young (759808K), 8 survivors (16384K)
 Metaspace       used 370369K, committed 374272K, reserved 1441792K
  class space    used 44504K, committed 46528K, reserved 1048576K
}
Event: 273.751 GC heap after
{Heap after GC invocations=122 (full 0):
 garbage-first heap   total 1896448K, used 912100K [0x0000000740000000, 0x0000000800000000)
  region size 2048K, 7 young (14336K), 7 survivors (14336K)
 Metaspace       used 370369K, committed 374272K, reserved 1441792K
  class space    used 44504K, committed 46528K, reserved 1048576K
}
Event: 281.463 GC heap before
{Heap before GC invocations=123 (full 0):
 garbage-first heap   total 1896448K, used 1706724K [0x0000000740000000, 0x0000000800000000)
  region size 2048K, 389 young (796672K), 7 survivors (14336K)
 Metaspace       used 388256K, committed 392192K, reserved 1441792K
  class space    used 46553K, committed 48576K, reserved 1048576K
}
Event: 281.496 GC heap after
{Heap after GC invocations=124 (full 0):
 garbage-first heap   total 1896448K, used 1000056K [0x0000000740000000, 0x0000000800000000)
  region size 2048K, 49 young (100352K), 49 survivors (100352K)
 Metaspace       used 388256K, committed 392192K, reserved 1441792K
  class space    used 46553K, committed 48576K, reserved 1048576K
}
Event: 283.386 GC heap before
{Heap before GC invocations=124 (full 0):
 garbage-first heap   total 1896448K, used 1700472K [0x0000000740000000, 0x0000000800000000)
  region size 2048K, 390 young (798720K), 49 survivors (100352K)
 Metaspace       used 401490K, committed 405440K, reserved 1441792K
  class space    used 48427K, committed 50432K, reserved 1048576K
}
Event: 283.438 GC heap after
{Heap after GC invocations=125 (full 0):
 garbage-first heap   total 1910784K, used 1070774K [0x0000000740000000, 0x0000000800000000)
  region size 2048K, 49 young (100352K), 49 survivors (100352K)
 Metaspace       used 401490K, committed 405440K, reserved 1441792K
  class space    used 48427K, committed 50432K, reserved 1048576K
}
Event: 284.122 GC heap before
{Heap before GC invocations=125 (full 0):
 garbage-first heap   total 1910784K, used 1472182K [0x0000000740000000, 0x0000000800000000)
  region size 2048K, 246 young (503808K), 49 survivors (100352K)
 Metaspace       used 407079K, committed 411136K, reserved 1441792K
  class space    used 49088K, committed 51136K, reserved 1048576K
}
Event: 284.159 GC heap after
{Heap after GC invocations=126 (full 0):
 garbage-first heap   total 1910784K, used 1123328K [0x0000000740000000, 0x0000000800000000)
  region size 2048K, 27 young (55296K), 27 survivors (55296K)
 Metaspace       used 407079K, committed 411136K, reserved 1441792K
  class space    used 49088K, committed 51136K, reserved 1048576K
}
Event: 285.195 GC heap before
{Heap before GC invocations=127 (full 0):
 garbage-first heap   total 1910784K, used 1731584K [0x0000000740000000, 0x0000000800000000)
  region size 2048K, 320 young (655360K), 27 survivors (55296K)
 Metaspace       used 411417K, committed 415424K, reserved 1441792K
  class space    used 49685K, committed 51712K, reserved 1048576K
}
Event: 285.231 GC heap after
{Heap after GC invocations=128 (full 0):
 garbage-first heap   total 1910784K, used 1215488K [0x0000000740000000, 0x0000000800000000)
  region size 2048K, 40 young (81920K), 40 survivors (81920K)
 Metaspace       used 411417K, committed 415424K, reserved 1441792K
  class space    used 49685K, committed 51712K, reserved 1048576K
}
Event: 285.824 GC heap before
{Heap before GC invocations=128 (full 0):
 garbage-first heap   total 1910784K, used 1729536K [0x0000000740000000, 0x0000000800000000)
  region size 2048K, 291 young (595968K), 40 survivors (81920K)
 Metaspace       used 413214K, committed 417216K, reserved 1441792K
  class space    used 49890K, committed 51904K, reserved 1048576K
}
Event: 285.869 GC heap after
{Heap after GC invocations=129 (full 0):
 garbage-first heap   total 1910784K, used 1267712K [0x0000000740000000, 0x0000000800000000)
  region size 2048K, 35 young (71680K), 35 survivors (71680K)
 Metaspace       used 413214K, committed 417216K, reserved 1441792K
  class space    used 49890K, committed 51904K, reserved 1048576K
}
Event: 286.988 GC heap before
{Heap before GC invocations=129 (full 0):
 garbage-first heap   total 1910784K, used 1738752K [0x0000000740000000, 0x0000000800000000)
  region size 2048K, 266 young (544768K), 35 survivors (71680K)
 Metaspace       used 416849K, committed 420800K, reserved 1441792K
  class space    used 50222K, committed 52224K, reserved 1048576K
}
Event: 287.023 GC heap after
{Heap after GC invocations=130 (full 0):
 garbage-first heap   total 1910784K, used 1314816K [0x0000000740000000, 0x0000000800000000)
  region size 2048K, 25 young (51200K), 25 survivors (51200K)
 Metaspace       used 416849K, committed 420800K, reserved 1441792K
  class space    used 50222K, committed 52224K, reserved 1048576K
}

Dll operation events (4 events):
Event: 0.009 Loaded shared library C:\Program Files\Android\Android Studio\jbr\bin\java.dll
Event: 0.013 Loaded shared library C:\Program Files\Android\Android Studio\jbr\bin\zip.dll
Event: 0.381 Loaded shared library C:\Program Files\Android\Android Studio\jbr\bin\verify.dll
Event: 255.461 Unloaded dll "C:\Users\orili\AppData\Local\Temp\sqlite-3.41.2.2-65476ae1-b469-4525-85d9-13dcf5d80ac1-sqlitejdbc.dll" [0x00007ff923050000]

Deoptimization events (20 events):
Event: 287.900 Thread 0x00000196e873f080 Uncommon trap: reason=class_check action=maybe_recompile pc=0x00000196b488f990 method=com.android.tools.r8.graph.j8.a(Lcom/android/tools/r8/graph/b8$i;Lcom/android/tools/r8/graph/g8$a;)Lcom/android/tools/r8/graph/l8$a; @ 60 c2
Event: 287.900 Thread 0x00000196e873f080 DEOPT PACKING pc=0x00000196b488f990 sp=0x000000010b9fdb00
Event: 287.901 Thread 0x00000196e873f080 DEOPT UNPACKING pc=0x00000196b3df46a2 sp=0x000000010b9fda98 mode 2
Event: 287.921 Thread 0x00000196e873f080 Uncommon trap: trap_request=0xffffff76 fr.pc=0x00000196b4b80758 relative=0x0000000000001438
Event: 287.921 Thread 0x00000196e873f080 Uncommon trap: reason=predicate action=maybe_recompile pc=0x00000196b4b80758 method=com.android.tools.r8.graph.j8.a(Ljava/util/List;Lcom/android/tools/r8/graph/g8$a;)Lcom/android/tools/r8/graph/l8$a; @ 63 c2
Event: 287.921 Thread 0x00000196e873f080 DEOPT PACKING pc=0x00000196b4b80758 sp=0x000000010b9fdcc0
Event: 287.921 Thread 0x00000196e873f080 DEOPT UNPACKING pc=0x00000196b3df46a2 sp=0x000000010b9fdaf8 mode 2
Event: 287.942 Thread 0x00000196e1f90770 Uncommon trap: trap_request=0xffffffc6 fr.pc=0x00000196b4d0553c relative=0x000000000000035c
Event: 287.942 Thread 0x00000196e1f90770 Uncommon trap: reason=bimorphic_or_optimized_type_check action=maybe_recompile pc=0x00000196b4d0553c method=com.intellij.psi.PsiType.annotate(Lcom/intellij/psi/TypeAnnotationProvider;)Lcom/intellij/psi/PsiType; @ 27 c2
Event: 287.942 Thread 0x00000196e1f90770 DEOPT PACKING pc=0x00000196b4d0553c sp=0x000000010cafc4f0
Event: 287.942 Thread 0x00000196e1f90770 DEOPT UNPACKING pc=0x00000196b3df46a2 sp=0x000000010cafc4a8 mode 2
Event: 287.942 Thread 0x00000196e1f90770 Uncommon trap: trap_request=0xffffffc6 fr.pc=0x00000196b4d0553c relative=0x000000000000035c
Event: 287.942 Thread 0x00000196e1f90770 Uncommon trap: reason=bimorphic_or_optimized_type_check action=maybe_recompile pc=0x00000196b4d0553c method=com.intellij.psi.PsiType.annotate(Lcom/intellij/psi/TypeAnnotationProvider;)Lcom/intellij/psi/PsiType; @ 27 c2
Event: 287.942 Thread 0x00000196e1f90770 DEOPT PACKING pc=0x00000196b4d0553c sp=0x000000010cafc4f0
Event: 287.942 Thread 0x00000196e1f90770 DEOPT UNPACKING pc=0x00000196b3df46a2 sp=0x000000010cafc4a8 mode 2
Event: 287.960 Thread 0x00000196e873f080 Uncommon trap: trap_request=0xffffff45 fr.pc=0x00000196b4e071d0 relative=0x0000000000001110
Event: 287.960 Thread 0x00000196e873f080 Uncommon trap: reason=unstable_if action=reinterpret pc=0x00000196b4e071d0 method=com.android.tools.r8.graph.j8.a(Ljava/util/List;Lcom/android/tools/r8/graph/j6;Lcom/android/tools/r8/graph/g8$a;)Lcom/android/tools/r8/graph/l8$a; @ 123 c2
Event: 287.960 Thread 0x00000196e873f080 DEOPT PACKING pc=0x00000196b4e071d0 sp=0x000000010b9fdaf0
Event: 287.960 Thread 0x00000196e873f080 DEOPT UNPACKING pc=0x00000196b3df46a2 sp=0x000000010b9fdaf8 mode 2
Event: 287.967 Thread 0x00000196e873f080 Uncommon trap: trap_request=0xffffff76 fr.pc=0x00000196b48f1988 relative=0x00000000000006e8

Classes loaded (20 events):
Event: 257.453 Loading class java/awt/TrayIcon
Event: 257.455 Loading class java/awt/TrayIcon done
Event: 258.069 Loading class java/nio/file/attribute/UserPrincipalLookupService
Event: 258.069 Loading class java/nio/file/attribute/UserPrincipalLookupService done
Event: 258.514 Loading class java/nio/file/FileSystemLoopException
Event: 258.514 Loading class java/nio/file/FileSystemLoopException done
Event: 258.629 Loading class java/util/concurrent/ForkJoinTask$AdaptedInterruptibleCallable
Event: 258.629 Loading class java/util/concurrent/ForkJoinTask$InterruptibleTask
Event: 258.629 Loading class java/util/concurrent/ForkJoinTask$InterruptibleTask done
Event: 258.629 Loading class java/util/concurrent/ForkJoinTask$AdaptedInterruptibleCallable done
Event: 258.650 Loading class java/util/concurrent/CountedCompleter
Event: 258.650 Loading class java/util/concurrent/CountedCompleter done
Event: 264.382 Loading class java/util/jar/JarInputStream
Event: 264.382 Loading class java/util/jar/JarInputStream done
Event: 282.115 Loading class java/util/AbstractList$RandomAccessSpliterator
Event: 282.115 Loading class java/util/AbstractList$RandomAccessSpliterator done
Event: 287.084 Loading class java/util/IdentityHashMap$EntryIterator
Event: 287.084 Loading class java/util/IdentityHashMap$EntryIterator done
Event: 287.086 Loading class java/util/IdentityHashMap$EntryIterator$Entry
Event: 287.086 Loading class java/util/IdentityHashMap$EntryIterator$Entry done

Classes unloaded (20 events):
Event: 287.638 Thread 0x00000196c703fec0 Unloading class 0x00000008030b8800 'java/lang/invoke/LambdaForm$DMH+0x00000008030b8800'
Event: 287.638 Thread 0x00000196c703fec0 Unloading class 0x00000008030b8c00 'java/lang/invoke/LambdaForm$DMH+0x00000008030b8c00'
Event: 287.638 Thread 0x00000196c703fec0 Unloading class 0x00000008030b8400 'java/lang/invoke/LambdaForm$DMH+0x00000008030b8400'
Event: 287.638 Thread 0x00000196c703fec0 Unloading class 0x00000008030b8000 'java/lang/invoke/LambdaForm$DMH+0x00000008030b8000'
Event: 287.638 Thread 0x00000196c703fec0 Unloading class 0x00000008030b3c00 'java/lang/invoke/LambdaForm$DMH+0x00000008030b3c00'
Event: 287.638 Thread 0x00000196c703fec0 Unloading class 0x00000008030b3400 'java/lang/invoke/LambdaForm$DMH+0x00000008030b3400'
Event: 287.638 Thread 0x00000196c703fec0 Unloading class 0x00000008030b3000 'java/lang/invoke/LambdaForm$DMH+0x00000008030b3000'
Event: 287.638 Thread 0x00000196c703fec0 Unloading class 0x00000008030b3800 'java/lang/invoke/LambdaForm$DMH+0x00000008030b3800'
Event: 287.638 Thread 0x00000196c703fec0 Unloading class 0x00000008030b2c00 'java/lang/invoke/LambdaForm$DMH+0x00000008030b2c00'
Event: 287.638 Thread 0x00000196c703fec0 Unloading class 0x00000008030b2800 'java/lang/invoke/LambdaForm$DMH+0x00000008030b2800'
Event: 287.638 Thread 0x00000196c703fec0 Unloading class 0x00000008030b2000 'java/lang/invoke/LambdaForm$DMH+0x00000008030b2000'
Event: 287.638 Thread 0x00000196c703fec0 Unloading class 0x00000008030b1800 'java/lang/invoke/LambdaForm$DMH+0x00000008030b1800'
Event: 287.638 Thread 0x00000196c703fec0 Unloading class 0x00000008030b1400 'java/lang/invoke/LambdaForm$DMH+0x00000008030b1400'
Event: 287.638 Thread 0x00000196c703fec0 Unloading class 0x00000008030b1000 'java/lang/invoke/LambdaForm$DMH+0x00000008030b1000'
Event: 287.638 Thread 0x00000196c703fec0 Unloading class 0x00000008030a8400 'java/lang/invoke/LambdaForm$DMH+0x00000008030a8400'
Event: 287.638 Thread 0x00000196c703fec0 Unloading class 0x00000008030b0400 'java/lang/invoke/LambdaForm$DMH+0x00000008030b0400'
Event: 287.638 Thread 0x00000196c703fec0 Unloading class 0x00000008030b0c00 'java/lang/invoke/LambdaForm$DMH+0x00000008030b0c00'
Event: 287.638 Thread 0x00000196c703fec0 Unloading class 0x00000008030a8800 'java/lang/invoke/LambdaForm$DMH+0x00000008030a8800'
Event: 287.638 Thread 0x00000196c703fec0 Unloading class 0x00000008030b0000 'java/lang/invoke/LambdaForm$DMH+0x00000008030b0000'
Event: 287.638 Thread 0x00000196c703fec0 Unloading class 0x00000008030a8c00 'java/lang/invoke/LambdaForm$DMH+0x00000008030a8c00'

Classes redefined (0 events):
No events

Internal exceptions (20 events):
Event: 282.380 Thread 0x00000196eb8198c0 Exception <a 'java/lang/NoSuchMethodError'{0x00000007a6aeaa10}: 'java.lang.Object java.lang.invoke.DirectMethodHandle$Holder.newInvokeSpecial(java.lang.Object, int, java.lang.Object, int, java.lang.Object)'> (0x00000007a6aeaa10) 
thrown [s\src\hotspot\share\interpreter\linkResolver.cpp, line 784]
Event: 282.386 Thread 0x00000196df3018c0 Exception <a 'java/lang/NoSuchMethodError'{0x00000007ff785be0}: 'void java.lang.invoke.DirectMethodHandle$Holder.invokeSpecial(java.lang.Object, java.lang.Object, java.lang.Object, java.lang.Object, java.lang.Object, java.lang.Object, java.lang.Object, java.lang.Object, java.lang.Object)'> (0x00000007ff785be0) 
thrown [s\src\hotspot\share\interpreter\linkResolver.cpp, line 784]
Event: 282.394 Thread 0x00000196eb8198c0 Exception <a 'java/lang/IncompatibleClassChangeError'{0x00000007a6b1be98}: Found class java.lang.Object, but interface was expected> (0x00000007a6b1be98) 
thrown [s\src\hotspot\share\interpreter\linkResolver.cpp, line 851]
Event: 282.448 Thread 0x00000196e1f90770 Implicit null exception at 0x00000196b5289a01 to 0x00000196b5289cd4
Event: 282.742 Thread 0x00000196e1f90770 Exception <a 'java/lang/IncompatibleClassChangeError'{0x0000000799b9cb40}: Found class java.lang.Object, but interface was expected> (0x0000000799b9cb40) 
thrown [s\src\hotspot\share\interpreter\linkResolver.cpp, line 851]
Event: 283.000 Thread 0x00000196e1f90770 Implicit null exception at 0x00000196b4a5b99d to 0x00000196b4a5be40
Event: 283.983 Thread 0x00000196e1f90770 Implicit null exception at 0x00000196b5706778 to 0x00000196b570684e
Event: 284.059 Thread 0x00000196e1f90770 Exception <a 'java/lang/NoSuchMethodError'{0x0000000797f239b8}: 'java.lang.Object java.lang.invoke.DirectMethodHandle$Holder.invokeStatic(java.lang.Object, int, java.lang.Object, int)'> (0x0000000797f239b8) 
thrown [s\src\hotspot\share\interpreter\linkResolver.cpp, line 784]
Event: 284.120 Thread 0x00000196e873f080 Implicit null exception at 0x00000196b5225500 to 0x00000196b5225d94
Event: 284.531 Thread 0x00000196e1f90770 Exception <a 'java/lang/NoSuchMethodError'{0x00000007a1fb0fb0}: 'java.lang.Object java.lang.invoke.DirectMethodHandle$Holder.invokeStatic(java.lang.Object, java.lang.Object, java.lang.Object, int, java.lang.Object, java.lang.Object)'> (0x00000007a1fb0fb0) 
thrown [s\src\hotspot\share\interpreter\linkResolver.cpp, line 784]
Event: 284.557 Thread 0x00000196df3018c0 Implicit null exception at 0x00000196b5342e7c to 0x00000196b534311c
Event: 284.557 Thread 0x00000196de870f80 Implicit null exception at 0x00000196b485b30c to 0x00000196b485b4c4
Event: 284.772 Thread 0x00000196e1f90770 Exception <a 'java/lang/NoSuchMethodError'{0x000000079c90c3e8}: 'int java.lang.invoke.DirectMethodHandle$Holder.invokeStatic(java.lang.Object, java.lang.Object, java.lang.Object, java.lang.Object, java.lang.Object, int, java.lang.Object)'> (0x000000079c90c3e8) 
thrown [s\src\hotspot\share\interpreter\linkResolver.cpp, line 784]
Event: 285.013 Thread 0x00000196e1f90770 Exception <a 'java/lang/NoSuchMethodError'{0x000000078ea8ec08}: 'java.lang.Object java.lang.invoke.DirectMethodHandle$Holder.invokeStatic(java.lang.Object, int, java.lang.Object, java.lang.Object, java.lang.Object, java.lang.Object, java.lang.Object)'> (0x000000078ea8ec08) 
thrown [s\src\hotspot\share\interpreter\linkResolver.cpp, line 784]
Event: 285.014 Thread 0x00000196e1f90770 Exception <a 'java/lang/NoSuchMethodError'{0x000000078ea980e8}: 'java.lang.Object java.lang.invoke.DirectMethodHandle$Holder.newInvokeSpecial(java.lang.Object, int, java.lang.Object, java.lang.Object, java.lang.Object)'> (0x000000078ea980e8) 
thrown [s\src\hotspot\share\interpreter\linkResolver.cpp, line 784]
Event: 285.123 Thread 0x00000196e1f90770 Implicit null exception at 0x00000196b5b818f8 to 0x00000196b5b819ce
Event: 286.775 Thread 0x00000196e1f90770 Implicit null exception at 0x00000196b49b22f8 to 0x00000196b49b23ce
Event: 286.866 Thread 0x00000196e873f080 Exception <a 'java/lang/ClassCastException'{0x0000000792b6aa58}: class kotlin.reflect.jvm.internal.ReflectionFactoryImpl cannot be cast to class com.android.tools.r8.internal.rc3 (kotlin.reflect.jvm.internal.ReflectionFactoryImpl is in unnamed module of loader org.gradle.internal.classloader.VisitableURLClassLoader @86be70a; com.android.tools.r8.internal.rc3 is in unnamed module of loader org.gradle.internal.classloader.VisitableURLClassLoader$InstrumentingVisitableURLClassLoader @62500b70)> (0x0000000792b
Event: 287.308 Thread 0x00000196e873f080 Exception <a 'java/lang/IncompatibleClassChangeError'{0x00000007abed40c8}: Found class java.lang.Object, but interface was expected> (0x00000007abed40c8) 
thrown [s\src\hotspot\share\interpreter\linkResolver.cpp, line 851]
Event: 287.504 Thread 0x00000196e873f080 Exception <a 'java/lang/IncompatibleClassChangeError'{0x00000007ab208928}: Found class java.lang.Object, but interface was expected> (0x00000007ab208928) 
thrown [s\src\hotspot\share\interpreter\linkResolver.cpp, line 851]

ZGC Phase Switch (0 events):
No events

VM Operations (20 events):
Event: 287.191 Executing VM operation: ICBufferFull
Event: 287.192 Executing VM operation: ICBufferFull done
Event: 287.251 Executing VM operation: HandshakeAllThreads (Deoptimize)
Event: 287.252 Executing VM operation: HandshakeAllThreads (Deoptimize) done
Event: 287.283 Executing VM operation: ICBufferFull
Event: 287.283 Executing VM operation: ICBufferFull done
Event: 287.401 Executing VM operation: ICBufferFull
Event: 287.401 Executing VM operation: ICBufferFull done
Event: 287.416 Executing VM operation: HandshakeAllThreads (Deoptimize)
Event: 287.416 Executing VM operation: HandshakeAllThreads (Deoptimize) done
Event: 287.420 Executing VM operation: HandshakeAllThreads (Deoptimize)
Event: 287.420 Executing VM operation: HandshakeAllThreads (Deoptimize) done
Event: 287.536 Executing VM operation: ICBufferFull
Event: 287.536 Executing VM operation: ICBufferFull done
Event: 287.637 Executing VM operation: G1PauseRemark
Event: 287.703 Executing VM operation: G1PauseRemark done
Event: 287.837 Executing VM operation: HandshakeAllThreads (Deoptimize)
Event: 287.837 Executing VM operation: HandshakeAllThreads (Deoptimize) done
Event: 287.876 Executing VM operation: ICBufferFull
Event: 287.876 Executing VM operation: ICBufferFull done

Memory protections (0 events):
No events

Nmethod flushes (20 events):
Event: 287.663 Thread 0x00000196c703fec0 flushing  nmethod 0x00000196b05f2310
Event: 287.663 Thread 0x00000196c703fec0 flushing  nmethod 0x00000196b05f2790
Event: 287.663 Thread 0x00000196c703fec0 flushing  nmethod 0x00000196b05f2b10
Event: 287.663 Thread 0x00000196c703fec0 flushing  nmethod 0x00000196b05f3e90
Event: 287.663 Thread 0x00000196c703fec0 flushing  nmethod 0x00000196b0774610
Event: 287.663 Thread 0x00000196c703fec0 flushing  nmethod 0x00000196b0774c90
Event: 287.663 Thread 0x00000196c703fec0 flushing  nmethod 0x00000196b087d610
Event: 287.663 Thread 0x00000196c703fec0 flushing  nmethod 0x00000196b0884c90
Event: 287.663 Thread 0x00000196c703fec0 flushing  nmethod 0x00000196b0912190
Event: 287.663 Thread 0x00000196c703fec0 flushing  nmethod 0x00000196b0912810
Event: 287.663 Thread 0x00000196c703fec0 flushing  nmethod 0x00000196b0912d90
Event: 287.663 Thread 0x00000196c703fec0 flushing  nmethod 0x00000196b0a16490
Event: 287.663 Thread 0x00000196c703fec0 flushing  nmethod 0x00000196b0a17410
Event: 287.663 Thread 0x00000196c703fec0 flushing  nmethod 0x00000196b0a18710
Event: 287.663 Thread 0x00000196c703fec0 flushing  nmethod 0x00000196b0a19690
Event: 287.663 Thread 0x00000196c703fec0 flushing  nmethod 0x00000196b0a1a610
Event: 287.663 Thread 0x00000196c703fec0 flushing  nmethod 0x00000196b0a1b590
Event: 287.663 Thread 0x00000196c703fec0 flushing  nmethod 0x00000196b0a1cc90
Event: 287.663 Thread 0x00000196c703fec0 flushing  nmethod 0x00000196b0a1dc10
Event: 287.663 Thread 0x00000196c703fec0 flushing  nmethod 0x00000196b0b54010

Events (20 events):
Event: 279.817 Thread 0x00000196e739bef0 Thread added: 0x00000196e739d360
Event: 279.938 Thread 0x00000196e1f90770 Thread added: 0x00000196e1ac4410
Event: 281.906 Thread 0x00000196e739d360 Thread exited: 0x00000196e739d360
Event: 281.908 Thread 0x00000196e739c5c0 Thread exited: 0x00000196e739c5c0
Event: 281.908 Thread 0x00000196e7398870 Thread exited: 0x00000196e7398870
Event: 281.908 Thread 0x00000196e739bef0 Thread exited: 0x00000196e739bef0
Event: 281.908 Thread 0x00000196e739aa80 Thread exited: 0x00000196e739aa80
Event: 281.917 Thread 0x00000196e7397ad0 Thread exited: 0x00000196e7397ad0
Event: 281.944 Thread 0x00000196e73981a0 Thread exited: 0x00000196e73981a0
Event: 282.007 Thread 0x00000196e7396660 Thread added: 0x00000196d8845fc0
Event: 282.095 Thread 0x00000196e7396660 Thread added: 0x00000196e739aa80
Event: 282.100 Thread 0x00000196e739b820 Thread added: 0x00000196e7397ad0
Event: 282.197 Thread 0x00000196c70c5100 Thread added: 0x00000196e739bef0
Event: 282.298 Thread 0x00000196e7396660 Thread added: 0x00000196e739c5c0
Event: 282.304 Thread 0x00000196c70c5b90 Thread added: 0x00000196e739d360
Event: 282.822 Thread 0x00000196e1ac4410 Thread added: 0x00000196d87e4a40
Event: 283.291 Thread 0x00000196e739d360 Thread exited: 0x00000196e739d360
Event: 284.267 Thread 0x00000196e7396660 Thread added: 0x00000196df821780
Event: 285.409 Thread 0x00000196df821780 Thread exited: 0x00000196df821780
Event: 287.729 Thread 0x00000196e739c5c0 Thread exited: 0x00000196e739c5c0


Dynamic libraries:
0x00007ff71fcd0000 - 0x00007ff71fcda000 	C:\Program Files\Android\Android Studio\jbr\bin\java.exe
0x00007ff971700000 - 0x00007ff971967000 	C:\WINDOWS\SYSTEM32\ntdll.dll
0x00007ff970460000 - 0x00007ff97052b000 	C:\WINDOWS\System32\KERNEL32.DLL
0x00007ff96ea90000 - 0x00007ff96ee92000 	C:\WINDOWS\System32\KERNELBASE.dll
0x00007ff96efe0000 - 0x00007ff96f12c000 	C:\WINDOWS\System32\ucrtbase.dll
0x00007ff955710000 - 0x00007ff955728000 	C:\Program Files\Android\Android Studio\jbr\bin\jli.dll
0x00007ff952220000 - 0x00007ff95223b000 	C:\Program Files\Android\Android Studio\jbr\bin\VCRUNTIME140.dll
0x00007ff970280000 - 0x00007ff97044f000 	C:\WINDOWS\System32\USER32.dll
0x00007ff96f200000 - 0x00007ff96f227000 	C:\WINDOWS\System32\win32u.dll
0x00007ff951b10000 - 0x00007ff951da0000 	C:\WINDOWS\WinSxS\amd64_microsoft.windows.common-controls_6595b64144ccf1df_6.0.26100.9278_none_3e0d1ba8e3303201\COMCTL32.dll
0x00007ff96fd60000 - 0x00007ff96fd8b000 	C:\WINDOWS\System32\GDI32.dll
0x00007ff970dd0000 - 0x00007ff970e79000 	C:\WINDOWS\System32\msvcrt.dll
0x00007ff96f2f0000 - 0x00007ff96f419000 	C:\WINDOWS\System32\gdi32full.dll
0x00007ff96eea0000 - 0x00007ff96ef43000 	C:\WINDOWS\System32\msvcp_win.dll
0x00007ff96fc50000 - 0x00007ff96fc81000 	C:\WINDOWS\System32\IMM32.DLL
0x00007ff95a180000 - 0x00007ff95a18c000 	C:\Program Files\Android\Android Studio\jbr\bin\vcruntime140_1.dll
0x00007ff922bc0000 - 0x00007ff922c4d000 	C:\Program Files\Android\Android Studio\jbr\bin\msvcp140.dll
0x00007ff864ad0000 - 0x00007ff86575b000 	C:\Program Files\Android\Android Studio\jbr\bin\server\jvm.dll
0x00007ff96fc90000 - 0x00007ff96fd4c000 	C:\WINDOWS\System32\ADVAPI32.dll
0x00007ff971060000 - 0x00007ff971109000 	C:\WINDOWS\System32\sechost.dll
0x00007ff970cb0000 - 0x00007ff970dc8000 	C:\WINDOWS\System32\RPCRT4.dll
0x00007ff96f420000 - 0x00007ff96f4a0000 	C:\WINDOWS\System32\WS2_32.dll
0x00007ff96e5a0000 - 0x00007ff96e5fe000 	C:\WINDOWS\SYSTEM32\POWRPROF.dll
0x00007ff9672f0000 - 0x00007ff9672fb000 	C:\WINDOWS\SYSTEM32\VERSION.dll
0x00007ff95cf50000 - 0x00007ff95cf86000 	C:\WINDOWS\SYSTEM32\WINMM.dll
0x00007ff96e580000 - 0x00007ff96e595000 	C:\WINDOWS\SYSTEM32\UMPDC.dll
0x00007ff96d5d0000 - 0x00007ff96d5eb000 	C:\WINDOWS\SYSTEM32\kernel.appcore.dll
0x00007ff958350000 - 0x00007ff95835a000 	C:\Program Files\Android\Android Studio\jbr\bin\jimage.dll
0x00007ff96bd20000 - 0x00007ff96bf6c000 	C:\WINDOWS\SYSTEM32\DBGHELP.DLL
0x00007ff971110000 - 0x00007ff971495000 	C:\WINDOWS\System32\combase.dll
0x00007ff9705f0000 - 0x00007ff9706c9000 	C:\WINDOWS\System32\OLEAUT32.dll
0x00007ff949530000 - 0x00007ff94956b000 	C:\WINDOWS\SYSTEM32\dbgcore.DLL
0x00007ff96f230000 - 0x00007ff96f2dc000 	C:\WINDOWS\System32\bcryptPrimitives.dll
0x00007ff94f6d0000 - 0x00007ff94f6de000 	C:\Program Files\Android\Android Studio\jbr\bin\instrument.dll
0x00007ff952200000 - 0x00007ff952220000 	C:\Program Files\Android\Android Studio\jbr\bin\java.dll
0x00007ff9521e0000 - 0x00007ff9521f8000 	C:\Program Files\Android\Android Studio\jbr\bin\zip.dll
0x00007ff96f4b0000 - 0x00007ff96fc48000 	C:\WINDOWS\System32\SHELL32.dll
0x00007ff96c340000 - 0x00007ff96cbee000 	C:\WINDOWS\SYSTEM32\windows.storage.dll
0x00007ff9715c0000 - 0x00007ff9716bb000 	C:\WINDOWS\System32\SHCORE.dll
0x00007ff970550000 - 0x00007ff9705b6000 	C:\WINDOWS\System32\shlwapi.dll
0x00007ff96e820000 - 0x00007ff96e849000 	C:\WINDOWS\SYSTEM32\profapi.dll
0x00007ff9529a0000 - 0x00007ff9529b0000 	C:\Program Files\Android\Android Studio\jbr\bin\net.dll
0x00007ff9676b0000 - 0x00007ff9677da000 	C:\WINDOWS\SYSTEM32\WINHTTP.dll
0x00007ff96db90000 - 0x00007ff96dbfc000 	C:\WINDOWS\system32\mswsock.dll
0x00007ff94f6f0000 - 0x00007ff94f706000 	C:\Program Files\Android\Android Studio\jbr\bin\nio.dll
0x00007ff9522f0000 - 0x00007ff952300000 	C:\Program Files\Android\Android Studio\jbr\bin\verify.dll
0x00007ff8cc2b0000 - 0x00007ff8cc2d7000 	C:\Users\orili\.gradle\native\1def1411415f61bf3af743bc5b6707747c0891f09f0c88961ee8f79bc544acac\windows-amd64\native-platform.dll
0x00007ff92da40000 - 0x00007ff92dab8000 	C:\Users\orili\.gradle\native\0.2.7\x86_64-windows-gnu\gradle-fileevents.dll
0x00007ff9521d0000 - 0x00007ff9521d9000 	C:\Program Files\Android\Android Studio\jbr\bin\management.dll
0x00007ff951a20000 - 0x00007ff951a2b000 	C:\Program Files\Android\Android Studio\jbr\bin\management_ext.dll
0x00007ff970a60000 - 0x00007ff970a68000 	C:\WINDOWS\System32\PSAPI.DLL
0x00007ff96d030000 - 0x00007ff96d063000 	C:\WINDOWS\SYSTEM32\IPHLPAPI.DLL
0x00007ff970750000 - 0x00007ff97075a000 	C:\WINDOWS\System32\NSI.dll
0x00007ff94f6e0000 - 0x00007ff94f6e9000 	C:\Program Files\Android\Android Studio\jbr\bin\extnet.dll
0x00007ff96de80000 - 0x00007ff96de9b000 	C:\WINDOWS\SYSTEM32\CRYPTSP.dll
0x00007ff96d530000 - 0x00007ff96d569000 	C:\WINDOWS\system32\rsaenh.dll
0x00007ff96dc40000 - 0x00007ff96dc74000 	C:\WINDOWS\SYSTEM32\USERENV.dll
0x00007ff96e7f0000 - 0x00007ff96e81a000 	C:\WINDOWS\SYSTEM32\bcrypt.dll
0x00007ff96dea0000 - 0x00007ff96deac000 	C:\WINDOWS\SYSTEM32\CRYPTBASE.dll
0x00007ff942230000 - 0x00007ff942238000 	C:\WINDOWS\system32\wshunix.dll
0x00007ff96d070000 - 0x00007ff96d1c8000 	C:\WINDOWS\SYSTEM32\DNSAPI.dll
0x00007ff96d920000 - 0x00007ff96d92d000 	C:\WINDOWS\SYSTEM32\DSPARSE.dll
0x00007ff9672d0000 - 0x00007ff9672db000 	C:\Windows\System32\rasadhlp.dll
0x00007ff967990000 - 0x00007ff967a16000 	C:\WINDOWS\System32\fwpuclnt.dll
0x00007ff96d700000 - 0x00007ff96d736000 	C:\WINDOWS\SYSTEM32\ntmarta.dll
0x00007ff946340000 - 0x00007ff946358000 	C:\WINDOWS\system32\napinsp.dll
0x00007ff946320000 - 0x00007ff946333000 	C:\WINDOWS\System32\winrnr.dll
0x00007ff945770000 - 0x00007ff945797000 	C:\WINDOWS\system32\nlansp_c.dll
0x00007ff961dc0000 - 0x00007ff961dd6000 	C:\WINDOWS\system32\wshbth.dll
0x00007ff95afe0000 - 0x00007ff95afe7000 	C:\Program Files\Android\Android Studio\jbr\bin\rmi.dll
0x00007ff96b220000 - 0x00007ff96b2bf000 	C:\WINDOWS\system32\apphelp.dll
0x00007ff90f970000 - 0x00007ff90fb08000 	C:\Program Files\Android\Android Studio\jbr\bin\awt.dll
0x00007ff96b6e0000 - 0x00007ff96b70f000 	C:\WINDOWS\SYSTEM32\dwmapi.dll
0x00007ff9359c0000 - 0x00007ff935a04000 	C:\Program Files\Android\Android Studio\jbr\bin\nvdaControllerClient64.dll
0x00007ff96b470000 - 0x00007ff96b518000 	C:\WINDOWS\system32\uxtheme.dll
0x00007ff970900000 - 0x00007ff970a5b000 	C:\WINDOWS\System32\MSCTF.dll
0x00007ff970760000 - 0x00007ff9708fa000 	C:\WINDOWS\System32\ole32.dll

dbghelp: loaded successfully - version: 4.0.5 - missing functions: none
symbol engine: initialized successfully - sym options: 0x614 - pdb path: .;C:\Program Files\Android\Android Studio\jbr\bin;C:\WINDOWS\SYSTEM32;C:\WINDOWS\WinSxS\amd64_microsoft.windows.common-controls_6595b64144ccf1df_6.0.26100.9278_none_3e0d1ba8e3303201;C:\Program Files\Android\Android Studio\jbr\bin\server;C:\Users\orili\.gradle\native\1def1411415f61bf3af743bc5b6707747c0891f09f0c88961ee8f79bc544acac\windows-amd64;C:\Users\orili\.gradle\native\0.2.7\x86_64-windows-gnu;C:\Users\orili\AppData\Local\Temp

VM Arguments:
jvm_args: --add-opens=java.base/java.lang=ALL-UNNAMED --add-opens=java.base/java.lang.invoke=ALL-UNNAMED --add-opens=java.base/java.util=ALL-UNNAMED --add-opens=java.prefs/java.util.prefs=ALL-UNNAMED --add-exports=jdk.compiler/com.sun.tools.javac.api=ALL-UNNAMED --add-exports=jdk.compiler/com.sun.tools.javac.util=ALL-UNNAMED --add-opens=java.base/java.util=ALL-UNNAMED --add-opens=java.prefs/java.util.prefs=ALL-UNNAMED --add-opens=java.base/java.nio.charset=ALL-UNNAMED --add-opens=java.base/java.net=ALL-UNNAMED --add-opens=java.base/java.util.concurrent.atomic=ALL-UNNAMED --add-opens=java.xml/javax.xml.namespace=ALL-UNNAMED -Xmx3072m -Dfile.encoding=UTF-8 -Duser.country=US -Duser.language=en -Duser.variant -javaagent:C:\Users\orili\.gradle\wrapper\dists\gradle-8.14-all\c2qonpi39x1mddn7hk5gh9iqj\gradle-8.14\lib\agents\gradle-instrumentation-agent-8.14.jar 
java_command: org.gradle.launcher.daemon.bootstrap.GradleDaemon 8.14
java_class_path (initial): C:\Users\orili\.gradle\wrapper\dists\gradle-8.14-all\c2qonpi39x1mddn7hk5gh9iqj\gradle-8.14\lib\gradle-daemon-main-8.14.jar
Launcher Type: SUN_STANDARD

[Global flags]
     intx CICompilerCount                          = 12                                        {product} {ergonomic}
     uint ConcGCThreads                            = 3                                         {product} {ergonomic}
     uint G1ConcRefinementThreads                  = 13                                        {product} {ergonomic}
   size_t G1HeapRegionSize                         = 2097152                                   {product} {ergonomic}
    uintx GCDrainStackTargetSize                   = 64                                        {product} {ergonomic}
   size_t InitialHeapSize                          = 398458880                                 {product} {ergonomic}
   size_t MarkStackSize                            = 4194304                                   {product} {ergonomic}
   size_t MaxHeapSize                              = 3221225472                                {product} {command line}
   size_t MaxNewSize                               = 1931476992                                {product} {ergonomic}
   size_t MinHeapDeltaBytes                        = 2097152                                   {product} {ergonomic}
   size_t MinHeapSize                              = 8388608                                   {product} {ergonomic}
    uintx NonNMethodCodeHeapSize                   = 7602480                                {pd product} {ergonomic}
    uintx NonProfiledCodeHeapSize                  = 122027880                              {pd product} {ergonomic}
    uintx ProfiledCodeHeapSize                     = 122027880                              {pd product} {ergonomic}
    uintx ReservedCodeCacheSize                    = 251658240                              {pd product} {ergonomic}
     bool SegmentedCodeCache                       = true                                      {product} {ergonomic}
   size_t SoftMaxHeapSize                          = 3221225472                             {manageable} {ergonomic}
     bool UseCompressedOops                        = true                           {product lp64_product} {ergonomic}
     bool UseG1GC                                  = true                                      {product} {ergonomic}
     bool UseLargePagesIndividualAllocation        = false                                  {pd product} {ergonomic}

Logging:
Log output configuration:
 #0: stdout all=warning uptime,level,tags foldmultilines=false
 #1: stderr all=off uptime,level,tags foldmultilines=false

Environment Variables:
JAVA_HOME=C:/Program Files/Android/Android Studio/jbr
PATH=C:\Users\orili\bin;C:\Program Files\Git\mingw64\bin;C:\Program Files\Git\usr\local\bin;C:\Program Files\Git\usr\bin;C:\Program Files\Git\usr\bin;C:\Program Files\Git\mingw64\bin;C:\Program Files\Git\usr\bin;C:\Users\orili\bin;D:\personal projects 2\Coinbird\backend\.venv\Scripts;C:\Program Files\Common Files\Oracle\Java\javapath;C:\Program Files (x86)\Common Files\Oracle\Java\java8path;C:\Program Files (x86)\Common Files\Oracle\Java\javapath;C:\WINDOWS\system32;C:\WINDOWS;C:\WINDOWS\System32\Wbem;C:\WINDOWS\System32\WindowsPowerShell\v1.0;C:\WINDOWS\System32\OpenSSH;C:\Program Files (x86)\NVIDIA Corporation\PhysX\Common;C:\Program Files\NVIDIA Corporation\NVIDIA NvDLISR;C:\Program Files\dotnet;C:\Program Files\Microsoft SQL Server\150\Tools\Binn;C:\Program Files\Ballerina\bin;C:\Program Files\Git\cmd;C:\Program Files\Docker\Docker\resources\bin;C:\ngrok;C:\ProgramData\chocolatey\bin;C:\Program Files\nodejs;C:\composer;C:\Strawberry\c\bin;C:\Strawberry\perl\site\bin;C:\Strawberry\perl\bin;C:\Program Files\Microsoft SQL Server\170\Tools\Binn;C:\Program Files (x86)\Windows Kits\10\Windows Performance Toolkit;C:\Users\orili\AppData\Local\Programs\Python\Python39\Scripts;C:\Users\orili\AppData\Local\Programs\Python\Python39;C:\Users\orili\AppData\Local\Programs\Python\Python39-32\Scripts;C:\Users\orili\AppData\Local\Programs\Python\Python39-32;C:\Users\orili\AppData\Local\Programs\Python\Python311\Scripts;C:\Users\orili\AppData\Local\Programs\Python\Python311;C:\Users\orili\AppData\Local\Programs\Python\Python313\Scripts;C:\Users\orili\AppData\Local\Programs\Python\Python313;C:\Users\orili\AppData\Local\Programs\Python\Launcher;C:\Program Files\MySQL\MySQL Shell 8.0\bin;C:\Users\orili\AppData\Local\Microsoft\WindowsApps;C:\Users\orili\AppData\Local\Programs\Microsoft VS Code\bin;C:\flutter\flutter\bin;C:\icu\icu4c-72_1-Win64-MSVC2019\20221013.8_ICU4C_MSVC_x64_Release\icu-windows\bin64;C:\Users\orili\AppData\Local\Programs\Ollama;C:\Users\orili\AppData\Roaming\npm;C:\Users\orili\.local\bin;C:\xampp\php;C:\Users\orili\AppData\Roaming\Composer\vendor\bin;C:\Users\orili\AppData\Local\Programs\MiKTeX\miktex\bin\x64;C:\Users\orili\.dotnet\tools;C:\Users\orili\AppData\Local\Microsoft\WinGet\Packages\Gyan.FFmpeg_Microsoft.Winget.Source_8wekyb3d8bbwe\ffmpeg-8.1.1-full_build\bin;C:\Users\orili\.dotnet\tools;C:\Users\orili\AppData\Local\Microsoft\WinGet\Packages\Ngrok.Ngrok_Microsoft.Winget.Source_8wekyb3d8bbwe;C:\Users\orili\AppData\Local\Microsoft\WinGet\Links;C:\Users\orili\AppData\Local\Microsoft\WinGet\Packages\yt-dlp.FFmpeg_Microsoft.Winget.Source_8wekyb3d8bbwe\ffmpeg-N-125875-g5d4d3bdc61-win64-gpl\bin;C:\Users\orili\AppData\Local\Microsoft\WindowsApps;C:\Program Files\Git\usr\bin\vendor_perl;C:\Program Files\Git\usr\bin\core_perl;C:\Users\orili\.claude\plugins\cache\claude-community\paddle\de7fcd3f6cc4-ab82885f\bin;C:\Users\orili\.claude\plugins\cache\claude-video\watch\0.2.0\bin;C:\Users\orili\.claude\plugins\cache\ponytail\ponytail\4.10.0\bin;C:\Users\orili\.claude\plugins\synced\8eec19c8-6f88-4f50-a6af-133a300a6670_0f622c19-d7f9-40c6-8cc5-2a437b6482f9\cowork-plugin-management\bin
USERNAME=orili
SHELL=C:\Program Files\Git\usr\bin\bash.exe
TERM=xterm-256color
OS=Windows_NT
PROCESSOR_IDENTIFIER=Intel64 Family 6 Model 154 Stepping 3, GenuineIntel
TMP=C:\Users\orili\AppData\Local\Temp
TEMP=C:\Users\orili\AppData\Local\Temp




Periodic native trim disabled

JNI global refs:
JNI global refs: 50, weak refs: 0

JNI global refs memory usage: 835, weak refs: 833

Process memory usage:
Resident Set Size: 2932476K (11% of 24777580K total physical memory with 1543724K free physical memory)

OOME stack traces (most recent first):
Classloader memory used:
Loader java.net.URLClassLoader                                                         : 143M
Loader org.gradle.internal.classloader.VisitableURLClassLoader                         : 119M
Loader org.gradle.internal.classloader.VisitableURLClassLoader$InstrumentingVisitableURLClassLoader: 75471K
Loader bootstrap                                                                       : 41826K
Loader org.gradle.initialization.MixInLegacyTypesClassLoader                           : 18556K
Loader jdk.internal.loader.ClassLoaders$AppClassLoader                                 : 8516K
Loader jdk.internal.reflect.DelegatingClassLoader                                      : 1888K
Loader jdk.internal.loader.ClassLoaders$PlatformClassLoader                            : 1160K
Loader com.intellij.util.lang.UrlClassLoader                                           : 998K
Loader jdk.internal.jrtfs.JrtFileSystemProvider$JrtFsLoader                            : 667K
Loader org.gradle.internal.classloader.VisitableURLClassLoader                         : 390K
Loader sun.reflect.misc.MethodUtil                                                     : 2952B

Classes loaded by more than one classloader:
Class Program                                                                         : loaded 7 times (x 68B)
Class Build_gradle$1                                                                  : loaded 5 times (x 70B)
Class Build_gradle                                                                    : loaded 5 times (x 126B)
Class kotlin.internal.ProgressionUtilKt                                               : loaded 4 times (x 67B)
Class org.jetbrains.org.objectweb.asm.FieldVisitor                                    : loaded 4 times (x 73B)
Class kotlin.collections.IndexingIterable                                             : loaded 4 times (x 75B)
Class kotlin.collections.IndexingIterator                                             : loaded 4 times (x 75B)
Class org.jetbrains.org.objectweb.asm.MethodVisitor                                   : loaded 4 times (x 101B)
Class [Lkotlin.reflect.KAnnotatedElement;                                             : loaded 4 times (x 65B)
Class kotlin.text.StringsKt__StringsJVMKt                                             : loaded 4 times (x 67B)
Class kotlin.collections.SetsKt                                                       : loaded 4 times (x 67B)
Class kotlin.text.StringsKt__IndentKt                                                 : loaded 4 times (x 67B)
Class kotlin.Function                                                                 : loaded 4 times (x 66B)
Class kotlin.collections.EmptyList                                                    : loaded 4 times (x 170B)
Class kotlin.collections.MapsKt__MapsJVMKt                                            : loaded 4 times (x 67B)
Class kotlin.reflect.KFunction                                                        : loaded 4 times (x 66B)
Class kotlin.collections.MapsKt__MapsKt                                               : loaded 4 times (x 67B)
Class kotlin.UninitializedPropertyAccessException                                     : loaded 4 times (x 78B)
Class org.jetbrains.org.objectweb.asm.AnnotationVisitor                               : loaded 4 times (x 74B)
Class kotlin.io.FilesKt__UtilsKt                                                      : loaded 4 times (x 67B)
Class kotlin.collections.CollectionsKt__CollectionsJVMKt                              : loaded 4 times (x 67B)
Class kotlin.collections.IndexedValue                                                 : loaded 4 times (x 68B)
Class kotlin.reflect.KCallable                                                        : loaded 4 times (x 66B)
Class kotlin.io.FilesKt__FilePathComponentsKt                                         : loaded 4 times (x 67B)
Class kotlin.collections.CollectionsKt__IteratorsKt                                   : loaded 4 times (x 67B)
Class kotlin.sequences.SequencesKt                                                    : loaded 4 times (x 67B)
Class kotlin.collections.SetsKt__SetsJVMKt                                            : loaded 4 times (x 67B)
Class kotlin.LazyKt__LazyJVMKt                                                        : loaded 4 times (x 67B)
Class kotlin.collections.CollectionsKt__MutableCollectionsKt                          : loaded 4 times (x 67B)
Class kotlin.io.CloseableKt                                                           : loaded 4 times (x 67B)
Class kotlin.io.FilesKt__FileReadWriteKt                                              : loaded 4 times (x 67B)
Class kotlin.text.StringsKt__StringNumberConversionsKt                                : loaded 4 times (x 67B)
Class kotlin.Pair                                                                     : loaded 4 times (x 68B)
Class kotlin.text.StringsKt__StringsKt                                                : loaded 4 times (x 67B)
Class kotlin.NotImplementedError                                                      : loaded 4 times (x 78B)
Class kotlin.jvm.internal.CallableReference                                           : loaded 4 times (x 102B)
Class org.jetbrains.org.objectweb.asm.Type                                            : loaded 4 times (x 68B)
Class kotlin.enums.EnumEntries                                                        : loaded 4 times (x 66B)
Class kotlin.collections.CollectionsKt                                                : loaded 4 times (x 67B)
Class org.jetbrains.org.objectweb.asm.TypePath                                        : loaded 4 times (x 68B)
Class kotlin.comparisons.ComparisonsKt___ComparisonsJvmKt                             : loaded 4 times (x 67B)
Class org.jetbrains.org.objectweb.asm.TypeReference                                   : loaded 4 times (x 76B)
Class kotlin.collections.CollectionsKt__IteratorsJVMKt                                : loaded 4 times (x 67B)
Class kotlin.enums.EnumEntriesList                                                    : loaded 4 times (x 219B)
Class kotlin.jvm.internal.FunctionBase                                                : loaded 4 times (x 66B)
Class kotlin.jvm.internal.FunctionReference                                           : loaded 4 times (x 118B)
Class kotlin.jvm.internal.DefaultConstructorMarker                                    : loaded 4 times (x 67B)
Class kotlin._Assertions                                                              : loaded 4 times (x 67B)
Class kotlin.collections.EmptyIterator                                                : loaded 4 times (x 85B)
Class kotlin.SynchronizedLazyImpl                                                     : loaded 4 times (x 72B)
Class [Lorg.jetbrains.org.objectweb.asm.Label;                                        : loaded 4 times (x 65B)
Class kotlin.text.StringsKt__RegexExtensionsKt                                        : loaded 4 times (x 67B)
Class kotlin.text.StringsKt                                                           : loaded 4 times (x 67B)
Class kotlin.text.StringsKt__RegexExtensionsJVMKt                                     : loaded 4 times (x 67B)
Class kotlin.collections.ArraysKt___ArraysJvmKt                                       : loaded 4 times (x 67B)
Class kotlin.collections.CollectionsKt__CollectionsKt                                 : loaded 4 times (x 67B)
Class kotlin.sequences.SequencesKt__SequencesJVMKt                                    : loaded 4 times (x 67B)
Class kotlin.collections.AbstractList                                                 : loaded 4 times (x 193B)
Class kotlin.collections.AbstractCollection                                           : loaded 4 times (x 113B)
Class kotlin.collections.ArrayAsCollection                                            : loaded 4 times (x 101B)
Class kotlin.LazyKt__LazyKt                                                           : loaded 4 times (x 67B)
Class kotlin.text.StringsKt__StringBuilderJVMKt                                       : loaded 4 times (x 67B)
Class kotlin.collections.ArraysKt__ArraysKt                                           : loaded 4 times (x 67B)
Class kotlin.UNINITIALIZED_VALUE                                                      : loaded 4 times (x 67B)
Class kotlin.ranges.RangesKt__RangesKt                                                : loaded 4 times (x 67B)
Class kotlin.collections.SetsKt___SetsKt                                              : loaded 4 times (x 67B)
Class kotlin.sequences.SequencesKt__SequencesKt                                       : loaded 4 times (x 67B)
Class kotlin.comparisons.ComparisonsKt__ComparisonsKt                                 : loaded 4 times (x 67B)
Class kotlin.sequences.FilteringSequence                                              : loaded 4 times (x 71B)
Class kotlin.jvm.internal.CollectionToArray                                           : loaded 4 times (x 67B)
Class kotlin.io.FilesKt__FileTreeWalkKt                                               : loaded 4 times (x 67B)
Class kotlin.sequences.FilteringSequence$iterator$1                                   : loaded 4 times (x 75B)
Class kotlin.collections.CollectionsKt__ReversedViewsKt                               : loaded 4 times (x 67B)
Class kotlin.sequences.SequencesKt__SequenceBuilderKt                                 : loaded 4 times (x 67B)
Class kotlin.comparisons.ComparisonsKt                                                : loaded 4 times (x 67B)
Class kotlin.comparisons.ComparisonsKt___ComparisonsKt                                : loaded 4 times (x 67B)
Class kotlin.collections.CollectionsKt___CollectionsJvmKt                             : loaded 4 times (x 67B)
Class [Lorg.jetbrains.org.objectweb.asm.Attribute;                                    : loaded 4 times (x 65B)
Class kotlin.jvm.internal.FunctionReferenceImpl                                       : loaded 4 times (x 118B)
Class kotlin.TuplesKt                                                                 : loaded 4 times (x 67B)
Class kotlin.Unit                                                                     : loaded 4 times (x 67B)
Class kotlin.sequences.SequencesKt___SequencesJvmKt                                   : loaded 4 times (x 67B)
Class kotlin.ranges.RangesKt                                                          : loaded 4 times (x 67B)
Class kotlin.collections.ArraysUtilJVM                                                : loaded 4 times (x 67B)
Class kotlin.jvm.functions.Function0                                                  : loaded 4 times (x 66B)
Class kotlin.text.StringsKt__StringNumberConversionsJVMKt                             : loaded 4 times (x 67B)
Class kotlin.sequences.Sequence                                                       : loaded 4 times (x 66B)
Class kotlin.jvm.functions.Function1                                                  : loaded 4 times (x 66B)
Class kotlin.jvm.functions.Function2                                                  : loaded 4 times (x 66B)
Class kotlin.jvm.functions.Function3                                                  : loaded 4 times (x 66B)
Class kotlin.collections.MapsKt___MapsJvmKt                                           : loaded 4 times (x 67B)
Class [Lkotlin.reflect.KCallable;                                                     : loaded 4 times (x 65B)
Class kotlin.collections.EmptySet                                                     : loaded 4 times (x 118B)
Class kotlin.collections.CollectionsKt___CollectionsKt                                : loaded 4 times (x 67B)
Class kotlin.reflect.KDeclarationContainer                                            : loaded 4 times (x 66B)
Class kotlin.text.StringsKt___StringsJvmKt                                            : loaded 4 times (x 67B)
Class kotlin.text.StringsKt__AppendableKt                                             : loaded 4 times (x 67B)
Class kotlin.jvm.KotlinReflectionNotSupportedError                                    : loaded 4 times (x 78B)
Class kotlin.io.FilesKt                                                               : loaded 4 times (x 67B)
Class kotlin.jvm.internal.markers.KMappedMarker                                       : loaded 4 times (x 66B)
Class kotlin.collections.MapsKt___MapsKt                                              : loaded 4 times (x 67B)
Class kotlin.collections.ArraysKt___ArraysKt                                          : loaded 4 times (x 67B)
Class kotlin.collections.MapsKt__MapWithDefaultKt                                     : loaded 4 times (x 67B)
Class kotlin.collections.CollectionsKt__MutableCollectionsJVMKt                       : loaded 4 times (x 67B)
Class kotlin.text.StringsKt___StringsKt                                               : loaded 4 times (x 67B)
Class kotlin.enums.EnumEntriesKt                                                      : loaded 4 times (x 67B)
Class org.jetbrains.org.objectweb.asm.Attribute                                       : loaded 4 times (x 73B)
Class org.jetbrains.org.objectweb.asm.Label                                           : loaded 4 times (x 69B)
Class org.jetbrains.org.objectweb.asm.ClassReader                                     : loaded 4 times (x 89B)
Class kotlin.reflect.KAnnotatedElement                                                : loaded 4 times (x 66B)
Class kotlin.jvm.internal.Intrinsics                                                  : loaded 4 times (x 67B)
Class kotlin.collections.AbstractList$Companion                                       : loaded 4 times (x 67B)
Class kotlin.sequences.SequencesKt___SequencesKt                                      : loaded 4 times (x 67B)
Class kotlin.collections.MapsKt                                                       : loaded 4 times (x 67B)
Class kotlin.collections.CollectionsKt__IterablesKt                                   : loaded 4 times (x 67B)
Class org.jetbrains.org.objectweb.asm.ClassVisitor                                    : loaded 4 times (x 84B)
Class org.jetbrains.org.objectweb.asm.Context                                         : loaded 4 times (x 68B)
Class kotlin.KotlinNullPointerException                                               : loaded 4 times (x 79B)
Class kotlin.ranges.RangesKt___RangesKt                                               : loaded 4 times (x 67B)
Class kotlin.collections.ArraysKt                                                     : loaded 4 times (x 67B)
Class kotlin.LazyKt                                                                   : loaded 4 times (x 67B)
Class kotlin.collections.SetsKt__SetsKt                                               : loaded 4 times (x 67B)
Class org.jetbrains.org.objectweb.asm.RecordComponentVisitor                          : loaded 4 times (x 73B)
Class kotlin.collections.ArraysKt__ArraysJVMKt                                        : loaded 4 times (x 67B)
Class org.jetbrains.org.objectweb.asm.MethodWriter                                    : loaded 4 times (x 102B)
Class kotlin.jvm.internal.CallableReference$NoReceiver                                : loaded 4 times (x 67B)
Class kotlin.text.StringsKt__StringBuilderKt                                          : loaded 4 times (x 67B)
Class kotlin.Lazy                                                                     : loaded 4 times (x 66B)
Class kotlin.NoWhenBranchMatchedException                                             : loaded 4 times (x 78B)
Class com.google.common.collect.Maps$BiMapConverter                                   : loaded 3 times (x 86B)
Class org.jetbrains.kotlin.protobuf.GeneratedMessageLite$1                            : loaded 3 times (x 67B)
Class org.jetbrains.kotlin.metadata.ProtoBuf$FunctionOrBuilder                        : loaded 3 times (x 66B)
Class org.jetbrains.kotlin.protobuf.GeneratedMessageLite$ExtendableMessageOrBuilder   : loaded 3 times (x 66B)
Class com.google.common.collect.SetMultimap                                           : loaded 3 times (x 66B)
Class kotlin.jvm.functions.Function19                                                 : loaded 3 times (x 66B)
Class kotlin.reflect.KMutableProperty$Setter                                          : loaded 3 times (x 66B)
Class com.google.common.collect.ImmutableMapEntrySet$RegularEntrySet                  : loaded 3 times (x 148B)
Class com.google.common.collect.CollectCollectors                                     : loaded 3 times (x 67B)
Class com.google.common.collect.Multimaps                                             : loaded 3 times (x 67B)
Class [Lorg.jetbrains.kotlin.metadata.ProtoBuf$Expression$ConstantValue;              : loaded 3 times (x 65B)
Class kotlin.collections.builders.MapBuilder                                          : loaded 3 times (x 108B)
Class org.jetbrains.kotlin.metadata.ProtoBuf$Effect                                   : loaded 3 times (x 111B)
Class kotlinx.coroutines.scheduling.TaskContextImpl                                   : loaded 3 times (x 71B)
Class kotlin.ranges.IntProgression$Companion                                          : loaded 3 times (x 67B)
Class kotlin.jvm.functions.Function18                                                 : loaded 3 times (x 66B)
Class org.jetbrains.kotlin.metadata.ProtoBuf$EnumEntryOrBuilder                       : loaded 3 times (x 66B)
Class org.jetbrains.kotlin.metadata.jvm.JvmProtoBuf$JvmPropertySignature$1            : loaded 3 times (x 140B)
Class com.google.common.collect.RangeSet                                              : loaded 3 times (x 66B)
Class org.jetbrains.kotlin.descriptors.ValidateableDescriptor                         : loaded 3 times (x 66B)
Class com.google.common.collect.ImmutableMap$MapViewOfValuesAsSingletonSets           : loaded 3 times (x 122B)
Class androidx.navigation.lint.BaseTypeSafeDestinationMissingAnnotationDetectorKt     : loaded 3 times (x 67B)
Class org.jetbrains.org.objectweb.asm.RecordComponentWriter                           : loaded 3 times (x 74B)
Class com.google.common.base.CharMatcher$NamedFastMatcher                             : loaded 3 times (x 108B)
Class com.google.common.collect.UnmodifiableListIterator                              : loaded 3 times (x 91B)
Class org.objectweb.asm.ClassVisitor                                                  : loaded 3 times (x 84B)
Class com.google.common.base.CharMatcher$1                                            : loaded 3 times (x 109B)
Class org.jetbrains.kotlin.protobuf.ByteString$Output                                 : loaded 3 times (x 82B)
Class com.google.common.collect.RegularImmutableMap                                   : loaded 3 times (x 117B)
Class kotlin.jvm.functions.Function17                                                 : loaded 3 times (x 66B)
Class org.jetbrains.kotlin.cli.common.messages.MessageCollector$Companion$NONE$1      : loaded 3 times (x 72B)
Class [Lorg.jetbrains.kotlin.metadata.ProtoBuf$Type$Argument$Projection;              : loaded 3 times (x 65B)
Class org.objectweb.asm.MethodVisitor                                                 : loaded 3 times (x 101B)
Class kotlin.collections.builders.ListBuilder$Itr                                     : loaded 3 times (x 90B)
Class kotlinx.coroutines.ChildHandle                                                  : loaded 3 times (x 66B)
Class kotlinx.coroutines.CoroutineScope                                               : loaded 3 times (x 66B)
Class com.google.common.collect.RangeGwtSerializationDependencies                     : loaded 3 times (x 67B)
Class kotlin.sequences.TransformingSequence                                           : loaded 3 times (x 71B)
Class com.google.common.collect.MapMakerInternalMap$InternalEntryHelper               : loaded 3 times (x 66B)
Class org.jetbrains.kotlin.metadata.ProtoBuf$ExpressionOrBuilder                      : loaded 3 times (x 66B)
Class jdk.internal.jimage.decompressor.StringSharingDecompressorFactory               : loaded 3 times (x 70B)
Class kotlin.InitializedLazyImpl                                                      : loaded 3 times (x 72B)
Class com.google.common.base.Joiner$2                                                 : loaded 3 times (x 75B)
Class com.google.common.collect.Maps$IteratorBasedAbstractMap                         : loaded 3 times (x 121B)
Class com.google.common.collect.Table                                                 : loaded 3 times (x 66B)
Class com.google.common.base.CharMatcher                                              : loaded 3 times (x 107B)
Class com.google.common.collect.ImmutableSet$Builder                                  : loaded 3 times (x 81B)
Class com.google.common.base.Platform$JdkPatternCompiler                              : loaded 3 times (x 71B)
Class kotlinx.coroutines.Incomplete                                                   : loaded 3 times (x 66B)
Class kotlin.coroutines.EmptyCoroutineContext                                         : loaded 3 times (x 73B)
Class kotlin.jvm.functions.Function16                                                 : loaded 3 times (x 66B)
Class org.jetbrains.kotlin.metadata.ProtoBuf$Effect$EffectType                        : loaded 3 times (x 78B)
Class org.objectweb.asm.Label                                                         : loaded 3 times (x 69B)
Class org.jetbrains.kotlin.metadata.ProtoBuf$Expression$1                             : loaded 3 times (x 140B)
Class com.google.common.collect.MapMakerInternalMap$Strength                          : loaded 3 times (x 76B)
Class com.google.common.base.Joiner$1                                                 : loaded 3 times (x 76B)
Class com.google.common.collect.PeekingIterator                                       : loaded 3 times (x 66B)
Class org.jetbrains.org.objectweb.asm.Opcodes                                         : loaded 3 times (x 66B)
Class [Lorg.jetbrains.org.objectweb.asm.AnnotationVisitor;                            : loaded 3 times (x 65B)
Class com.google.common.base.Preconditions                                            : loaded 3 times (x 67B)
Class [Lkotlin.jvm.functions.Function1;                                               : loaded 3 times (x 65B)
Class kotlin.text.CharsKt__CharKt                                                     : loaded 3 times (x 67B)
Class com.google.common.collect.Hashing                                               : loaded 3 times (x 67B)
Class kotlin.coroutines.jvm.internal.Boxing                                           : loaded 3 times (x 67B)
Class kotlin.jvm.functions.Function15                                                 : loaded 3 times (x 66B)
Class org.jetbrains.kotlin.descriptors.SourceElement$1                                : loaded 3 times (x 70B)
Class [Lkotlin.reflect.KClass;                                                        : loaded 3 times (x 65B)
Class kotlin.collections.ArrayDeque$Companion                                         : loaded 3 times (x 67B)
Class kotlinx.coroutines.scheduling.CoroutineScheduler                                : loaded 3 times (x 77B)
Class kotlinx.coroutines.scheduling.SchedulerTimeSource                               : loaded 3 times (x 68B)
Class kotlinx.coroutines.EventLoopImplPlatform                                        : loaded 3 times (x 103B)
Class org.jetbrains.kotlin.descriptors.annotations.Annotated                          : loaded 3 times (x 66B)
Class com.google.common.base.Equivalence$Equals                                       : loaded 3 times (x 78B)
Class com.google.common.base.PatternCompiler                                          : loaded 3 times (x 66B)
Class com.google.common.base.CharMatcher$Is                                           : loaded 3 times (x 107B)
Class com.google.common.base.CharMatcher$Negated                                      : loaded 3 times (x 109B)
Class org.jetbrains.kotlin.metadata.ProtoBuf$Effect$InvocationKind$1                  : loaded 3 times (x 70B)
Class kotlin.jvm.functions.Function14                                                 : loaded 3 times (x 66B)
Class org.jetbrains.kotlin.metadata.ProtoBuf$VersionRequirement                       : loaded 3 times (x 112B)
Class kotlin.jvm.internal.FloatCompanionObject                                        : loaded 3 times (x 67B)
Class com.google.common.collect.RegularImmutableBiMap                                 : loaded 3 times (x 145B)
Class jdk.internal.jimage.decompressor.CompressedResourceHeader                       : loaded 3 times (x 67B)
Class com.google.common.base.CharMatcher$InRange                                      : loaded 3 times (x 107B)
Class org.jetbrains.kotlin.metadata.jvm.deserialization.JvmNameResolver               : loaded 3 times (x 76B)
Class kotlin.text.Charsets                                                            : loaded 3 times (x 67B)
Class kotlin.ranges.OpenEndRange                                                      : loaded 3 times (x 66B)
Class org.jetbrains.kotlin.cli.common.CompilerSystemProperties$Companion              : loaded 3 times (x 67B)
Class androidx.navigation.lint.BaseTypeSafeDestinationMissingAnnotationDetector       : loaded 3 times (x 169B)
Class kotlin.KotlinVersion$Companion                                                  : loaded 3 times (x 67B)
Class kotlinx.coroutines.internal.LockFreeTaskQueueCore$Companion                     : loaded 3 times (x 67B)
Class kotlin.jvm.functions.Function13                                                 : loaded 3 times (x 66B)
Class kotlin.sequences.SequenceBuilderIterator                                        : loaded 3 times (x 81B)
Class kotlin.sequences.SequencesKt___SequencesKt$flatMap$1                            : loaded 3 times (x 121B)
Class org.jetbrains.kotlin.metadata.ProtoBuf$Modality$1                               : loaded 3 times (x 70B)
Class org.jetbrains.kotlin.resolve.scopes.receivers.Receiver                          : loaded 3 times (x 66B)
Class com.google.common.collect.AbstractMapBasedMultimap$RandomAccessWrappedList      : loaded 3 times (x 201B)
Class jdk.internal.jrtfs.JrtFileSystem                                                : loaded 3 times (x 98B)
Class org.jetbrains.kotlin.descriptors.Visibility                                     : loaded 3 times (x 75B)
Class org.jetbrains.kotlin.protobuf.RopeByteString$RopeInputStream                    : loaded 3 times (x 88B)
Class kotlin.coroutines.intrinsics.CoroutineSingletons                                : loaded 3 times (x 75B)
Class kotlinx.coroutines.CopyableThreadContextElement                                 : loaded 3 times (x 66B)
Class kotlin.jvm.functions.Function12                                                 : loaded 3 times (x 66B)
Class org.jetbrains.kotlin.metadata.ProtoBuf$Type$Argument                            : loaded 3 times (x 106B)
Class com.google.common.collect.RegularImmutableMap$BucketOverflowException           : loaded 3 times (x 78B)
Class org.jetbrains.kotlin.protobuf.CodedInputStream                                  : loaded 3 times (x 68B)
Class org.objectweb.asm.MethodWriter                                                  : loaded 3 times (x 102B)
Class com.google.common.base.CharMatcher$None                                         : loaded 3 times (x 108B)
Class kotlin.sequences.ConstrainedOnceSequence                                        : loaded 3 times (x 71B)
Class org.jetbrains.kotlin.load.kotlin.FileBasedKotlinClass$InnerClassesInfo          : loaded 3 times (x 70B)
Class kotlin.sequences.TakeWhileSequence                                              : loaded 3 times (x 71B)
Class org.jetbrains.org.objectweb.asm.Frame                                           : loaded 3 times (x 69B)
Class com.google.common.collect.ImmutableEnumSet                                      : loaded 3 times (x 142B)
Class kotlinx.coroutines.AbstractTimeSourceKt                                         : loaded 3 times (x 67B)
Class kotlin.collections.EmptyMap                                                     : loaded 3 times (x 104B)
Class kotlin.ranges.IntRange$Companion                                                : loaded 3 times (x 67B)
Class org.jetbrains.kotlin.metadata.jvm.JvmProtoBuf$StringTableTypesOrBuilder         : loaded 3 times (x 66B)
Class kotlin.coroutines.CoroutineContext$DefaultImpls                                 : loaded 3 times (x 67B)
Class kotlin.coroutines.intrinsics.IntrinsicsKt                                       : loaded 3 times (x 67B)
Class org.jetbrains.org.objectweb.asm.MethodTooLargeException                         : loaded 3 times (x 79B)
Class kotlin.jvm.internal.markers.KMutableCollection                                  : loaded 3 times (x 66B)
Class kotlinx.coroutines.internal.LockFreeLinkedListNode                              : loaded 3 times (x 71B)
Class kotlin.jvm.functions.Function11                                                 : loaded 3 times (x 66B)
Class kotlin.jvm.internal.PropertyReference0Impl                                      : loaded 3 times (x 123B)
Class [Lorg.jetbrains.kotlin.metadata.ProtoBuf$Effect$EffectType;                     : loaded 3 times (x 65B)
Class com.google.common.collect.ImmutableSet$RegularSetBuilderImpl                    : loaded 3 times (x 73B)
Class kotlinx.coroutines.scheduling.TaskContext                                       : loaded 3 times (x 66B)
Class [Lcom.google.common.collect.ImmutableMapEntry;                                  : loaded 3 times (x 65B)
Class [Lkotlin.LazyThreadSafetyMode;                                                  : loaded 3 times (x 65B)
Class [Lkotlin.reflect.KClassifier;                                                   : loaded 3 times (x 65B)
Class org.jetbrains.kotlin.metadata.deserialization.Flags$EnumLiteFlagField           : loaded 3 times (x 72B)
Class org.jetbrains.kotlin.metadata.ProtoBuf$Type$Argument$1                          : loaded 3 times (x 140B)
Class kotlin.jvm.functions.Function9                                                  : loaded 3 times (x 66B)
Class kotlin.jvm.functions.Function10                                                 : loaded 3 times (x 66B)
Class org.jetbrains.kotlin.protobuf.WireFormat                                        : loaded 3 times (x 67B)
Class com.google.common.collect.ImmutableRangeSet$ComplementRanges                    : loaded 3 times (x 203B)
Class kotlin.annotation.MustBeDocumented                                              : loaded 3 times (x 66B)
Class org.jetbrains.kotlin.metadata.ProtoBuf$1                                        : loaded 3 times (x 67B)
Class kotlin.jvm.internal.MutablePropertyReference1                                   : loaded 3 times (x 133B)
Class org.jetbrains.kotlin.metadata.jvm.deserialization.BitEncoding                   : loaded 3 times (x 67B)
Class org.jetbrains.kotlin.metadata.jvm.deserialization.JvmNameResolverBase$WhenMappings: loaded 3 times (x 67B)
Class org.jetbrains.kotlin.descriptors.Visibilities$Local                             : loaded 3 times (x 75B)
Class com.google.common.collect.ImmutableMapKeySet                                    : loaded 3 times (x 148B)
Class kotlin.sequences.SequencesKt___SequencesKt$flatMap$2                            : loaded 3 times (x 121B)
Class kotlin.SafePublicationLazyImpl$Companion                                        : loaded 3 times (x 67B)
Class kotlin.jvm.internal.PropertyReference1Impl                                      : loaded 3 times (x 123B)
Class com.google.common.base.CharMatcher$Whitespace                                   : loaded 3 times (x 108B)
Class kotlin.time.Duration                                                            : loaded 3 times (x 70B)
Class kotlin.collections.builders.MapBuilder$Companion                                : loaded 3 times (x 67B)
Class kotlin.jvm.functions.Function8                                                  : loaded 3 times (x 66B)
Class org.jetbrains.kotlin.metadata.ProtoBuf$VersionRequirementTable$1                : loaded 3 times (x 140B)
Class com.google.common.collect.ListMultimap                                          : loaded 3 times (x 66B)
Class org.jetbrains.kotlin.metadata.ProtoBuf$Contract                                 : loaded 3 times (x 103B)
Class [Lkotlin.annotation.AnnotationRetention;                                        : loaded 3 times (x 65B)
Class [Lorg.jetbrains.org.objectweb.asm.Symbol;                                       : loaded 3 times (x 65B)
Class org.jetbrains.kotlin.mpp.DeclarationSymbolMarker                                : loaded 3 times (x 66B)
Class kotlinx.coroutines.AbstractCoroutine                                            : loaded 3 times (x 139B)
Class kotlin.jvm.functions.Function7                                                  : loaded 3 times (x 66B)
Class com.google.common.io.Files                                                      : loaded 3 times (x 67B)
Class com.google.common.collect.ImmutableRangeSet                                     : loaded 3 times (x 111B)
Class [Lkotlin.time.DurationUnit;                                                     : loaded 3 times (x 65B)
Class kotlin.collections.builders.MapBuilder$KeysItr                                  : loaded 3 times (x 77B)
Class org.jetbrains.kotlin.metadata.jvm.JvmProtoBuf$JvmPropertySignature$Builder      : loaded 3 times (x 137B)
Class com.google.common.collect.SortedMapDifference                                   : loaded 3 times (x 66B)
Class org.jetbrains.kotlin.metadata.ProtoBuf$EnumEntry                                : loaded 3 times (x 117B)
Class org.jetbrains.kotlin.protobuf.MessageLite$Builder                               : loaded 3 times (x 66B)
Class [Lkotlin.reflect.KProperty;                                                     : loaded 3 times (x 65B)
Class org.jetbrains.org.objectweb.asm.CurrentFrame                                    : loaded 3 times (x 69B)
Class kotlinx.coroutines.GlobalScope                                                  : loaded 3 times (x 70B)
Class kotlinx.coroutines.Unconfined                                                   : loaded 3 times (x 95B)
Class kotlinx.coroutines.DefaultExecutorKt                                            : loaded 3 times (x 67B)
Class kotlinx.coroutines.DebugKt                                                      : loaded 3 times (x 67B)
Class kotlin.coroutines.ContinuationInterceptor                                       : loaded 3 times (x 66B)
Class kotlin.jvm.functions.Function6                                                  : loaded 3 times (x 66B)
Class [Lorg.jetbrains.kotlin.metadata.ProtoBuf$Modality;                              : loaded 3 times (x 65B)
Class com.google.common.collect.ImmutableEnumMap                                      : loaded 3 times (x 122B)
Class org.jetbrains.kotlin.metadata.ProtoBuf$EnumEntry$1                              : loaded 3 times (x 140B)
Class org.jetbrains.kotlin.metadata.ProtoBuf$Type$Argument$Projection                 : loaded 3 times (x 78B)
Class [Lcom.google.common.collect.MapMakerInternalMap$Strength;                       : loaded 3 times (x 65B)
Class org.jetbrains.org.objectweb.asm.SymbolTable$Entry                               : loaded 3 times (x 70B)
Class jdk.internal.jimage.ImageStrings                                                : loaded 3 times (x 66B)
Class com.google.common.collect.ImmutableSet$EmptySetBuilderImpl                      : loaded 3 times (x 72B)
Class com.google.common.collect.ImmutableList$1                                       : loaded 3 times (x 93B)
Class com.google.common.collect.CollectPreconditions                                  : loaded 3 times (x 67B)
Class kotlin.jvm.functions.Function5                                                  : loaded 3 times (x 66B)
Class com.google.common.collect.Iterators$EmptyModifiableIterator                     : loaded 3 times (x 82B)
Class kotlin.annotation.Retention                                                     : loaded 3 times (x 66B)
Class org.jetbrains.kotlin.metadata.deserialization.BinaryVersion                     : loaded 3 times (x 70B)
Class kotlin.collections.AbstractMap$Companion                                        : loaded 3 times (x 67B)
Class org.jetbrains.kotlin.metadata.ProtoBuf$VersionRequirement$Level$1               : loaded 3 times (x 70B)
Class org.objectweb.asm.ClassReader                                                   : loaded 3 times (x 90B)
Class kotlinx.coroutines.EventLoopImplBase                                            : loaded 3 times (x 113B)
Class kotlinx.coroutines.CoroutineId                                                  : loaded 3 times (x 89B)
Class org.objectweb.asm.AnnotationVisitor                                             : loaded 3 times (x 74B)
Class org.jetbrains.kotlin.protobuf.CodedOutputStream$ByteBufferOutputStream          : loaded 3 times (x 82B)
Class kotlin.jvm.internal.AdaptedFunctionReference                                    : loaded 3 times (x 73B)
Class kotlin.jvm.functions.Function4                                                  : loaded 3 times (x 66B)
Class kotlin.annotation.Target                                                        : loaded 3 times (x 66B)
Class org.jetbrains.kotlin.protobuf.RopeByteString                                    : loaded 3 times (x 106B)
Class com.google.common.collect.ImmutableEntry                                        : loaded 3 times (x 78B)
Class [Lcom.google.common.collect.AbstractMapEntry;                                   : loaded 3 times (x 65B)
Class kotlin.reflect.KProperty$Accessor                                               : loaded 3 times (x 66B)
Class org.jetbrains.kotlin.protobuf.FieldSet$1                                        : loaded 3 times (x 67B)
Class kotlinx.coroutines.EventLoop_commonKt                                           : loaded 3 times (x 67B)
Class org.jetbrains.kotlin.metadata.jvm.deserialization.JvmNameResolverBase           : loaded 3 times (x 76B)
Class kotlin.jvm.internal.ArrayIteratorKt                                             : loaded 3 times (x 67B)
Class com.google.common.base.Splitter                                                 : loaded 3 times (x 68B)
Class com.google.common.collect.Sets$1                                                : loaded 3 times (x 135B)
Class com.google.common.collect.ArrayListMultimap                                     : loaded 3 times (x 168B)
Class com.google.common.base.CharMatcher$NegatedFastMatcher                           : loaded 3 times (x 109B)
Class kotlinx.coroutines.internal.OpDescriptor                                        : loaded 3 times (x 69B)
Class kotlinx.coroutines.scheduling.UnlimitedIoScheduler                              : loaded 3 times (x 98B)
Class kotlinx.coroutines.CoroutineStart                                               : loaded 3 times (x 75B)
Class kotlin.collections.builders.MapBuilder$EntryRef                                 : loaded 3 times (x 77B)
Class kotlinx.coroutines.Empty                                                        : loaded 3 times (x 71B)
Class org.jetbrains.kotlin.protobuf.Internal$EnumLite                                 : loaded 3 times (x 66B)
Class com.google.common.collect.MapMakerInternalMap$Strength$1                        : loaded 3 times (x 76B)
Class com.google.common.collect.AbstractRangeSet                                      : loaded 3 times (x 110B)
Class com.google.common.collect.MapMakerInternalMap$WeakValueReference                : loaded 3 times (x 66B)
Class org.jetbrains.kotlin.serialization.deserialization.ProtoEnumFlags               : loaded 3 times (x 67B)
Class kotlin.KotlinNothingValueException                                              : loaded 3 times (x 78B)
Class com.google.common.collect.ImmutableList                                         : loaded 3 times (x 202B)
Class com.google.common.collect.ImmutableMap                                          : loaded 3 times (x 116B)
Class org.jetbrains.kotlin.metadata.ProtoBuf$Modality                                 : loaded 3 times (x 78B)
Class org.jetbrains.kotlin.metadata.jvm.JvmProtoBuf$JvmFieldSignature                 : loaded 3 times (x 104B)
Class com.google.common.base.Predicate                                                : loaded 3 times (x 66B)
Class kotlin.jvm.internal.markers.KMutableIterator                                    : loaded 3 times (x 66B)
Class org.jetbrains.kotlin.protobuf.ExtensionRegistryLite                             : loaded 3 times (x 70B)
Class [Lorg.jetbrains.kotlin.load.kotlin.header.KotlinClassHeader$Kind;               : loaded 3 times (x 65B)
Class [Lorg.jetbrains.kotlin.metadata.jvm.JvmProtoBuf$StringTableTypes$Record$Operation;: loaded 3 times (x 65B)
Class kotlin.sequences.SequenceScope                                                  : loaded 3 times (x 69B)
Class jdk.internal.jimage.decompressor.ZipDecompressor                                : loaded 3 times (x 71B)
Class com.google.common.collect.Sets                                                  : loaded 3 times (x 67B)
Class kotlin.coroutines.ContinuationInterceptor$DefaultImpls                          : loaded 3 times (x 67B)
Class com.google.common.base.CharMatcher$FastMatcher                                  : loaded 3 times (x 107B)
Class org.jetbrains.kotlin.util.capitalizeDecapitalize.CapitalizeDecapitalizeKt       : loaded 3 times (x 67B)
Class kotlin.coroutines.AbstractCoroutineContextKey                                   : loaded 3 times (x 68B)
Class kotlinx.coroutines.CompletedExceptionally                                       : loaded 3 times (x 68B)
Class org.jetbrains.kotlin.metadata.ProtoBuf$Class$Kind$1                             : loaded 3 times (x 70B)
Class org.jetbrains.kotlin.protobuf.SmallSortedMap$Entry                              : loaded 3 times (x 84B)
Class com.google.common.collect.Sets$2                                                : loaded 3 times (x 135B)
Class kotlin.collections.AbstractMutableList                                          : loaded 3 times (x 202B)
Class org.jetbrains.kotlin.metadata.ProtoBuf$Annotation                               : loaded 3 times (x 105B)
Class org.jetbrains.kotlin.protobuf.CodedOutputStream                                 : loaded 3 times (x 68B)
Class com.google.common.collect.MapMakerInternalMap                                   : loaded 3 times (x 157B)
Class kotlin.properties.ReadWriteProperty                                             : loaded 3 times (x 66B)
Class [Lorg.jetbrains.kotlin.metadata.ProtoBuf$VersionRequirement$VersionKind;        : loaded 3 times (x 65B)
Class org.jetbrains.kotlin.metadata.jvm.deserialization.ClassMapperLite               : loaded 3 times (x 67B)
Class com.google.common.collect.HashBiMap                                             : loaded 3 times (x 139B)
Class com.google.common.base.Strings                                                  : loaded 3 times (x 67B)
Class kotlin.sequences.FlatteningSequence$iterator$1                                  : loaded 3 times (x 75B)
Class org.jetbrains.kotlin.metadata.jvm.deserialization.JvmNameResolverBase$Companion : loaded 3 times (x 67B)
Class org.jetbrains.kotlin.load.java.JvmAnnotationNames                               : loaded 3 times (x 67B)
Class org.jetbrains.kotlin.metadata.ProtoBuf$Package$1                                : loaded 3 times (x 140B)
Class com.google.common.collect.MapMakerInternalMap$Strength$2                        : loaded 3 times (x 76B)
Class kotlin.reflect.KMutableProperty0                                                : loaded 3 times (x 66B)
Class kotlin.sequences.GeneratorSequence                                              : loaded 3 times (x 71B)
Class [Lkotlin.DeprecationLevel;                                                      : loaded 3 times (x 65B)
Class com.google.common.collect.AbstractMapBasedMultimap$WrappedCollection            : loaded 3 times (x 120B)
Class kotlin.collections.AbstractSet$Companion                                        : loaded 3 times (x 67B)
Class org.jetbrains.kotlin.metadata.ProtoBuf$MemberKind                               : loaded 3 times (x 78B)
Class org.objectweb.asm.Attribute                                                     : loaded 3 times (x 73B)
Class [Lorg.objectweb.asm.Label;                                                      : loaded 3 times (x 65B)
Class com.google.common.base.Supplier                                                 : loaded 3 times (x 66B)
Class com.google.common.base.CharMatcher$Or                                           : loaded 3 times (x 108B)
Class kotlin.reflect.KClassifier                                                      : loaded 3 times (x 66B)
Class com.google.common.io.Closer$Suppressor                                          : loaded 3 times (x 66B)
Class kotlin.coroutines.jvm.internal.SuspendFunction                                  : loaded 3 times (x 66B)
Class kotlin.jvm.functions.Function20                                                 : loaded 3 times (x 66B)
Class com.google.common.collect.ImmutableSet$SetBuilderImpl                           : loaded 3 times (x 72B)
Class kotlinx.coroutines.CoroutineStart$WhenMappings                                  : loaded 3 times (x 67B)
Class kotlinx.coroutines.JobNode                                                      : loaded 3 times (x 86B)
Class kotlinx.coroutines.ParentJob                                                    : loaded 3 times (x 66B)
Class kotlinx.coroutines.Delay                                                        : loaded 3 times (x 66B)
Class kotlin.jvm.internal.markers.KMutableIterable                                    : loaded 3 times (x 66B)
Class org.jetbrains.kotlin.cli.common.CompilerSystemProperties                        : loaded 3 times (x 76B)
Class kotlin.collections.CollectionsKt___CollectionsKt$asSequence$$inlined$Sequence$1 : loaded 3 times (x 71B)
Class com.google.common.base.AbstractIterator$State                                   : loaded 3 times (x 75B)
Class com.google.common.collect.Sets$3                                                : loaded 3 times (x 135B)
Class jdk.internal.jrtfs.SystemImage                                                  : loaded 3 times (x 70B)
Class kotlinx.coroutines.scheduling.CoroutineScheduler$Worker                         : loaded 3 times (x 106B)
Class com.google.common.io.LineProcessor                                              : loaded 3 times (x 66B)
Class org.jetbrains.kotlin.protobuf.MessageLite                                       : loaded 3 times (x 66B)
Class org.jetbrains.kotlin.protobuf.SmallSortedMap$EmptySet                           : loaded 3 times (x 67B)
Class kotlin.jdk7.AutoCloseableKt                                                     : loaded 3 times (x 67B)
Class kotlin.time.DurationKt                                                          : loaded 3 times (x 67B)
Class org.jetbrains.kotlin.load.kotlin.header.KotlinClassHeader$Kind$Companion        : loaded 3 times (x 67B)
Class jdk.internal.jrtfs.JrtDirectoryStream                                           : loaded 3 times (x 85B)
Class org.jetbrains.org.objectweb.asm.SymbolTable                                     : loaded 3 times (x 68B)
Class jdk.internal.jimage.BasicImageReader                                            : loaded 3 times (x 91B)
Class com.google.common.collect.MapMakerInternalMap$StrongValueEntry                  : loaded 3 times (x 66B)
Class kotlin.text.DelimitedRangesSequence                                             : loaded 3 times (x 71B)
Class org.jetbrains.kotlin.protobuf.SmallSortedMap                                    : loaded 3 times (x 126B)
Class kotlin.collections.ReversedListReadOnly                                         : loaded 3 times (x 194B)
Class org.jetbrains.kotlin.descriptors.DeclarationDescriptorWithVisibility            : loaded 3 times (x 66B)
Class com.google.common.collect.ImmutableSet                                          : loaded 3 times (x 141B)
Class com.google.common.base.CharMatcher$BitSetMatcher                                : loaded 3 times (x 108B)
Class com.google.common.io.Closer                                                     : loaded 3 times (x 74B)
Class kotlin.reflect.KType                                                            : loaded 3 times (x 66B)
Class [Lorg.jetbrains.kotlin.protobuf.WireFormat$JavaType;                            : loaded 3 times (x 65B)
Class org.jetbrains.kotlin.metadata.ProtoBuf$ConstructorOrBuilder                     : loaded 3 times (x 66B)
Class org.jetbrains.kotlin.metadata.jvm.JvmProtoBuf                                   : loaded 3 times (x 67B)
Class org.jetbrains.kotlin.metadata.ProtoBuf$Visibility                               : loaded 3 times (x 78B)
Class com.google.common.collect.RegularImmutableMap$Values                            : loaded 3 times (x 203B)
Class org.jetbrains.kotlin.metadata.ProtoBuf$Effect$1                                 : loaded 3 times (x 140B)
Class kotlin.jvm.functions.Function21                                                 : loaded 3 times (x 66B)
Class jdk.internal.jimage.decompressor.ZipDecompressorFactory                         : loaded 3 times (x 70B)
Class kotlinx.coroutines.IncompleteStateBox                                           : loaded 3 times (x 68B)
Class com.google.common.collect.Sets$4                                                : loaded 3 times (x 135B)
Class com.google.common.base.AbstractIterator                                         : loaded 3 times (x 76B)
Class com.google.common.base.CharMatcher$IsEither                                     : loaded 3 times (x 107B)
Class [Lcom.google.common.base.AbstractIterator$State;                                : loaded 3 times (x 65B)
Class kotlin.text.CharsKt__CharJVMKt                                                  : loaded 3 times (x 67B)
Class kotlin.jvm.internal.StringCompanionObject                                       : loaded 3 times (x 67B)
Class kotlin.coroutines.jvm.internal.BaseContinuationImpl                             : loaded 3 times (x 83B)
Class kotlin.Result$Companion                                                         : loaded 3 times (x 67B)
Class kotlin.collections.builders.MapBuilderEntries                                   : loaded 3 times (x 141B)
Class org.jetbrains.kotlin.metadata.ProtoBuf$Annotation$Argument$ValueOrBuilder       : loaded 3 times (x 66B)
Class org.jetbrains.kotlin.metadata.ProtoBuf$TypeAlias$1                              : loaded 3 times (x 140B)
Class kotlinx.coroutines.BuildersKt                                                   : loaded 3 times (x 67B)
Class kotlin.annotation.AnnotationRetention                                           : loaded 3 times (x 75B)
Class kotlinx.coroutines.CoroutineContextKt$hasCopyableElements$1                     : loaded 3 times (x 74B)
Class kotlinx.coroutines.internal.ThreadContextKt                                     : loaded 3 times (x 67B)
Class kotlin.jvm.internal.Ref$BooleanRef                                              : loaded 3 times (x 67B)
Class com.google.common.math.IntMath$1                                                : loaded 3 times (x 67B)
Class kotlin.coroutines.Continuation                                                  : loaded 3 times (x 66B)
Class org.jetbrains.kotlin.metadata.jvm.JvmProtoBuf$JvmPropertySignatureOrBuilder     : loaded 3 times (x 66B)
Class kotlin.coroutines.CoroutineContext$Element$DefaultImpls                         : loaded 3 times (x 67B)
Class kotlinx.coroutines.Job$DefaultImpls                                             : loaded 3 times (x 67B)
Class kotlin.jvm.internal.ClassBasedDeclarationContainer                              : loaded 3 times (x 66B)
Class com.google.common.io.Files$FileByteSink                                         : loaded 3 times (x 73B)
Class org.jetbrains.kotlin.protobuf.GeneratedMessageLite$ExtendableMessage            : loaded 3 times (x 109B)
Class kotlin.collections.MapWithDefault                                               : loaded 3 times (x 66B)
Class org.jetbrains.kotlin.metadata.ProtoBuf$ClassOrBuilder                           : loaded 3 times (x 66B)
Class org.jetbrains.kotlin.metadata.ProtoBuf$ValueParameter                           : loaded 3 times (x 129B)
Class kotlin.collections.ReversedListReadOnly$listIterator$1                          : loaded 3 times (x 86B)
Class com.google.common.collect.ImmutableList$SubList                                 : loaded 3 times (x 205B)
Class kotlin.jvm.functions.Function22                                                 : loaded 3 times (x 66B)
Class kotlin.jvm.internal.Ref$ObjectRef                                               : loaded 3 times (x 68B)
Class kotlin.jvm.internal.ReflectionFactory                                           : loaded 3 times (x 87B)
Class kotlinx.coroutines.internal.SystemPropsKt                                       : loaded 3 times (x 67B)
Class kotlin.coroutines.jvm.internal.SuspendLambda                                    : loaded 3 times (x 87B)
Class kotlin.coroutines.jvm.internal.ContinuationImpl                                 : loaded 3 times (x 83B)
Class com.google.common.graph.SuccessorsFunction                                      : loaded 3 times (x 66B)
Class org.jetbrains.kotlin.metadata.ProtoBuf$Annotation$ArgumentOrBuilder             : loaded 3 times (x 66B)
Class org.objectweb.asm.Type                                                          : loaded 3 times (x 68B)
Class com.google.common.collect.Sets$SetView                                          : loaded 3 times (x 134B)
Class org.jetbrains.kotlin.protobuf.FieldSet$FieldDescriptorLite                      : loaded 3 times (x 66B)
Class kotlin.text.Regex                                                               : loaded 3 times (x 68B)
Class org.jetbrains.kotlin.protobuf.AbstractMessageLite                               : loaded 3 times (x 94B)
Class com.google.common.collect.TransformedIterator                                   : loaded 3 times (x 76B)
Class kotlin.reflect.KMutableProperty1                                                : loaded 3 times (x 66B)
Class kotlinx.coroutines.EventLoopKt                                                  : loaded 3 times (x 67B)
Class kotlin.sequences.SequencesKt__SequenceBuilderKt$sequence$$inlined$Sequence$1    : loaded 3 times (x 71B)
Class org.jetbrains.kotlin.metadata.ProtoBuf$TypeParameter$1                          : loaded 3 times (x 140B)
Class kotlin.Triple                                                                   : loaded 3 times (x 68B)
Class com.google.common.collect.ImmutableRangeSet$Builder                             : loaded 3 times (x 73B)
Class org.jetbrains.kotlin.metadata.ProtoBuf$Expression$ConstantValue$1               : loaded 3 times (x 70B)
Class kotlin.collections.MutableMapWithDefaultImpl                                    : loaded 3 times (x 140B)
Class org.jetbrains.kotlin.protobuf.CodedOutputStream$OutOfSpaceException             : loaded 3 times (x 78B)
Class org.jetbrains.kotlin.metadata.ProtoBuf$Annotation$Argument$Value                : loaded 3 times (x 123B)
Class [Lcom.google.common.collect.Iterators$EmptyModifiableIterator;                  : loaded 3 times (x 65B)
Class jdk.internal.jimage.ImageReader$Directory                                       : loaded 3 times (x 80B)
Class kotlinx.coroutines.scheduling.Task                                              : loaded 3 times (x 72B)
Class kotlin.coroutines.intrinsics.IntrinsicsKt__IntrinsicsJvmKt                      : loaded 3 times (x 67B)
Class kotlin.reflect.KTypeParameter                                                   : loaded 3 times (x 66B)
Class kotlinx.coroutines.DispatchedTask                                               : loaded 3 times (x 77B)
Class kotlinx.coroutines.scheduling.DefaultIoScheduler                                : loaded 3 times (x 109B)
Class com.google.common.collect.Maps$8                                                : loaded 3 times (x 78B)
Class org.jetbrains.kotlin.metadata.ProtoBuf$ContractOrBuilder                        : loaded 3 times (x 66B)
Class kotlin.coroutines.jvm.internal.RestrictedSuspendLambda                          : loaded 3 times (x 87B)
Class kotlinx.coroutines.BlockingCoroutine                                            : loaded 3 times (x 140B)
Class kotlin.coroutines.jvm.internal.CoroutineStackFrame                              : loaded 3 times (x 66B)
Class com.google.common.base.Splitter$1                                               : loaded 3 times (x 73B)
Class org.jetbrains.org.objectweb.asm.ModuleWriter                                    : loaded 3 times (x 78B)
Class com.google.common.collect.MapDifference                                         : loaded 3 times (x 66B)
Class org.jetbrains.kotlin.protobuf.LazyField                                         : loaded 3 times (x 79B)
Class org.jetbrains.kotlin.metadata.ProtoBuf$VersionRequirementTable                  : loaded 3 times (x 103B)
Class org.jetbrains.kotlin.load.kotlin.header.ReadKotlinClassHeaderAnnotationVisitor  : loaded 3 times (x 76B)
Class org.jetbrains.kotlin.metadata.ProtoBuf$Effect$InvocationKind                    : loaded 3 times (x 78B)
Class com.google.common.collect.AbstractMapBasedMultimap$WrappedList                  : loaded 3 times (x 201B)
Class androidx.navigation.lint.BaseWrongStartDestinationTypeDetector                  : loaded 3 times (x 168B)
Class org.jetbrains.kotlin.metadata.jvm.JvmProtoBuf$StringTableTypes$Record           : loaded 3 times (x 115B)
Class jdk.internal.jimage.decompressor.ResourceDecompressorRepository                 : loaded 3 times (x 67B)
Class [Lorg.jetbrains.kotlin.metadata.ProtoBuf$Visibility;                            : loaded 3 times (x 65B)
Class org.jetbrains.kotlin.protobuf.FieldSet                                          : loaded 3 times (x 68B)
Class com.google.common.io.ByteSource                                                 : loaded 3 times (x 80B)
Class kotlinx.coroutines.internal.Symbol                                              : loaded 3 times (x 68B)
Class kotlinx.coroutines.internal.DispatchedContinuation                              : loaded 3 times (x 86B)
Class org.jetbrains.kotlin.metadata.ProtoBuf$Function                                 : loaded 3 times (x 157B)
Class kotlin.jvm.internal.SpreadBuilder                                               : loaded 3 times (x 72B)
Class com.google.common.base.Platform                                                 : loaded 3 times (x 67B)
Class org.jetbrains.org.objectweb.asm.Symbol                                          : loaded 3 times (x 69B)
Class kotlin.jvm.internal.ArrayIterator                                               : loaded 3 times (x 75B)
Class kotlinx.coroutines.CoroutineContextKt                                           : loaded 3 times (x 67B)
Class kotlin.LazyThreadSafetyMode                                                     : loaded 3 times (x 75B)
Class org.jetbrains.kotlin.metadata.ProtoBuf$TypeTable$1                              : loaded 3 times (x 140B)
Class kotlin.reflect.KMutableProperty2                                                : loaded 3 times (x 66B)
Class kotlin.text.Regex$Companion                                                     : loaded 3 times (x 67B)
Class org.jetbrains.kotlin.metadata.deserialization.Flags                             : loaded 3 times (x 67B)
Class jdk.internal.jimage.ImageReader$LinkNode                                        : loaded 3 times (x 80B)
Class jdk.internal.jimage.ImageReader$SharedImageReader$LocationVisitor               : loaded 3 times (x 66B)
Class org.jetbrains.kotlin.name.Name                                                  : loaded 3 times (x 71B)
Class kotlin.LazyKt__LazyJVMKt$WhenMappings                                           : loaded 3 times (x 67B)
Class kotlin.UnsafeLazyImpl                                                           : loaded 3 times (x 72B)
Class kotlin.jvm.internal.MutablePropertyReference                                    : loaded 3 times (x 115B)
Class [Lcom.google.common.collect.ImmutableEntry;                                     : loaded 3 times (x 65B)
Class com.google.common.collect.MapMaker                                              : loaded 3 times (x 68B)
Class org.jetbrains.kotlin.load.kotlin.header.KotlinClassHeader                       : loaded 3 times (x 68B)
Class org.jetbrains.org.objectweb.asm.ModuleVisitor                                   : loaded 3 times (x 77B)
Class com.google.common.collect.Iterators$ArrayItr                                    : loaded 3 times (x 93B)
Class org.jetbrains.kotlin.metadata.jvm.JvmProtoBuf$StringTableTypes$RecordOrBuilder  : loaded 3 times (x 66B)
Class [Lkotlin.annotation.AnnotationTarget;                                           : loaded 3 times (x 65B)
Class com.google.common.collect.Maps                                                  : loaded 3 times (x 67B)
Class kotlin.jvm.internal.PropertyReference1                                          : loaded 3 times (x 123B)
Class [Lcom.google.common.collect.MapMakerInternalMap$Segment;                        : loaded 3 times (x 65B)
Class com.google.common.collect.ImmutableRangeSet$AsSet                               : loaded 3 times (x 296B)
Class com.google.common.collect.ImmutableCollection$Builder                           : loaded 3 times (x 72B)
Class org.jetbrains.kotlin.metadata.ProtoBuf$VersionRequirementTableOrBuilder         : loaded 3 times (x 66B)
Class org.jetbrains.kotlin.metadata.ProtoBuf$MemberKind$1                             : loaded 3 times (x 70B)
Class org.jetbrains.kotlin.resolve.jvm.JvmClassName                                   : loaded 3 times (x 72B)
Class org.jetbrains.kotlin.metadata.jvm.JvmProtoBuf$JvmFieldSignatureOrBuilder        : loaded 3 times (x 66B)
Class org.jetbrains.kotlin.resolve.scopes.receivers.ReceiverValue                     : loaded 3 times (x 66B)
Class org.jetbrains.kotlin.metadata.jvm.JvmProtoBuf$JvmMethodSignature$Builder        : loaded 3 times (x 130B)
Class kotlin.sequences.DistinctSequence                                               : loaded 3 times (x 71B)
Class kotlin.io.FileSystemException                                                   : loaded 3 times (x 78B)
Class kotlin.sequences.EmptySequence                                                  : loaded 3 times (x 74B)
Class kotlinx.coroutines.NonDisposableHandle                                          : loaded 3 times (x 74B)
Class [Lkotlin.coroutines.intrinsics.CoroutineSingletons;                             : loaded 3 times (x 65B)
Class kotlinx.coroutines.DisposableHandle                                             : loaded 3 times (x 66B)
Class kotlin.collections.builders.SetBuilder                                          : loaded 3 times (x 139B)
Class kotlin.jvm.internal.PropertyReference0                                          : loaded 3 times (x 123B)
Class kotlin.sequences.DropWhileSequence$iterator$1                                   : loaded 3 times (x 75B)
Class org.jetbrains.kotlin.load.kotlin.FileBasedKotlinClass$OuterAndInnerName         : loaded 3 times (x 68B)
Class kotlinx.coroutines.internal.LockFreeTaskQueue                                   : loaded 3 times (x 68B)
Class jdk.internal.jrtfs.SystemImage$1                                                : loaded 3 times (x 74B)
Class [Lorg.jetbrains.org.objectweb.asm.SymbolTable$Entry;                            : loaded 3 times (x 65B)
Class org.jetbrains.kotlin.metadata.ProtoBuf$Constructor                              : loaded 3 times (x 126B)
Class [Lorg.jetbrains.kotlin.metadata.ProtoBuf$TypeParameter$Variance;                : loaded 3 times (x 65B)
Class org.jetbrains.kotlin.load.kotlin.KotlinJvmBinaryClass$AnnotationArgumentVisitor : loaded 3 times (x 66B)
Class org.jetbrains.kotlin.load.kotlin.header.KotlinClassHeader$Kind                  : loaded 3 times (x 75B)
Class org.jetbrains.kotlin.metadata.ProtoBuf$TypeAlias                                : loaded 3 times (x 136B)
Class org.jetbrains.kotlin.metadata.jvm.deserialization.JvmMemberSignature            : loaded 3 times (x 70B)
Class jdk.internal.jrtfs.JrtPath                                                      : loaded 3 times (x 114B)
Class jdk.internal.jimage.ImageBufferCache                                            : loaded 3 times (x 67B)
Class kotlin.collections.builders.AbstractMapBuilderEntrySet                          : loaded 3 times (x 140B)
Class com.google.common.base.Joiner                                                   : loaded 3 times (x 75B)
Class org.jetbrains.kotlin.protobuf.WireFormat$FieldType                              : loaded 3 times (x 79B)
Class org.jetbrains.kotlin.metadata.jvm.JvmProtoBuf$StringTableTypes                  : loaded 3 times (x 106B)
Class com.google.common.base.MoreObjects                                              : loaded 3 times (x 67B)
Class org.jetbrains.kotlin.metadata.ProtoBuf$AnnotationOrBuilder                      : loaded 3 times (x 66B)
Class org.jetbrains.kotlin.load.kotlin.FileBasedKotlinClass                           : loaded 3 times (x 84B)
Class org.jetbrains.kotlin.name.ClassId$Companion                                     : loaded 3 times (x 67B)
Class [Lorg.jetbrains.kotlin.cli.common.CompilerSystemProperties;                     : loaded 3 times (x 65B)
Class kotlinx.coroutines.CoroutineDispatcher                                          : loaded 3 times (x 95B)
Class kotlinx.coroutines.CoroutineDispatcher$Key$1                                    : loaded 3 times (x 74B)
Class kotlin.jvm.internal.markers.KMutableListIterator                                : loaded 3 times (x 66B)
Class org.jetbrains.kotlin.protobuf.MessageLiteOrBuilder                              : loaded 3 times (x 66B)
Class org.jetbrains.kotlin.metadata.ProtoBuf$TypeTable                                : loaded 3 times (x 105B)
Class org.jetbrains.kotlin.metadata.jvm.JvmProtoBuf$JvmMethodSignature                : loaded 3 times (x 104B)
Class org.jetbrains.kotlin.metadata.jvm.JvmProtoBuf$JvmFieldSignature$1               : loaded 3 times (x 140B)
Class com.google.common.collect.RegularImmutableList                                  : loaded 3 times (x 209B)
Class kotlin.collections.builders.ListBuilder$Companion                               : loaded 3 times (x 67B)
Class kotlin.collections.builders.ListBuilder                                         : loaded 3 times (x 203B)
Class org.jetbrains.kotlin.load.kotlin.header.ReadKotlinClassHeaderAnnotationVisitor$KotlinMetadataArgumentVisitor: loaded 3 times (x 82B)
Class org.jetbrains.kotlin.metadata.jvm.deserialization.UtfEncodingKt                 : loaded 3 times (x 67B)
Class kotlinx.coroutines.scheduling.CoroutineScheduler$Companion                      : loaded 3 times (x 67B)
Class kotlinx.coroutines.scheduling.DefaultScheduler                                  : loaded 3 times (x 108B)
Class com.google.common.collect.SortedSetMultimap                                     : loaded 3 times (x 66B)
Class jdk.internal.jrtfs.SystemImage$2                                                : loaded 3 times (x 72B)
Class kotlinx.coroutines.Dispatchers                                                  : loaded 3 times (x 67B)
Class com.google.common.collect.IndexedImmutableSet$1                                 : loaded 3 times (x 209B)
Class kotlin.io.NoSuchFileException                                                   : loaded 3 times (x 78B)
Class com.google.common.base.Function                                                 : loaded 3 times (x 66B)
Class org.jetbrains.kotlin.name.FqName                                                : loaded 3 times (x 68B)
Class kotlinx.coroutines.CompletionStateKt                                            : loaded 3 times (x 67B)
Class org.jetbrains.kotlin.metadata.ProtoBuf$Property                                 : loaded 3 times (x 168B)
Class org.jetbrains.kotlin.metadata.ProtoBuf$TypeParameterOrBuilder                   : loaded 3 times (x 66B)
Class com.google.common.collect.Platform                                              : loaded 3 times (x 67B)
Class org.jetbrains.kotlin.metadata.jvm.JvmProtoBuf$StringTableTypes$1                : loaded 3 times (x 140B)
Class com.google.common.collect.ImmutableMapEntry$NonTerminalImmutableMapEntry        : loaded 3 times (x 81B)
Class com.google.common.collect.Iterators$MergingIterator                             : loaded 3 times (x 77B)
Class com.google.common.base.Equivalence                                              : loaded 3 times (x 78B)
Class kotlin.sequences.DropWhileSequence                                              : loaded 3 times (x 71B)
Class kotlin.ranges.IntRange                                                          : loaded 3 times (x 89B)
Class [Lorg.objectweb.asm.Type;                                                       : loaded 3 times (x 65B)
Class [Lorg.objectweb.asm.Attribute;                                                  : loaded 3 times (x 65B)
Class kotlinx.coroutines.ThreadLocalEventLoop                                         : loaded 3 times (x 67B)
Class kotlin.coroutines.AbstractCoroutineContextElement                               : loaded 3 times (x 85B)
Class kotlinx.coroutines.BlockingEventLoop                                            : loaded 3 times (x 113B)
Class org.jetbrains.kotlin.utils.CollectionsKt                                        : loaded 3 times (x 67B)
Class org.jetbrains.kotlin.metadata.ProtoBuf$PropertyOrBuilder                        : loaded 3 times (x 66B)
Class org.jetbrains.kotlin.metadata.ProtoBuf$Constructor$1                            : loaded 3 times (x 140B)
Class kotlin.jvm.internal.markers.KMutableMap                                         : loaded 3 times (x 66B)
Class kotlin.properties.ReadOnlyProperty                                              : loaded 3 times (x 66B)
Class com.google.common.collect.ImmutableMapEntry                                     : loaded 3 times (x 81B)
Class kotlin.reflect.KProperty0                                                       : loaded 3 times (x 66B)
Class kotlin.Result                                                                   : loaded 3 times (x 68B)
Class kotlinx.coroutines.scheduling.NanoTimeSource                                    : loaded 3 times (x 68B)
Class kotlinx.coroutines.BuildersKt__BuildersKt                                       : loaded 3 times (x 67B)
Class com.google.common.collect.MapMakerInternalMap$InternalEntry                     : loaded 3 times (x 66B)
Class org.jetbrains.kotlin.load.kotlin.header.ReadKotlinClassHeaderAnnotationVisitor$KotlinMetadataArgumentVisitor$2: loaded 3 times (x 81B)
Class com.google.common.base.Splitter$5                                               : loaded 3 times (x 76B)
Class com.google.common.collect.UnmodifiableIterator                                  : loaded 3 times (x 76B)
Class org.jetbrains.kotlin.metadata.jvm.JvmProtoBuf$StringTableTypes$Record$1         : loaded 3 times (x 140B)
Class org.jetbrains.kotlin.metadata.ProtoBuf$VersionRequirement$1                     : loaded 3 times (x 140B)
Class [Lcom.google.common.collect.HashBiMap$BiEntry;                                  : loaded 3 times (x 65B)
Class com.google.common.collect.MapMakerInternalMap$1                                 : loaded 3 times (x 79B)
Class com.google.common.collect.SingletonImmutableBiMap                               : loaded 3 times (x 139B)
Class com.google.common.collect.Iterators$SingletonIterator                           : loaded 3 times (x 77B)
Class com.google.common.collect.HashBiMap$BiEntry                                     : loaded 3 times (x 79B)
Class org.jetbrains.kotlin.load.kotlin.header.ReadKotlinClassHeaderAnnotationVisitor$CollectStringArrayAnnotationVisitor: loaded 3 times (x 81B)
Class com.google.common.math.IntMath                                                  : loaded 3 times (x 67B)
Class kotlin.collections.AbstractList$IteratorImpl                                    : loaded 3 times (x 78B)
Class com.google.common.collect.AbstractMapEntry                                      : loaded 3 times (x 77B)
Class org.jetbrains.kotlin.metadata.ProtoBuf$Class$1                                  : loaded 3 times (x 140B)
Class org.jetbrains.kotlin.protobuf.ExtensionRegistryLite$ObjectIntPair               : loaded 3 times (x 68B)
Class com.google.common.collect.RegularImmutableSortedSet                             : loaded 3 times (x 296B)
Class org.jetbrains.kotlin.descriptors.Visibilities$Public                            : loaded 3 times (x 75B)
Class kotlin.collections.AbstractMap                                                  : loaded 3 times (x 118B)
Class org.jetbrains.kotlin.load.kotlin.header.ReadKotlinClassHeaderAnnotationVisitor$KotlinMetadataArgumentVisitor$1: loaded 3 times (x 81B)
Class kotlin.jvm.internal.Intrinsics$Kotlin                                           : loaded 3 times (x 67B)
Class kotlin.reflect.KClass                                                           : loaded 3 times (x 66B)
Class kotlin.reflect.KProperty1                                                       : loaded 3 times (x 66B)
Class kotlin.time.DurationUnitKt                                                      : loaded 3 times (x 67B)
Class com.google.common.base.CommonPattern                                            : loaded 3 times (x 70B)
Class kotlin.sequences.TransformingSequence$iterator$1                                : loaded 3 times (x 75B)
Class [Lkotlin.Function;                                                              : loaded 3 times (x 65B)
Class com.google.common.base.CharMatcher$IsNot                                        : loaded 3 times (x 107B)
Class jdk.internal.jrtfs.JrtFileSystemProvider                                        : loaded 3 times (x 97B)
Class kotlinx.coroutines.CompletionHandlerBase                                        : loaded 3 times (x 76B)
Class jdk.internal.jrtfs.JrtFileAttributes                                            : loaded 3 times (x 79B)
Class [Lkotlin.sequences.Sequence;                                                    : loaded 3 times (x 65B)
Class kotlinx.coroutines.scheduling.SchedulerCoroutineDispatcher                      : loaded 3 times (x 108B)
Class kotlinx.coroutines.ChildHandleNode                                              : loaded 3 times (x 90B)
Class com.google.common.collect.AbstractMultimap                                      : loaded 3 times (x 119B)
Class [Lorg.jetbrains.kotlin.protobuf.Internal$EnumLite;                              : loaded 3 times (x 65B)
Class kotlin.jvm.internal.MutablePropertyReference1Impl                               : loaded 3 times (x 133B)
Class com.google.common.collect.ImmutableSortedSet                                    : loaded 3 times (x 296B)
Class org.jetbrains.kotlin.metadata.ProtoBuf$Expression$ConstantValue                 : loaded 3 times (x 78B)
Class jdk.internal.jimage.ImageReader$Resource                                        : loaded 3 times (x 80B)
Class com.google.common.collect.ImmutableList$Builder                                 : loaded 3 times (x 73B)
Class kotlin.sequences.GeneratorSequence$iterator$1                                   : loaded 3 times (x 75B)
Class jdk.internal.jimage.decompressor.Decompressor                                   : loaded 3 times (x 68B)
Class com.google.common.collect.Maps$EntryTransformer                                 : loaded 3 times (x 66B)
Class kotlin.sequences.FlatteningSequence                                             : loaded 3 times (x 71B)
Class org.objectweb.asm.Context                                                       : loaded 3 times (x 68B)
Class [Lkotlin.Pair;                                                                  : loaded 3 times (x 65B)
Class kotlin.reflect.KProperty2                                                       : loaded 3 times (x 66B)
Class kotlinx.coroutines.internal.SystemPropsKt__SystemPropsKt                        : loaded 3 times (x 67B)
Class kotlinx.coroutines.scheduling.GlobalQueue                                       : loaded 3 times (x 68B)
Class kotlinx.coroutines.scheduling.TasksKt                                           : loaded 3 times (x 67B)
Class [Lorg.jetbrains.kotlin.metadata.ProtoBuf$MemberKind;                            : loaded 3 times (x 65B)
Class kotlinx.coroutines.ChildJob                                                     : loaded 3 times (x 66B)
Class kotlin.ranges.IntProgressionIterator                                            : loaded 3 times (x 78B)
Class org.jetbrains.kotlin.cli.common.CompilerSystemProperties$value$1                : loaded 3 times (x 121B)
Class kotlin.jvm.internal.markers.KMutableList                                        : loaded 3 times (x 66B)
Class org.jetbrains.kotlin.protobuf.AbstractParser                                    : loaded 3 times (x 140B)
Class org.jetbrains.kotlin.metadata.ProtoBuf$Annotation$1                             : loaded 3 times (x 140B)
Class kotlin.ranges.IntProgression                                                    : loaded 3 times (x 77B)
Class org.jetbrains.kotlin.metadata.ProtoBuf$VersionRequirement$VersionKind$1         : loaded 3 times (x 70B)
Class kotlin.sequences.DropTakeSequence                                               : loaded 3 times (x 66B)
Class kotlin.coroutines.CoroutineContext$Key                                          : loaded 3 times (x 66B)
Class kotlin.coroutines.jvm.internal.RestrictedContinuationImpl                       : loaded 3 times (x 83B)
Class org.jetbrains.kotlin.descriptors.Visibilities$Private                           : loaded 3 times (x 75B)
Class kotlin.io.TextStreamsKt                                                         : loaded 3 times (x 67B)
Class com.google.common.collect.ImmutableAsList                                       : loaded 3 times (x 205B)
Class kotlin.jvm.internal.markers.KMutableSet                                         : loaded 3 times (x 66B)
Class com.google.common.base.FunctionalEquivalence                                    : loaded 3 times (x 79B)
Class kotlin.properties.NotNullVar                                                    : loaded 3 times (x 75B)
Class com.google.common.collect.AbstractMapBasedMultimap                              : loaded 3 times (x 135B)
Class com.google.common.collect.Iterators$9                                           : loaded 3 times (x 77B)
Class org.jetbrains.org.objectweb.asm.AnnotationWriter                                : loaded 3 times (x 75B)
Class com.google.common.collect.ImmutableRangeSet$1                                   : loaded 3 times (x 206B)
Class jdk.internal.jimage.BasicImageReader$1                                          : loaded 3 times (x 73B)
Class com.google.common.collect.Lists                                                 : loaded 3 times (x 67B)
Class org.jetbrains.kotlin.metadata.deserialization.ProtoBufUtilKt                    : loaded 3 times (x 67B)
Class com.google.common.base.Converter                                                : loaded 3 times (x 86B)
Class kotlinx.coroutines.internal.ResizableAtomicArray                                : loaded 3 times (x 68B)
Class kotlin.coroutines.jvm.internal.CompletedContinuation                            : loaded 3 times (x 71B)
Class com.google.common.collect.ImmutableSet$CachingAsList                            : loaded 3 times (x 144B)
Class kotlin.collections.AbstractSet                                                  : loaded 3 times (x 131B)
Class kotlinx.coroutines.EventLoop                                                    : loaded 3 times (x 101B)
Class org.jetbrains.kotlin.metadata.ProtoBuf$Function$1                               : loaded 3 times (x 140B)
Class org.jetbrains.kotlin.metadata.ProtoBuf$Annotation$Argument$1                    : loaded 3 times (x 140B)
Class kotlinx.coroutines.internal.LimitedDispatcherKt                                 : loaded 3 times (x 67B)
Class kotlin.coroutines.CoroutineContext$Element                                      : loaded 3 times (x 66B)
Class org.jetbrains.kotlin.metadata.deserialization.Flags$BooleanFlagField            : loaded 3 times (x 72B)
Class com.google.common.collect.RegularImmutableAsList                                : loaded 3 times (x 213B)
Class org.jetbrains.kotlin.metadata.ProtoBuf$Annotation$Argument$Value$Type$1         : loaded 3 times (x 70B)
Class org.jetbrains.kotlin.metadata.ProtoBuf$TypeOrBuilder                            : loaded 3 times (x 66B)
Class org.jetbrains.kotlin.metadata.jvm.deserialization.JvmProtoBufUtil               : loaded 3 times (x 67B)
Class kotlin.io.TerminateException                                                    : loaded 3 times (x 78B)
Class com.google.common.collect.Iterators                                             : loaded 3 times (x 67B)
Class kotlin.KotlinVersionCurrentValue                                                : loaded 3 times (x 67B)
Class kotlin.collections.builders.MapBuilder$Itr                                      : loaded 3 times (x 68B)
Class kotlin.collections.AbstractMutableMap                                           : loaded 3 times (x 124B)
Class kotlin.collections.AbstractIterator                                             : loaded 3 times (x 79B)
Class com.google.common.collect.Range                                                 : loaded 3 times (x 83B)
Class org.jetbrains.kotlin.load.kotlin.KotlinJvmBinaryClass$AnnotationVisitor         : loaded 3 times (x 66B)
Class org.jetbrains.kotlin.metadata.ProtoBuf$TypeTableOrBuilder                       : loaded 3 times (x 66B)
Class jdk.internal.jimage.ImageReader$Node                                            : loaded 3 times (x 80B)
Class org.jetbrains.kotlin.protobuf.AbstractMessageLite$Builder                       : loaded 3 times (x 118B)
Class org.jetbrains.kotlin.protobuf.Internal$EnumLiteMap                              : loaded 3 times (x 66B)
Class org.jetbrains.kotlin.protobuf.GeneratedMessageLite                              : loaded 3 times (x 97B)
Class org.jetbrains.kotlin.cli.common.messages.MessageCollector$Companion             : loaded 3 times (x 67B)
Class com.google.common.collect.ImmutableCollection                                   : loaded 3 times (x 121B)
Class com.google.common.base.CharMatcher$AnyOf                                        : loaded 3 times (x 108B)
Class org.jetbrains.kotlin.metadata.ProtoBuf$Package                                  : loaded 3 times (x 125B)
Class kotlin.coroutines.jvm.internal.DebugProbesKt                                    : loaded 3 times (x 67B)
Class org.jetbrains.kotlin.metadata.ProtoBuf$Expression                               : loaded 3 times (x 116B)
Class kotlin.text.CharsKt                                                             : loaded 3 times (x 67B)
Class com.google.common.base.CharMatcher$ForPredicate                                 : loaded 3 times (x 108B)
Class kotlin.text.RegexKt                                                             : loaded 3 times (x 67B)
Class org.jetbrains.kotlin.name.FqNameUnsafe                                          : loaded 3 times (x 68B)
Class kotlinx.coroutines.DefaultExecutor                                              : loaded 3 times (x 116B)
Class kotlinx.coroutines.Job$Key                                                      : loaded 3 times (x 67B)
Class kotlin.coroutines.intrinsics.IntrinsicsKt__IntrinsicsKt                         : loaded 3 times (x 67B)
Class org.jetbrains.kotlin.protobuf.WireFormat$FieldType$4                            : loaded 3 times (x 79B)
Class org.jetbrains.kotlin.metadata.ProtoBuf$Type$1                                   : loaded 3 times (x 140B)
Class kotlin.collections.MutableMapWithDefault                                        : loaded 3 times (x 66B)
Class org.jetbrains.kotlin.load.kotlin.KotlinJvmBinaryClass                           : loaded 3 times (x 66B)
Class org.jetbrains.kotlin.descriptors.Visibilities$Unknown                           : loaded 3 times (x 75B)
Class org.jetbrains.kotlin.metadata.ProtoBuf$Contract$1                               : loaded 3 times (x 140B)
Class [Lorg.jetbrains.kotlin.metadata.ProtoBuf$Annotation$Argument$Value$Type;        : loaded 3 times (x 65B)
Class org.jetbrains.kotlin.metadata.jvm.JvmProtoBuf$JvmMethodSignature$1              : loaded 3 times (x 140B)
Class kotlin.time.Duration$Companion                                                  : loaded 3 times (x 67B)
Class [Lorg.jetbrains.org.objectweb.asm.Type;                                         : loaded 3 times (x 65B)
Class org.jetbrains.kotlin.descriptors.Visibilities$Internal                          : loaded 3 times (x 75B)
Class org.jetbrains.kotlin.load.kotlin.FileBasedKotlinClass$3$1                       : loaded 3 times (x 74B)
Class org.jetbrains.kotlin.metadata.ProtoBuf$VersionRequirementOrBuilder              : loaded 3 times (x 66B)
Class org.jetbrains.kotlin.metadata.ProtoBuf$VersionRequirement$Level                 : loaded 3 times (x 78B)
Class [Lkotlin.jvm.internal.markers.KMappedMarker;                                    : loaded 3 times (x 65B)
Class org.jetbrains.kotlin.protobuf.Parser                                            : loaded 3 times (x 66B)
Class org.jetbrains.kotlin.config.KotlinCompilerVersion                               : loaded 3 times (x 67B)
Class jdk.internal.jimage.decompressor.ResourceDecompressorFactory                    : loaded 3 times (x 70B)
Class com.google.common.base.Splitter$SplittingIterator                               : loaded 3 times (x 80B)
Class com.google.common.collect.ImmutableSet$JdkBackedSetBuilderImpl                  : loaded 3 times (x 72B)
Class org.jetbrains.kotlin.protobuf.WireFormat$FieldType$3                            : loaded 3 times (x 79B)
Class kotlinx.coroutines.intrinsics.CancellableKt                                     : loaded 3 times (x 67B)
Class com.google.common.collect.Iterators$5                                           : loaded 3 times (x 78B)
Class jdk.internal.jimage.ImageReader$SharedImageReader                               : loaded 3 times (x 91B)
Class kotlin.coroutines.ContinuationInterceptor$Key                                   : loaded 3 times (x 67B)
Class kotlin.text.DelimitedRangesSequence$iterator$1                                  : loaded 3 times (x 75B)
Class kotlin.SafePublicationLazyImpl                                                  : loaded 3 times (x 72B)
Class org.jetbrains.kotlin.protobuf.WireFormat$FieldType$2                            : loaded 3 times (x 79B)
Class com.google.common.collect.Lists$StringAsImmutableList                           : loaded 3 times (x 203B)
Class jdk.internal.jimage.ImageLocation                                               : loaded 3 times (x 86B)
Class jdk.internal.jrtfs.JrtDirectoryStream$1                                         : loaded 3 times (x 79B)
Class [Lorg.jetbrains.kotlin.protobuf.WireFormat$FieldType;                           : loaded 3 times (x 65B)
Class org.jetbrains.kotlin.metadata.ProtoBuf$ValueParameter$1                         : loaded 3 times (x 140B)
Class org.jetbrains.kotlin.metadata.ProtoBuf$TypeParameter                            : loaded 3 times (x 126B)
Class com.google.common.collect.ImmutableBiMap                                        : loaded 3 times (x 139B)
Class org.gradle.kotlin.dsl.VersionCatalogAccessorsKt                                 : loaded 3 times (x 67B)
Class com.google.common.collect.SortedIterable                                        : loaded 3 times (x 66B)
Class kotlin.time.DurationJvmKt                                                       : loaded 3 times (x 67B)
Class kotlin.collections.builders.MapBuilder$EntriesItr                               : loaded 3 times (x 77B)
Class com.google.common.collect.AbstractListMultimap                                  : loaded 3 times (x 168B)
Class org.jetbrains.kotlin.metadata.jvm.deserialization.JvmMemberSignature$Method     : loaded 3 times (x 71B)
Class kotlin.jvm.internal.Ref$IntRef                                                  : loaded 3 times (x 67B)
Class com.google.common.collect.Iterators$4                                           : loaded 3 times (x 78B)
Class [Lorg.jetbrains.kotlin.metadata.ProtoBuf$VersionRequirement$Level;              : loaded 3 times (x 65B)
Class jdk.internal.jimage.ImageReader                                                 : loaded 3 times (x 71B)
Class kotlin.reflect.KProperty$Getter                                                 : loaded 3 times (x 66B)
Class org.jetbrains.kotlin.protobuf.ByteString                                        : loaded 3 times (x 104B)
Class org.jetbrains.kotlin.protobuf.WireFormat$FieldType$1                            : loaded 3 times (x 79B)
Class org.jetbrains.kotlin.metadata.ProtoBuf$Annotation$Argument                      : loaded 3 times (x 104B)
Class org.jetbrains.kotlin.protobuf.GeneratedMessageLite$Builder                      : loaded 3 times (x 124B)
Class org.jetbrains.kotlin.metadata.jvm.JvmProtoBuf$JvmMethodSignatureOrBuilder       : loaded 3 times (x 66B)
Class org.jetbrains.kotlin.protobuf.WireFormat$JavaType                               : loaded 3 times (x 75B)
Class org.jetbrains.kotlin.metadata.ProtoBuf$Class$Kind                               : loaded 3 times (x 78B)
Class org.jetbrains.kotlin.metadata.ProtoBuf$Annotation$Argument$Value$Type           : loaded 3 times (x 78B)
Class com.google.common.collect.ImmutableMap$IteratorBasedImmutableMap                : loaded 3 times (x 122B)
Class com.google.common.collect.SingletonImmutableSet                                 : loaded 3 times (x 142B)
Class kotlinx.coroutines.ExecutorCoroutineDispatcher$Key$1                            : loaded 3 times (x 74B)
Class kotlin.collections.AbstractMutableSet                                           : loaded 3 times (x 138B)
Class kotlin.Metadata                                                                 : loaded 3 times (x 66B)
Class org.jetbrains.org.objectweb.asm.ClassTooLargeException                          : loaded 3 times (x 79B)
Class kotlin.properties.Delegates                                                     : loaded 3 times (x 67B)
Class org.jetbrains.kotlin.load.kotlin.FileBasedKotlinClass$4                         : loaded 3 times (x 84B)
Class kotlin.DeprecationLevel                                                         : loaded 3 times (x 75B)
Class org.jetbrains.org.objectweb.asm.ClassWriter                                     : loaded 3 times (x 102B)
Class jdk.internal.jimage.ImageStringsReader                                          : loaded 3 times (x 76B)
Class org.jetbrains.kotlin.metadata.ProtoBuf$Class                                    : loaded 3 times (x 173B)
Class org.jetbrains.kotlin.metadata.ProtoBuf$Type                                     : loaded 3 times (x 141B)
Class org.jetbrains.kotlin.descriptors.Visibilities$PrivateToThis                     : loaded 3 times (x 75B)
Class org.jetbrains.kotlin.metadata.ProtoBuf$Property$1                               : loaded 3 times (x 140B)
Class kotlin.time.DurationUnitKt__DurationUnitJvmKt                                   : loaded 3 times (x 67B)
Class kotlin.jvm.JvmStatic                                                            : loaded 3 times (x 66B)
Class org.jetbrains.kotlin.load.kotlin.FileBasedKotlinClass$3                         : loaded 3 times (x 74B)
Class com.google.common.collect.Iterators$1                                           : loaded 3 times (x 77B)
Class kotlin.jvm.internal.markers.KMutableMap$Entry                                   : loaded 3 times (x 66B)
Class kotlin.jvm.internal.Lambda                                                      : loaded 3 times (x 71B)
Class org.jetbrains.kotlin.metadata.ProtoBuf$TypeParameter$Variance$1                 : loaded 3 times (x 70B)
Class kotlinx.coroutines.CoroutineDispatcher$Key                                      : loaded 3 times (x 68B)
Class [Lkotlinx.coroutines.CoroutineStart;                                            : loaded 3 times (x 65B)
Class [Lkotlin.reflect.KDeclarationContainer;                                         : loaded 3 times (x 65B)
Class org.jetbrains.kotlin.protobuf.SmallSortedMap$1                                  : loaded 3 times (x 126B)
Class org.jetbrains.kotlin.protobuf.GeneratedMessageLite$GeneratedExtension           : loaded 3 times (x 75B)
Class org.jetbrains.kotlin.metadata.ProtoBuf$Type$ArgumentOrBuilder                   : loaded 3 times (x 66B)
Class kotlin.time.DurationUnitKt__DurationUnitKt                                      : loaded 3 times (x 67B)
Class kotlin.collections.builders.SetBuilder$Companion                                : loaded 3 times (x 67B)
Class org.jetbrains.kotlin.load.kotlin.FileBasedKotlinClass$2                         : loaded 3 times (x 84B)
Class com.google.common.base.JdkPattern                                               : loaded 3 times (x 71B)
Class kotlin.coroutines.CoroutineContext                                              : loaded 3 times (x 66B)
Class org.jetbrains.kotlin.descriptors.SourceElement                                  : loaded 3 times (x 66B)
Class com.google.common.collect.RegularImmutableSet                                   : loaded 3 times (x 145B)
Class com.google.common.io.Files$FileByteSource                                       : loaded 3 times (x 81B)
Class kotlin.collections.ArraysKt___ArraysKt$asSequence$$inlined$Sequence$1           : loaded 3 times (x 71B)
Class org.jetbrains.kotlin.metadata.deserialization.TypeTable                         : loaded 3 times (x 68B)
Class com.google.common.base.CharMatcher$And                                          : loaded 3 times (x 108B)
Class kotlin.collections.ArrayDeque                                                   : loaded 3 times (x 203B)
Class jdk.internal.jimage.ImageBufferCache$1                                          : loaded 3 times (x 79B)
Class com.google.common.collect.ImmutableList$ReverseImmutableList                    : loaded 3 times (x 205B)
Class org.jetbrains.kotlin.load.kotlin.FileBasedKotlinClass$1                         : loaded 3 times (x 84B)
Class kotlin.sequences.TakeWhileSequence$iterator$1                                   : loaded 3 times (x 75B)
Class kotlin.collections.ReversedList                                                 : loaded 3 times (x 203B)
Class [Lorg.jetbrains.org.objectweb.asm.AnnotationWriter;                             : loaded 3 times (x 65B)
Class com.google.common.collect.RegularImmutableMap$KeySet                            : loaded 3 times (x 148B)
Class org.jetbrains.kotlin.metadata.deserialization.ProtoTypeTableUtilKt              : loaded 3 times (x 67B)
Class com.google.common.base.Objects                                                  : loaded 3 times (x 67B)
Class com.google.common.collect.AbstractMapBasedMultimap$Itr                          : loaded 3 times (x 79B)
Class com.google.common.io.ByteSink                                                   : loaded 3 times (x 72B)
Class org.jetbrains.kotlin.metadata.ProtoBuf$Effect$EffectType$1                      : loaded 3 times (x 70B)
Class org.jetbrains.kotlin.metadata.ProtoBuf$EffectOrBuilder                          : loaded 3 times (x 66B)
Class com.google.common.collect.SingletonImmutableList                                : loaded 3 times (x 203B)
Class org.jetbrains.kotlin.descriptors.DeclarationDescriptor                          : loaded 3 times (x 66B)
Class kotlin.time.DurationUnit                                                        : loaded 3 times (x 75B)
Class org.objectweb.asm.FieldVisitor                                                  : loaded 3 times (x 73B)
Class com.google.common.collect.IndexedImmutableSet                                   : loaded 3 times (x 148B)
Class com.google.common.collect.ImmutableMap$1                                        : loaded 3 times (x 77B)
Class org.jetbrains.kotlin.load.kotlin.KotlinJvmBinaryClass$AnnotationArrayArgumentVisitor: loaded 3 times (x 66B)
Class org.jetbrains.org.objectweb.asm.ByteVector                                      : loaded 3 times (x 74B)
Class org.jetbrains.kotlin.protobuf.BoundedByteString                                 : loaded 3 times (x 108B)
Class jdk.internal.jimage.decompressor.ResourceDecompressor                           : loaded 3 times (x 66B)
Class com.google.common.base.Splitter$Strategy                                        : loaded 3 times (x 66B)
Class kotlin.jvm.internal.TypeIntrinsics                                              : loaded 3 times (x 67B)
Class kotlinx.coroutines.ThreadContextElement                                         : loaded 3 times (x 66B)
Class kotlinx.coroutines.internal.SystemPropsKt__SystemProps_commonKt                 : loaded 3 times (x 67B)
Class kotlinx.coroutines.DispatchedTaskKt                                             : loaded 3 times (x 67B)
Class org.jetbrains.kotlin.metadata.ProtoBuf$PackageOrBuilder                         : loaded 3 times (x 66B)
Class org.jetbrains.kotlin.protobuf.SmallSortedMap$EmptySet$2                         : loaded 3 times (x 74B)
Class org.jetbrains.kotlin.metadata.ProtoBuf$ValueParameterOrBuilder                  : loaded 3 times (x 66B)
Class kotlin.collections.IntIterator                                                  : loaded 3 times (x 78B)
Class org.jetbrains.kotlin.metadata.jvm.JvmProtoBuf$JvmPropertySignature              : loaded 3 times (x 110B)
Class kotlin.collections.builders.ListBuilderKt                                       : loaded 3 times (x 67B)
Class kotlinx.coroutines.JobSupport                                                   : loaded 3 times (x 128B)
Class org.jetbrains.kotlin.descriptors.Visibilities$Protected                         : loaded 3 times (x 75B)
Class com.google.common.collect.BiMap                                                 : loaded 3 times (x 66B)
Class jdk.internal.jimage.ImageBufferCache$2                                          : loaded 3 times (x 87B)
Class com.google.common.collect.MapMakerInternalMap$Segment                           : loaded 3 times (x 138B)
Class com.google.common.collect.NullnessCasts                                         : loaded 3 times (x 67B)
Class androidx.navigation.lint.BaseWrongStartDestinationTypeDetectorKt                : loaded 3 times (x 67B)
Class com.google.common.base.ExtraObjectsMethodsForWeb                                : loaded 3 times (x 67B)
Class kotlin.ranges.ClosedRange                                                       : loaded 3 times (x 66B)
Class com.google.common.collect.Multimap                                              : loaded 3 times (x 66B)
Class com.google.common.collect.AbstractIterator                                      : loaded 3 times (x 78B)
Class com.google.common.primitives.IntsMethodsForWeb                                  : loaded 3 times (x 67B)
Class org.jetbrains.kotlin.metadata.jvm.deserialization.JvmNameResolverKt             : loaded 3 times (x 67B)
Class org.jetbrains.kotlin.cli.common.messages.MessageCollector                       : loaded 3 times (x 66B)
Class org.jetbrains.kotlin.descriptors.Visibilities$InvisibleFake                     : loaded 3 times (x 75B)
Class kotlin.reflect.KProperty                                                        : loaded 3 times (x 66B)
Class kotlin.jvm.internal.Reflection                                                  : loaded 3 times (x 67B)
Class kotlin.jvm.JvmClassMappingKt                                                    : loaded 3 times (x 67B)
Class org.jetbrains.kotlin.protobuf.UninitializedMessageException                     : loaded 3 times (x 80B)
Class org.jetbrains.kotlin.protobuf.AbstractMessageLite$Builder$LimitedInputStream    : loaded 3 times (x 88B)
Class org.jetbrains.kotlin.protobuf.SmallSortedMap$EmptySet$1                         : loaded 3 times (x 74B)
Class org.jetbrains.kotlin.metadata.ProtoBuf$Type$Argument$Projection$1               : loaded 3 times (x 70B)
Class org.jetbrains.kotlin.metadata.ProtoBuf$TypeParameter$Variance                   : loaded 3 times (x 78B)
Class org.jetbrains.kotlin.metadata.ProtoBuf$Annotation$Argument$Value$1              : loaded 3 times (x 140B)
Class kotlin.annotation.AnnotationTarget                                              : loaded 3 times (x 75B)
Class org.jetbrains.org.objectweb.asm.FieldWriter                                     : loaded 3 times (x 74B)
Class com.google.common.base.Equivalence$Identity                                     : loaded 3 times (x 78B)
Class com.google.common.base.PairwiseEquivalence                                      : loaded 3 times (x 79B)
Class com.google.common.collect.AbstractMapBasedMultimap$WrappedCollection$WrappedIterator: loaded 3 times (x 80B)
Class com.google.common.base.NullnessCasts                                            : loaded 3 times (x 67B)
Class kotlin.ResultKt                                                                 : loaded 3 times (x 67B)
Class com.google.common.primitives.Ints                                               : loaded 3 times (x 67B)
Class kotlin.coroutines.CombinedContext                                               : loaded 3 times (x 74B)
Class org.jetbrains.kotlin.name.ClassId                                               : loaded 3 times (x 68B)
Class org.jetbrains.kotlin.protobuf.LiteralByteString                                 : loaded 3 times (x 108B)
Class org.jetbrains.kotlin.protobuf.LazyFieldLite                                     : loaded 3 times (x 78B)
Class com.google.common.collect.ImmutableMap$Builder                                  : loaded 3 times (x 78B)
Class jdk.internal.jimage.decompressor.ResourceDecompressor$StringsProvider           : loaded 3 times (x 66B)
Class jdk.internal.jimage.ImageHeader                                                 : loaded 3 times (x 67B)
Class kotlinx.coroutines.internal.LockFreeTaskQueueCore                               : loaded 3 times (x 68B)
Class com.google.common.collect.Multiset                                              : loaded 3 times (x 66B)
Class com.google.common.collect.ArrayListMultimapGwtSerializationDependencies         : loaded 3 times (x 168B)
Class kotlinx.coroutines.JobCancellingNode                                            : loaded 3 times (x 86B)
Class kotlin.jvm.internal.PropertyReference                                           : loaded 3 times (x 111B)
Class org.jetbrains.kotlin.metadata.ProtoBuf$VersionRequirement$VersionKind           : loaded 3 times (x 78B)
Class [Lorg.jetbrains.kotlin.metadata.ProtoBuf$Class$Kind;                            : loaded 3 times (x 65B)
Class [Lorg.jetbrains.kotlin.metadata.ProtoBuf$Effect$InvocationKind;                 : loaded 3 times (x 65B)
Class org.jetbrains.kotlin.metadata.jvm.JvmProtoBuf$StringTableTypes$Record$Operation$1: loaded 3 times (x 70B)
Class org.jetbrains.kotlin.metadata.jvm.JvmProtoBuf$StringTableTypes$Record$Operation : loaded 3 times (x 78B)
Class kotlin.collections.ReversedList$listIterator$1                                  : loaded 3 times (x 90B)
Class org.jetbrains.kotlin.descriptors.Named                                          : loaded 3 times (x 66B)
Class org.jetbrains.kotlin.metadata.ProtoBuf$TypeAliasOrBuilder                       : loaded 3 times (x 66B)
Class com.google.common.collect.ObjectArrays                                          : loaded 3 times (x 67B)
Class kotlin.sequences.DistinctIterator                                               : loaded 3 times (x 79B)
Class com.google.common.collect.AbstractIndexedListIterator                           : loaded 3 times (x 92B)
Class kotlin.io.FileAlreadyExistsException                                            : loaded 3 times (x 78B)
Class org.jetbrains.kotlin.metadata.ProtoBuf$Annotation$Builder                       : loaded 3 times (x 132B)
Class kotlinx.coroutines.internal.DispatchedContinuationKt                            : loaded 3 times (x 67B)
Class kotlin.reflect.KMutableProperty                                                 : loaded 3 times (x 66B)
Class org.jetbrains.kotlin.metadata.ProtoBuf$Visibility$1                             : loaded 3 times (x 70B)
Class org.jetbrains.kotlin.metadata.deserialization.Flags$FlagField                   : loaded 3 times (x 69B)
Class kotlin.KotlinVersion                                                            : loaded 3 times (x 70B)
Class kotlinx.coroutines.JobSupportKt                                                 : loaded 3 times (x 67B)
Class kotlinx.coroutines.ExecutorCoroutineDispatcher$Key                              : loaded 3 times (x 68B)
Class org.jetbrains.kotlin.protobuf.GeneratedMessageLite$ExtensionDescriptor          : loaded 3 times (x 80B)
Class org.jetbrains.kotlin.protobuf.InvalidProtocolBufferException                    : loaded 3 times (x 80B)
Class org.jetbrains.kotlin.metadata.deserialization.NameResolver                      : loaded 3 times (x 66B)
Class kotlinx.coroutines.Job                                                          : loaded 3 times (x 66B)
Class org.jetbrains.kotlin.protobuf.ByteString$ByteIterator                           : loaded 3 times (x 66B)
Class com.google.common.collect.ImmutableMapEntrySet                                  : loaded 3 times (x 148B)
Class org.jetbrains.kotlin.metadata.deserialization.BinaryVersion$Companion           : loaded 3 times (x 67B)
Class com.google.common.math.MathPreconditions                                        : loaded 3 times (x 67B)
Class kotlin.Result$Failure                                                           : loaded 3 times (x 68B)
Class kotlinx.coroutines.ExecutorCoroutineDispatcher                                  : loaded 3 times (x 103B)
Class org.jetbrains.kotlin.cli.jvm.compiler.CompatKt                                  : loaded 2 times (x 67B)
Class org.jetbrains.kotlin.platform.TargetPlatform                                    : loaded 2 times (x 115B)
Class kotlin.reflect.jvm.internal.KProperty2Impl                                      : loaded 2 times (x 124B)
Class [Lorg.jetbrains.kotlin.psi.KtDeclaration;                                       : loaded 2 times (x 65B)
Class kotlin.Deprecated                                                               : loaded 2 times (x 66B)
Class org.jetbrains.org.objectweb.asm.tree.JumpInsnNode                               : loaded 2 times (x 74B)
Class org.jetbrains.kotlin.serialization.deserialization.ProtoEnumFlagsUtilsKt        : loaded 2 times (x 67B)
Class com.google.common.collect.FluentIterable$3                                      : loaded 2 times (x 77B)
Class org.jetbrains.kotlin.types.TypeApproximatorConfiguration$PublicDeclaration      : loaded 2 times (x 83B)
Class org.jetbrains.kotlin.types.model.TypeSystemContextHelpersKt                     : loaded 2 times (x 67B)
Class com.android.resources.KeyboardState                                             : loaded 2 times (x 82B)
Class com.android.ide.common.rendering.api.AttrResourceValueImpl                      : loaded 2 times (x 118B)
Class org.jetbrains.kotlin.fileClasses.JvmFileClassUtilKt                             : loaded 2 times (x 67B)
Class org.jetbrains.kotlin.metadata.ProtoBuf$Effect$EffectConditionKind$1             : loaded 2 times (x 70B)
Class org.jetbrains.kotlin.resolve.calls.checkers.IncorrectCapturedApproximationCallChecker: loaded 2 times (x 70B)
Class org.jetbrains.kotlin.resolve.calls.checkers.ProtectedConstructorCallChecker     : loaded 2 times (x 70B)
Class org.jetbrains.kotlin.resolve.checkers.SealedInheritorInSamePackageChecker       : loaded 2 times (x 70B)
Class com.android.utils.PositionXmlParser$AbstractParserPool                          : loaded 2 times (x 66B)
Class org.jetbrains.kotlin.types.Variance                                             : loaded 2 times (x 76B)
Class [Lorg.jetbrains.kotlin.psi.KtPureClassOrObject;                                 : loaded 2 times (x 65B)
Class org.jetbrains.kotlin.serialization.deserialization.descriptors.DeserializedContainerSource: loaded 2 times (x 66B)
Class org.jetbrains.kotlin.psi.stubs.elements.KtContextReceiverElementType            : loaded 2 times (x 96B)
Class it.unimi.dsi.fastutil.ints.IntArrays$ForkJoinQuickSort2                         : loaded 2 times (x 92B)
Class it.unimi.dsi.fastutil.objects.ObjectBidirectionalIterator                       : loaded 2 times (x 66B)
Class [Lorg.jetbrains.kotlin.psi.KtAnnotation;                                        : loaded 2 times (x 65B)
Class kotlin.reflect.jvm.internal.impl.builtins.jvm.JavaToKotlinClassMap              : loaded 2 times (x 67B)
Class kotlin.reflect.jvm.internal.KotlinReflectionInternalError                       : loaded 2 times (x 78B)
Class org.jetbrains.kotlin.psi.KtContextReceiverList                                  : loaded 2 times (x 441B)
Class it.unimi.dsi.fastutil.ints.Int2ObjectMap$FastEntrySet                           : loaded 2 times (x 66B)
Class [Lorg.jetbrains.kotlin.name.ClassId;                                            : loaded 2 times (x 65B)
Class com.android.tools.lint.model.DefaultLintModelVariant$artifact$2                 : loaded 2 times (x 75B)
Class org.jetbrains.kotlin.resolve.jvm.extensions.PackageFragmentProviderExtension    : loaded 2 times (x 66B)
Class com.android.tools.lint.model.LintModelMavenName$Companion                       : loaded 2 times (x 67B)
Class org.jetbrains.kotlin.resolve.jvm.extensions.PackageFragmentProviderExtension$Companion: loaded 2 times (x 68B)
Class org.apache.commons.io.output.NullOutputStream                                   : loaded 2 times (x 81B)
Class org.gradle.api.internal.classpath.Module                                        : loaded 2 times (x 66B)
Class org.jetbrains.kotlin.load.kotlin.MemberSignature                                : loaded 2 times (x 68B)
Class com.google.common.collect.AbstractMultimap$Values                               : loaded 2 times (x 114B)
Class [Lcom.android.resources.GrammaticalGender;                                      : loaded 2 times (x 65B)
Class com.android.ide.common.resources.configuration.VersionQualifier$Companion       : loaded 2 times (x 67B)
Class kotlin.sequences.DropSequence$iterator$1                                        : loaded 2 times (x 75B)
Class org.jetbrains.kotlin.utils.SmartSet$SingletonIterator                           : loaded 2 times (x 77B)
Class org.jetbrains.kotlin.metadata.deserialization.VersionRequirement$Companion      : loaded 2 times (x 67B)
Class org.jetbrains.kotlin.types.TypeSystemCommonBackendContextForTypeMapping         : loaded 2 times (x 66B)
Class org.jetbrains.kotlin.load.java.structure.impl.source.JavaElementSourceFactory   : loaded 2 times (x 75B)
Class org.jetbrains.kotlin.resolve.calls.inference.components.ConstraintInjector      : loaded 2 times (x 68B)
Class org.jetbrains.kotlin.resolve.calls.context.ResolutionContext                    : loaded 2 times (x 81B)
Class org.jetbrains.kotlin.resolve.RequireKotlinConstants                             : loaded 2 times (x 67B)
Class org.jetbrains.kotlin.storage.LockBasedStorageManager$MapBasedMemoizedFunctionToNotNull: loaded 2 times (x 81B)
Class com.android.utils.PositionXmlParser$ReleasableParserContainer                   : loaded 2 times (x 72B)
Class org.jetbrains.kotlin.psi.KtPropertyDelegate                                     : loaded 2 times (x 374B)
Class org.jetbrains.kotlin.serialization.deserialization.ClassDataFinder              : loaded 2 times (x 66B)
Class org.jetbrains.kotlin.metadata.deserialization.VersionSpecificBehaviorKt         : loaded 2 times (x 67B)
Class it.unimi.dsi.fastutil.ints.IntOpenHashSet                                       : loaded 2 times (x 235B)
Class org.jetbrains.kotlin.psi.KtTypeParameterListOwner                               : loaded 2 times (x 66B)
Class kotlin.reflect.jvm.internal.KClassImpl$Data$$Lambda$0                           : loaded 2 times (x 72B)
Class kotlin.reflect.jvm.internal.KClassifierImpl                                     : loaded 2 times (x 66B)
Class org.jetbrains.kotlin.serialization.deserialization.AnnotatedCallableKind        : loaded 2 times (x 75B)
Class org.jetbrains.kotlin.builtins.functions.FunctionTypeKind                        : loaded 2 times (x 73B)
Class org.jetbrains.kotlin.builtins.functions.FunctionTypeKind$SuspendFunction        : loaded 2 times (x 73B)
Class kotlin.collections.CharIterator                                                 : loaded 2 times (x 78B)
Class [Lorg.jetbrains.kotlin.parsing.KotlinParsing$NameParsingMode;                   : loaded 2 times (x 65B)
Class com.google.common.cache.Weigher                                                 : loaded 2 times (x 66B)
Class org.gradle.api.internal.classpath.UnknownModuleException                        : loaded 2 times (x 78B)
Class org.jetbrains.kotlin.resolve.calls.inference.components.TypeVariableDependencyInformationProvider: loaded 2 times (x 68B)
Class com.android.utils.SdkUtils                                                      : loaded 2 times (x 67B)
Class com.android.ide.common.resources.configuration.TouchScreenQualifier             : loaded 2 times (x 86B)
Class org.jetbrains.kotlin.load.kotlin.JvmTypeFactory                                 : loaded 2 times (x 66B)
Class org.jetbrains.kotlin.resolve.DefaultImportProvider$DefaultImportsKey            : loaded 2 times (x 67B)
Class org.jetbrains.kotlin.load.java.AbstractJavaClassFinder                          : loaded 2 times (x 86B)
Class org.jetbrains.kotlin.container.InstanceComponentDescriptor                      : loaded 2 times (x 81B)
Class org.jetbrains.kotlin.resolve.checkers.MissingDependencyClassChecker             : loaded 2 times (x 70B)
Class org.jetbrains.kotlin.builtins.FunctionTypesKt                                   : loaded 2 times (x 67B)
Class [Lorg.jetbrains.kotlin.metadata.ProtoBuf$Effect$EffectConditionKind;            : loaded 2 times (x 65B)
Class org.jetbrains.kotlin.resolve.jvm.KotlinFinderMarker                             : loaded 2 times (x 66B)
Class org.jetbrains.kotlin.metadata.ProtoBuf$QualifiedNameTable$QualifiedName         : loaded 2 times (x 106B)
Class org.jetbrains.kotlin.metadata.jvm.deserialization.BinaryModuleData              : loaded 2 times (x 68B)
Class org.jetbrains.kotlin.psi.KtClassLiteralExpression                               : loaded 2 times (x 577B)
Class org.jetbrains.kotlin.psi.KtSuperTypeCallEntry                                   : loaded 2 times (x 517B)
Class org.jetbrains.kotlin.psi.KtSuperTypeList                                        : loaded 2 times (x 445B)
Class org.jetbrains.kotlin.psi.LambdaArgument                                         : loaded 2 times (x 66B)
Class [Lorg.jetbrains.kotlin.psi.KtTypeConstraintList;                                : loaded 2 times (x 65B)
Class org.jetbrains.kotlin.lexer.KtToken                                              : loaded 2 times (x 71B)
Class kotlin.reflect.jvm.internal.KClassImpl$Data$$Lambda$1                           : loaded 2 times (x 72B)
Class org.jetbrains.kotlin.load.java.structure.JavaValueParameter                     : loaded 2 times (x 66B)
Class kotlin.internal.PlatformImplementationsKt                                       : loaded 2 times (x 67B)
Class org.jetbrains.kotlin.load.java.typeEnhancement.SignatureEnhancementBuilder      : loaded 2 times (x 68B)
Class com.google.common.collect.FluentIterable$2                                      : loaded 2 times (x 77B)
Class org.jetbrains.kotlin.config.ApiVersion                                          : loaded 2 times (x 82B)
Class org.jetbrains.kotlin.platform.TargetPlatformVersion$NoVersion                   : loaded 2 times (x 70B)
Class com.android.prefs.VariableValue                                                 : loaded 2 times (x 78B)
Class com.android.prefs.AbstractAndroidLocations$Companion                            : loaded 2 times (x 67B)
Class com.google.common.base.Absent                                                   : loaded 2 times (x 76B)
Class org.apache.commons.io.Charsets                                                  : loaded 2 times (x 67B)
Class com.google.common.base.Stopwatch                                                : loaded 2 times (x 68B)
Class com.google.common.cache.LocalCache$Strength                                     : loaded 2 times (x 77B)
Class com.google.common.cache.Cache                                                   : loaded 2 times (x 66B)
Class com.google.gson.stream.JsonReader$1                                             : loaded 2 times (x 68B)
Class org.jetbrains.kotlin.resolve.calls.inference.components.VariableFixationFinder$VariableForFixation: loaded 2 times (x 68B)
Class org.jetbrains.kotlin.resolve.calls.inference.model.VariableWithConstraints      : loaded 2 times (x 66B)
Class org.jetbrains.kotlin.resolve.calls.inference.ConstraintSystemBuilder            : loaded 2 times (x 66B)
Class com.android.ide.common.rendering.api.ResourceNamespace$ResAutoNamespace         : loaded 2 times (x 76B)
Class com.google.common.reflect.Reflection                                            : loaded 2 times (x 67B)
Class org.jetbrains.org.objectweb.asm.tree.TryCatchBlockNode                          : loaded 2 times (x 70B)
Class kotlin.reflect.jvm.internal.KPackageImpl$$Lambda$0                              : loaded 2 times (x 72B)
Class org.jetbrains.kotlin.serialization.deserialization.NameResolverUtilKt           : loaded 2 times (x 67B)
Class com.android.ide.common.repository.AgpVersion                                    : loaded 2 times (x 71B)
Class com.android.tools.lint.model.DefaultLintModelDependencies                       : loaded 2 times (x 74B)
Class [Lorg.jetbrains.kotlin.psi.KtLambdaArgument;                                    : loaded 2 times (x 65B)
Class org.jetbrains.kotlin.psi.stubs.KotlinUserTypeStub                               : loaded 2 times (x 66B)
Class org.jetbrains.kotlin.psi.stubs.elements.KtSecondaryConstructorElementType       : loaded 2 times (x 103B)
Class [Lorg.jetbrains.kotlin.psi.KtTypeAlias;                                         : loaded 2 times (x 65B)
Class com.google.common.io.Files$2                                                    : loaded 2 times (x 72B)
Class kotlin.reflect.jvm.internal.KClassImpl$Data$$Lambda$2                           : loaded 2 times (x 72B)
Class org.jetbrains.kotlin.platform.jvm.JvmPlatform                                   : loaded 2 times (x 71B)
Class org.jetbrains.kotlin.cli.common.CLIConfigurationKeys                            : loaded 2 times (x 67B)
Class com.android.tools.lint.model.LintModelAndroidArtifact                           : loaded 2 times (x 66B)
Class [Lcom.android.tools.lint.model.LintModelSerialization$TargetFile;               : loaded 2 times (x 65B)
Class kotlin.reflect.jvm.internal.ClassValueCache                                     : loaded 2 times (x 70B)
Class org.jetbrains.kotlin.build.report.metrics.BuildMetricsReporter                  : loaded 2 times (x 66B)
Class org.apache.commons.io.filefilter.IOFileFilter                                   : loaded 2 times (x 66B)
Class com.google.common.io.AppendableWriter                                           : loaded 2 times (x 96B)
Class com.google.common.util.concurrent.AbstractFuture$Cancellation                   : loaded 2 times (x 68B)
Class androidx.compose.lint.Name                                                      : loaded 2 times (x 68B)
Class [Lorg.jetbrains.kotlin.resolve.calls.inference.components.TypeVariableDirectionCalculator$ResolveDirection;: loaded 2 times (x 65B)
Class org.jetbrains.kotlin.resolve.calls.inference.model.InitialConstraint            : loaded 2 times (x 68B)
Class [Lorg.jetbrains.kotlin.resolve.calls.inference.model.NewConstraintSystemImpl$State;: loaded 2 times (x 65B)
Class org.jetbrains.kotlin.psi.KtTypeConstraint                                       : loaded 2 times (x 569B)
Class org.jetbrains.kotlin.codegen.signature.BothSignatureWriter$Mode                 : loaded 2 times (x 75B)
Class org.jetbrains.kotlin.utils.SmartSet                                             : loaded 2 times (x 139B)
Class [Lorg.jetbrains.kotlin.load.java.typeEnhancement.MutabilityQualifier;           : loaded 2 times (x 65B)
Class [Lorg.jetbrains.kotlin.psi.KtSimpleNameExpression;                              : loaded 2 times (x 65B)
Class org.jetbrains.kotlin.cli.jvm.compiler.KotlinCliJavaFileManagerImpl$findPackage$3: loaded 2 times (x 787B)
Class org.jetbrains.kotlin.resolve.jvm.NotFoundPackagesCachingStrategy$Default        : loaded 2 times (x 70B)
Class org.jetbrains.kotlin.load.java.JavaClassFinderImpl                              : loaded 2 times (x 86B)
Class org.jetbrains.kotlin.types.model.TypeSystemBuiltInsContext                      : loaded 2 times (x 66B)
Class org.jetbrains.kotlin.resolve.calls.checkers.ReferencingToUnderscoreNamedParameterOfCatchBlockChecker: loaded 2 times (x 70B)
Class org.jetbrains.kotlin.resolve.calls.checkers.CallReturnsArrayOfNothingChecker    : loaded 2 times (x 70B)
Class com.android.tools.lint.model.LintModelJavaArtifact                              : loaded 2 times (x 66B)
Class [Lorg.jetbrains.kotlin.psi.KtProjectionKind;                                    : loaded 2 times (x 65B)
Class org.jetbrains.kotlin.psi.KtBinaryExpression                                     : loaded 2 times (x 500B)
Class org.jetbrains.kotlin.cli.jvm.index.SingleJavaFileRootsIndex                     : loaded 2 times (x 68B)
Class org.jetbrains.kotlin.resolve.jvm.modules.JavaModuleFinder                       : loaded 2 times (x 66B)
Class [Lorg.jetbrains.kotlin.psi.LambdaArgument;                                      : loaded 2 times (x 65B)
Class [Lorg.jetbrains.kotlin.psi.KtTypeParameterList;                                 : loaded 2 times (x 65B)
Class [Lorg.jetbrains.kotlin.psi.KtNamedFunction;                                     : loaded 2 times (x 65B)
Class org.jetbrains.kotlin.lexer.KtModifierKeywordToken                               : loaded 2 times (x 74B)
Class [Lorg.jetbrains.kotlin.psi.KtNamedDeclarationStub;                              : loaded 2 times (x 65B)
Class [Lkotlin.reflect.jvm.internal.impl.builtins.PrimitiveType;                      : loaded 2 times (x 65B)
Class kotlin.reflect.jvm.internal.impl.builtins.StandardNames                         : loaded 2 times (x 67B)
Class kotlin.reflect.jvm.internal.KClassImpl$Data$$Lambda$3                           : loaded 2 times (x 72B)
Class kotlin.reflect.jvm.internal.ReflectProperties$LazySoftVal                       : loaded 2 times (x 74B)
Class [Lorg.jetbrains.kotlin.psi.KtSuperTypeEntry;                                    : loaded 2 times (x 65B)
Class org.jetbrains.kotlin.psi.stubs.elements.KtScriptElementType                     : loaded 2 times (x 96B)
Class org.jetbrains.org.objectweb.asm.tree.VarInsnNode                                : loaded 2 times (x 74B)
Class kotlin.io.ByteStreamsKt                                                         : loaded 2 times (x 67B)
Class com.google.common.collect.AbstractMapBasedMultimap$AsMap$AsMapIterator          : loaded 2 times (x 79B)
Class com.google.common.base.Present                                                  : loaded 2 times (x 77B)
Class com.google.common.cache.RemovalListener                                         : loaded 2 times (x 66B)
Class org.gradle.api.internal.DefaultClassPathRegistry                                : loaded 2 times (x 72B)
Class kotlin.jvm.internal.ShortCompanionObject                                        : loaded 2 times (x 67B)
Class org.jetbrains.kotlin.resolve.calls.inference.model.LambdaArgumentConstraintPosition: loaded 2 times (x 68B)
Class org.jetbrains.kotlin.load.java.JvmAbi                                           : loaded 2 times (x 67B)
Class org.jetbrains.kotlin.storage.SimpleLock                                         : loaded 2 times (x 66B)
Class [Lorg.jetbrains.kotlin.config.JvmDefaultMode;                                   : loaded 2 times (x 65B)
Class org.jetbrains.kotlin.resolve.calls.checkers.UnsupportedUntilOperatorChecker     : loaded 2 times (x 70B)
Class org.jetbrains.kotlin.resolve.checkers.ValueParameterUsageInDefaultArgumentChecker: loaded 2 times (x 70B)
Class org.jetbrains.kotlin.builtins.PrimitiveType                                     : loaded 2 times (x 75B)
Class org.jetbrains.kotlin.resolve.extensions.ExtraImportsProviderExtension$Companion : loaded 2 times (x 68B)
Class org.jetbrains.kotlin.asJava.classes.ImplUtilsKt                                 : loaded 2 times (x 67B)
Class org.jetbrains.kotlin.psi.KtOperationExpression                                  : loaded 2 times (x 66B)
Class org.jetbrains.kotlin.psi.KtSimpleNameStringTemplateEntry                        : loaded 2 times (x 443B)
Class org.jetbrains.kotlin.psi.stubs.KotlinCollectionLiteralExpressionStub            : loaded 2 times (x 66B)
Class org.jetbrains.kotlin.psi.stubs.elements.KtConstantExpressionElementType$Companion: loaded 2 times (x 67B)
Class [Lorg.jetbrains.kotlin.psi.KtInitializerList;                                   : loaded 2 times (x 65B)
Class org.jetbrains.kotlin.psi.KtExpressionImplStub                                   : loaded 2 times (x 503B)
Class [Lorg.jetbrains.kotlin.psi.KtClassInitializer;                                  : loaded 2 times (x 65B)
Class org.jetbrains.kotlin.psi.KtVariableDeclaration                                  : loaded 2 times (x 66B)
Class org.jetbrains.kotlin.psi.KtClassOrObject                                        : loaded 2 times (x 1099B)
Class org.jetbrains.kotlin.metadata.deserialization.NameResolverImpl$WhenMappings     : loaded 2 times (x 67B)
Class kotlin.reflect.jvm.internal.KClassImpl$Data$$Lambda$4                           : loaded 2 times (x 72B)
Class kotlin.reflect.jvm.internal.KPropertyImpl                                       : loaded 2 times (x 111B)
Class org.jetbrains.kotlin.psi.KtDestructuringDeclarationEntry                        : loaded 2 times (x 1233B)
Class org.jetbrains.kotlin.parsing.KotlinParsing$DeclarationParsingMode               : loaded 2 times (x 75B)
Class com.google.common.collect.MapMakerInternalMap$WeakKeyStrongValueEntry           : loaded 2 times (x 86B)
Class org.jetbrains.org.objectweb.asm.util.CheckSignatureAdapter                      : loaded 2 times (x 84B)
Class org.jetbrains.kotlin.types.model.CapturedTypeConstructorMarker                  : loaded 2 times (x 66B)
Class [Lorg.jetbrains.kotlin.resolve.calls.tasks.ExplicitReceiverKind;                : loaded 2 times (x 65B)
Class com.android.sdklib.AndroidApiLevel                                              : loaded 2 times (x 70B)
Class com.android.tools.lint.model.LintModelLintOptions                               : loaded 2 times (x 66B)
Class com.android.prefs.PathLocator$singlePathOf$values$1                             : loaded 2 times (x 75B)
Class com.android.tools.lint.model.PathVariables$Companion$PATH_COMPARATOR$1          : loaded 2 times (x 74B)
Class com.google.common.reflect.Invokable$ConstructorInvokable                        : loaded 2 times (x 103B)
Class org.apache.commons.io.file.DeleteOption                                         : loaded 2 times (x 66B)
Class com.google.common.collect.ImmutableMultimap$Keys                                : loaded 2 times (x 162B)
Class org.gradle.api.internal.ClassPathRegistry                                       : loaded 2 times (x 66B)
Class org.gradle.internal.classpath.DefaultClassPath$ImmutableUniqueList              : loaded 2 times (x 195B)
Class com.google.common.collect.Table$Cell                                            : loaded 2 times (x 66B)
Class org.jetbrains.kotlin.resolve.calls.inference.model.NewConstraintSystemImpl$TransactionState: loaded 2 times (x 70B)
Class org.gradle.api.internal.classpath.DefaultModuleRegistry$DefaultModule           : loaded 2 times (x 82B)
Class com.android.ide.common.resources.configuration.NetworkCodeQualifier             : loaded 2 times (x 84B)
Class org.jetbrains.kotlin.load.kotlin.KotlinBinaryClassCache$RequestCache            : loaded 2 times (x 69B)
Class com.google.common.collect.FluentIterable$1                                      : loaded 2 times (x 77B)
Class com.android.tools.lint.model.LintModelDependencyGraph                           : loaded 2 times (x 66B)
Class org.jetbrains.kotlin.descriptors.ClassKind                                      : loaded 2 times (x 75B)
Class org.jetbrains.kotlin.resolve.ImportPath$Companion                               : loaded 2 times (x 67B)
Class org.jetbrains.kotlin.container.PlatformExtensionsClashResolver$FirstWins        : loaded 2 times (x 69B)
Class org.jetbrains.kotlin.resolve.calls.checkers.VarargWrongExecutionOrderChecker    : loaded 2 times (x 70B)
Class org.jetbrains.kotlin.resolve.checkers.SuspendFunctionAsSupertypeChecker         : loaded 2 times (x 70B)
Class org.jetbrains.kotlin.resolve.checkers.ActualClassifierMustHasTheSameMembersAsNonFinalExpectClassifierChecker: loaded 2 times (x 70B)
Class org.jetbrains.kotlin.mpp.TypeRefMarker                                          : loaded 2 times (x 66B)
Class org.jetbrains.kotlin.KtNodeTypes                                                : loaded 2 times (x 66B)
Class kotlin.coroutines.ContinuationKt                                                : loaded 2 times (x 67B)
Class it.unimi.dsi.fastutil.objects.ObjectOpenHashSet                                 : loaded 2 times (x 183B)
Class org.jetbrains.kotlin.extensions.StorageComponentContainerContributor            : loaded 2 times (x 66B)
Class kotlin.reflect.jvm.internal.impl.builtins.StandardNames$FqNames                 : loaded 2 times (x 67B)
Class org.jetbrains.kotlin.psi.KtElementImplStub                                      : loaded 2 times (x 441B)
Class org.jetbrains.kotlin.psi.KtDeclarationWithInitializer                           : loaded 2 times (x 66B)
Class org.jetbrains.kotlin.psi.KtStringTemplateExpression                             : loaded 2 times (x 676B)
Class org.jetbrains.kotlin.psi.KtImportInfo$ImportContent                             : loaded 2 times (x 67B)
Class kotlin.reflect.jvm.internal.impl.resolve.jvm.JvmPrimitiveType                   : loaded 2 times (x 75B)
Class kotlin.reflect.jvm.internal.KClassImpl$Data$$Lambda$5                           : loaded 2 times (x 72B)
Class kotlin.reflect.jvm.internal.ComputableClassValue                                : loaded 2 times (x 76B)
Class org.jetbrains.kotlin.types.model.KotlinTypeMarker                               : loaded 2 times (x 66B)
Class [Lorg.jetbrains.kotlin.psi.KtBlockStringTemplateEntry;                          : loaded 2 times (x 65B)
Class org.jetbrains.kotlin.storage.NullableLazyValue                                  : loaded 2 times (x 66B)
Class it.unimi.dsi.fastutil.ints.Int2ObjectOpenHashMap                                : loaded 2 times (x 218B)
Class org.jetbrains.kotlin.cli.jvm.index.JavaRoot$RootType                            : loaded 2 times (x 75B)
Class com.android.prefs.PathLocator$singlePathOf$values$2                             : loaded 2 times (x 74B)
Class com.android.tools.lint.model.PathVariables$Companion$PATH_COMPARATOR$2          : loaded 2 times (x 74B)
Class org.jetbrains.kotlin.load.kotlin.JvmPackagePartProviderBase$Companion           : loaded 2 times (x 67B)
Class org.jetbrains.kotlin.config.AnalysisFlags                                       : loaded 2 times (x 67B)
Class org.jetbrains.kotlin.metadata.jvm.deserialization.PackageParts                  : loaded 2 times (x 68B)
Class com.google.common.reflect.TypeToken                                             : loaded 2 times (x 69B)
Class org.apache.commons.io.IOUtils                                                   : loaded 2 times (x 67B)
Class org.jetbrains.kotlin.types.AbstractTypePreparator                               : loaded 2 times (x 68B)
Class com.android.resources.UiMode                                                    : loaded 2 times (x 83B)
Class org.jetbrains.kotlin.load.java.JvmAnnotationNamesKt                             : loaded 2 times (x 67B)
Class org.jetbrains.kotlin.metadata.deserialization.VersionRequirementTable           : loaded 2 times (x 68B)
Class org.jetbrains.kotlin.psi.KtPrefixExpression                                     : loaded 2 times (x 498B)
Class org.jetbrains.kotlin.config.JvmDefaultMode$Companion                            : loaded 2 times (x 67B)
Class org.jetbrains.kotlin.resolve.calls.results.TypeSpecificityComparator            : loaded 2 times (x 66B)
Class org.jetbrains.kotlin.descriptors.Modality                                       : loaded 2 times (x 75B)
Class org.jetbrains.kotlin.container.ValueDescriptor                                  : loaded 2 times (x 66B)
Class org.jetbrains.kotlin.resolve.calls.checkers.ResolutionToPrivateConstructorOfSealedClassChecker: loaded 2 times (x 70B)
Class org.jetbrains.kotlin.resolve.jvm.TopPackageNamesProvider                        : loaded 2 times (x 66B)
Class org.jetbrains.kotlin.psi.KtObjectLiteralExpression                              : loaded 2 times (x 434B)
Class org.jetbrains.kotlin.psi.KtConstructorDelegationCall                            : loaded 2 times (x 448B)
Class org.jetbrains.kotlin.psi.KtLoopExpression                                       : loaded 2 times (x 436B)
Class org.jetbrains.kotlin.psi.KtExpressionImpl                                       : loaded 2 times (x 433B)
Class it.unimi.dsi.fastutil.longs.LongCollection                                      : loaded 2 times (x 66B)
Class [Lorg.jetbrains.kotlin.psi.KtContextReceiver;                                   : loaded 2 times (x 65B)
Class org.jetbrains.kotlin.load.java.structure.JavaField                              : loaded 2 times (x 66B)
Class kotlin.reflect.jvm.internal.KClassImpl$Data$$Lambda$6                           : loaded 2 times (x 72B)
Class org.jetbrains.kotlin.compiler.plugin.CompilerPluginRegistrar$Companion          : loaded 2 times (x 67B)
Class org.jetbrains.kotlin.name.FqNameUnsafe$Companion                                : loaded 2 times (x 67B)
Class org.jetbrains.kotlin.types.TypeCheckerState$SupertypesPolicy                    : loaded 2 times (x 68B)
Class com.android.tools.lint.model.PathVariables$Companion$PATH_COMPARATOR$3          : loaded 2 times (x 74B)
Class org.gradle.internal.classloader.ClasspathUtil$1                                 : loaded 2 times (x 72B)
Class com.google.common.cache.CacheLoader$UnsupportedLoadingOperationException        : loaded 2 times (x 78B)
Class org.jetbrains.org.objectweb.asm.tree.LookupSwitchInsnNode                       : loaded 2 times (x 74B)
Class org.jetbrains.kotlin.descriptors.DescriptorVisibilities                         : loaded 2 times (x 67B)
Class org.objectweb.asm.ClassWriter                                                   : loaded 2 times (x 102B)
Class com.google.common.cache.RemovalCause                                            : loaded 2 times (x 76B)
Class org.jetbrains.kotlin.cli.common.messages.CompilerMessageSourceLocation          : loaded 2 times (x 66B)
Class com.google.common.cache.CacheBuilder                                            : loaded 2 times (x 68B)
Class Settings_gradle$1                                                               : loaded 2 times (x 70B)
Class org.gradle.internal.classpath.ClassPath                                         : loaded 2 times (x 66B)
Class org.gradle.api.UncheckedIOException                                             : loaded 2 times (x 78B)
Class org.jetbrains.kotlin.resolve.calls.inference.model.ReceiverConstraintPosition   : loaded 2 times (x 68B)
Class com.google.common.collect.AbstractMapBasedMultimap$KeySet$1                     : loaded 2 times (x 78B)
Class kotlin.sequences.DropSequence                                                   : loaded 2 times (x 75B)
Class org.jetbrains.kotlin.load.java.typeEnhancement.MutabilityQualifier              : loaded 2 times (x 75B)
Class it.unimi.dsi.fastutil.objects.Object2IntMap$FastEntrySet                        : loaded 2 times (x 66B)
Class org.jetbrains.org.objectweb.asm.tree.IntInsnNode                                : loaded 2 times (x 74B)
Class org.jetbrains.kotlin.load.java.JavaNullabilityAnnotationSettingsKt              : loaded 2 times (x 67B)
Class org.jetbrains.kotlin.descriptors.annotations.AnnotationDescriptor               : loaded 2 times (x 66B)
Class org.jetbrains.kotlin.resolve.checkers.NullableExtensionOperatorWithSafeCallChecker: loaded 2 times (x 70B)
Class org.jetbrains.kotlin.resolve.calls.checkers.BuilderFunctionsCallChecker         : loaded 2 times (x 70B)
Class org.jetbrains.kotlin.resolve.checkers.TrailingCommaCallChecker                  : loaded 2 times (x 70B)
Class org.jetbrains.kotlin.resolve.PlatformConfigurator                               : loaded 2 times (x 66B)
Class org.jetbrains.kotlin.metadata.ProtoBuf$Property$Builder                         : loaded 2 times (x 193B)
Class com.android.manifmerger.ManifestMerger2$MergeFailureException                   : loaded 2 times (x 78B)
Class [Lorg.jetbrains.kotlin.parsing.KotlinParsing$DeclarationParsingMode;            : loaded 2 times (x 65B)
Class kotlin.reflect.jvm.internal.KPackageImpl                                        : loaded 2 times (x 81B)
Class org.jetbrains.kotlin.psi.KtSimpleNameExpressionImpl                             : loaded 2 times (x 565B)
Class com.android.tools.lint.model.PathVariables$Companion                            : loaded 2 times (x 67B)
Class [Lorg.jetbrains.kotlin.psi.KtDynamicType;                                       : loaded 2 times (x 65B)
Class [Lcom.android.prefs.VariableValue;                                              : loaded 2 times (x 65B)
Class kotlin.reflect.jvm.internal.KClassImpl$Data$$Lambda$7                           : loaded 2 times (x 72B)
Class [Lkotlin.reflect.jvm.internal.impl.name.FqName;                                 : loaded 2 times (x 65B)
Class org.jetbrains.kotlin.idea.KotlinLanguage                                        : loaded 2 times (x 103B)
Class com.android.tools.lint.model.LintModelSourceProvider                            : loaded 2 times (x 66B)
Class com.android.tools.lint.model.PathVariables$Companion$PATH_COMPARATOR$4          : loaded 2 times (x 74B)
Class com.android.ide.common.gradle.Separator                                         : loaded 2 times (x 75B)
Class kotlin.sequences.SequencesKt__SequencesKt$asSequence$$inlined$Sequence$1        : loaded 2 times (x 71B)
Class [Lcom.google.common.reflect.Types$JavaVersion;                                  : loaded 2 times (x 65B)
Class com.google.common.collect.Interners$InternerBuilder                             : loaded 2 times (x 72B)
Class kotlin.ranges.LongRange                                                         : loaded 2 times (x 89B)
Class org.jetbrains.kotlin.resolve.calls.inference.components.TypeCheckerStateForConstraintSystem: loaded 2 times (x 77B)
Class org.jetbrains.kotlin.resolve.calls.model.PostponedCallableReferenceMarker       : loaded 2 times (x 66B)
Class com.android.ide.common.rendering.api.ResourceNamespace$Resolver                 : loaded 2 times (x 66B)
Class com.android.ide.common.resources.configuration.VersionQualifier                 : loaded 2 times (x 85B)
Class org.jetbrains.kotlin.utils.SmartList$EmptyIterator                              : loaded 2 times (x 77B)
Class org.jetbrains.kotlin.metadata.deserialization.VersionRequirement                : loaded 2 times (x 68B)
Class org.jetbrains.kotlin.load.java.structure.JavaType                               : loaded 2 times (x 66B)
Class [Lorg.jetbrains.kotlin.descriptors.EffectiveVisibility$Permissiveness;          : loaded 2 times (x 65B)
Class it.unimi.dsi.fastutil.ints.Int2ObjectFunction                                   : loaded 2 times (x 66B)
Class org.jetbrains.kotlin.descriptors.Modality$Companion                             : loaded 2 times (x 67B)
Class kotlin.reflect.jvm.internal.ReflectionFactoryImpl                               : loaded 2 times (x 87B)
Class org.jetbrains.kotlin.resolve.calls.checkers.CallCheckerContext                  : loaded 2 times (x 74B)
Class [Lorg.jetbrains.kotlin.container.PlatformExtensionsClashResolver;               : loaded 2 times (x 65B)
Class org.jetbrains.kotlin.resolve.calls.checkers.ContractNotAllowedCallChecker       : loaded 2 times (x 70B)
Class org.jetbrains.kotlin.resolve.checkers.DataClassDeclarationChecker               : loaded 2 times (x 70B)
Class org.jetbrains.kotlin.psi.KtWhenExpression                                       : loaded 2 times (x 442B)
Class it.unimi.dsi.fastutil.ints.IntArraySet                                          : loaded 2 times (x 231B)
Class org.jetbrains.kotlin.load.kotlin.KotlinClassFinder                              : loaded 2 times (x 66B)
Class org.jetbrains.kotlin.load.kotlin.JvmPackagePartProviderBase                     : loaded 2 times (x 89B)
Class [Lorg.jetbrains.kotlin.psi.KtContextReceiverList;                               : loaded 2 times (x 65B)
Class org.jetbrains.kotlin.psi.KtValueArgument                                        : loaded 2 times (x 460B)
Class org.jetbrains.kotlin.psi.stubs.elements.KtPrimaryConstructorElementType         : loaded 2 times (x 103B)
Class [Lorg.jetbrains.kotlin.psi.KtSecondaryConstructor;                              : loaded 2 times (x 65B)
Class [Lorg.jetbrains.kotlin.psi.KtAnnotated;                                         : loaded 2 times (x 65B)
Class kotlin.reflect.jvm.internal.KClassImpl$Data$$Lambda$8                           : loaded 2 times (x 72B)
Class org.jetbrains.kotlin.metadata.ProtoBuf$Annotation$Argument$Value$Builder        : loaded 2 times (x 150B)
Class org.jetbrains.kotlin.serialization.deserialization.ProtoBasedClassDataFinder    : loaded 2 times (x 71B)
Class org.jetbrains.kotlin.parsing.BindFirstShebangWithWhitespaceOnly                 : loaded 2 times (x 72B)
Class org.jetbrains.kotlin.config.CommonConfigurationKeys                             : loaded 2 times (x 67B)
Class it.unimi.dsi.fastutil.objects.ObjectIterable                                    : loaded 2 times (x 66B)
Class com.android.tools.lint.model.DefaultLintModelAndroidLibrary                     : loaded 2 times (x 107B)
Class org.jetbrains.kotlin.psi.KtPsiFactoryKt                                         : loaded 2 times (x 67B)
Class com.android.sdklib.AndroidApiLevel$Companion                                    : loaded 2 times (x 67B)
Class com.android.prefs.AndroidLocationsProvider                                      : loaded 2 times (x 66B)
Class org.jetbrains.kotlin.resolve.calls.checkers.UnsupportedUntilRangeDeclarationChecker: loaded 2 times (x 70B)
Class org.jetbrains.kotlin.com.intellij.openapi.diagnostic.Logger                     : loaded 2 times (x 95B)
Class com.google.common.io.CharSource$CharSequenceCharSource                          : loaded 2 times (x 82B)
Class com.google.common.io.CharStreams$NullWriter                                     : loaded 2 times (x 95B)
Class com.google.errorprone.annotations.DoNotMock                                     : loaded 2 times (x 66B)
Class org.jetbrains.kotlin.cli.common.arguments.Freezable                             : loaded 2 times (x 68B)
Class org.objectweb.asm.SymbolTable$Entry                                             : loaded 2 times (x 70B)
Class com.google.gson.internal.JsonReaderInternalAccess                               : loaded 2 times (x 68B)
Class org.jetbrains.kotlin.types.TypeApproximatorConfiguration$IncorporationConfiguration: loaded 2 times (x 84B)
Class org.jetbrains.kotlin.types.TypeApproximatorConfiguration$InternalTypesApproximation: loaded 2 times (x 84B)
Class org.jetbrains.kotlin.resolve.checkers.PrimitiveNumericComparisonCallChecker     : loaded 2 times (x 70B)
Class org.jetbrains.kotlin.resolve.calls.checkers.CompanionIncorrectlyUnboundedWhenUsedAsLHSCallChecker: loaded 2 times (x 70B)
Class com.android.ide.common.resources.configuration.UiModeQualifier                  : loaded 2 times (x 86B)
Class org.jetbrains.kotlin.load.java.structure.impl.JavaClassifierImpl                : loaded 2 times (x 100B)
Class it.unimi.dsi.fastutil.objects.Object2IntOpenHashMap                             : loaded 2 times (x 243B)
Class org.jetbrains.kotlin.types.DynamicTypesSettings                                 : loaded 2 times (x 68B)
Class org.jetbrains.kotlin.resolve.checkers.MissingDependencyClassChecker$ClassifierUsage: loaded 2 times (x 70B)
Class org.jetbrains.kotlin.resolve.calls.checkers.NamedFunAsExpressionChecker         : loaded 2 times (x 70B)
Class [Lorg.jetbrains.kotlin.lexer.KtToken;                                           : loaded 2 times (x 65B)
Class org.jetbrains.kotlin.load.kotlin.JvmPackagePartSource                           : loaded 2 times (x 82B)
Class org.jetbrains.kotlin.load.java.NullabilityAnnotationStatesImpl                  : loaded 2 times (x 71B)
Class org.jetbrains.kotlin.resolve.jvm.KotlinJavaPsiFacade$CliFinder                  : loaded 2 times (x 80B)
Class org.jetbrains.kotlin.descriptors.annotations.KotlinTarget$Companion             : loaded 2 times (x 67B)
Class [Lorg.jetbrains.kotlin.psi.KtSuperTypeList;                                     : loaded 2 times (x 65B)
Class org.jetbrains.kotlin.psi.KtNamedDeclarationStub                                 : loaded 2 times (x 910B)
Class org.jetbrains.kotlin.psi.stubs.elements.KtStubElementTypes                      : loaded 2 times (x 66B)
Class kotlin.reflect.jvm.internal.KClassImpl$Data$$Lambda$9                           : loaded 2 times (x 72B)
Class org.jetbrains.kotlin.load.java.SpecialGenericSignatures$TypeSafeBarrierDescription$MAP_GET_OR_DEFAULT: loaded 2 times (x 76B)
Class com.android.resources.ScreenRound                                               : loaded 2 times (x 82B)
Class org.objectweb.asm.Edge                                                          : loaded 2 times (x 68B)
Class com.google.common.base.Suppliers$SupplierOfInstance                             : loaded 2 times (x 75B)
Class kotlin.ranges.LongProgression$Companion                                         : loaded 2 times (x 67B)
Class org.jetbrains.kotlin.resolve.calls.inference.model.NewConstraintSystemImpl      : loaded 2 times (x 1579B)
Class com.google.common.collect.ImmutableBiMap$Builder                                : loaded 2 times (x 78B)
Class org.jetbrains.kotlin.psi.typeRefHelpers.TypeRefHelpersKt                        : loaded 2 times (x 67B)
Class org.gradle.internal.InternalTransformer                                         : loaded 2 times (x 66B)
Class org.jetbrains.kotlin.types.AbstractTypeApproximator                             : loaded 2 times (x 736B)
Class org.jetbrains.kotlin.resolve.calls.checkers.SafeCallChecker                     : loaded 2 times (x 70B)
Class org.jetbrains.kotlin.util.ArrayMap                                              : loaded 2 times (x 79B)
Class org.jetbrains.kotlin.kdoc.lexer.KDocToken                                       : loaded 2 times (x 71B)
Class com.android.tools.lint.model.LintModelModuleLoader                              : loaded 2 times (x 66B)
Class org.jetbrains.kotlin.psi.KtQualifiedExpression                                  : loaded 2 times (x 66B)
Class org.jetbrains.kotlin.psi.stubs.KotlinTypeProjectionStub                         : loaded 2 times (x 66B)
Class org.jetbrains.kotlin.psi.stubs.KotlinModifierListStub                           : loaded 2 times (x 66B)
Class [Lorg.jetbrains.kotlin.psi.KtClassBody;                                         : loaded 2 times (x 65B)
Class org.jetbrains.kotlin.psi.KtValVarKeywordOwner                                   : loaded 2 times (x 66B)
Class org.jetbrains.kotlin.psi.KtExpression                                           : loaded 2 times (x 66B)
Class org.jetbrains.kotlin.platform.jvm.JvmPlatforms                                  : loaded 2 times (x 67B)
Class org.jetbrains.kotlin.config.MavenComparableVersion                              : loaded 2 times (x 74B)
Class org.jetbrains.kotlin.parsing.KotlinParserDefinition$Companion                   : loaded 2 times (x 67B)
Class kotlin.text.MatchResult$Destructured                                            : loaded 2 times (x 68B)
Class org.jetbrains.kotlin.psi.KtFile$Companion                                       : loaded 2 times (x 67B)
Class org.jetbrains.kotlin.psi.stubs.elements.KtStubElementType                       : loaded 2 times (x 96B)
Class com.google.devtools.ksp.processing.KSPJvmConfig                                 : loaded 2 times (x 68B)
Class com.google.common.reflect.TypeToken$1                                           : loaded 2 times (x 106B)
Class com.google.common.cache.LocalCache$ComputingValueReference                      : loaded 2 times (x 92B)
Class org.jetbrains.kotlin.resolve.calls.inference.model.ConstraintKind               : loaded 2 times (x 75B)
Class com.android.ide.common.resources.configuration.Configurable                     : loaded 2 times (x 66B)
Class org.jetbrains.kotlin.descriptors.DeclarationDescriptorWithSource                : loaded 2 times (x 66B)
Class org.jetbrains.kotlin.resolve.checkers.PlatformDiagnosticSuppressor              : loaded 2 times (x 66B)
Class org.jetbrains.kotlin.resolve.calls.checkers.CoroutineSuspendCallChecker         : loaded 2 times (x 70B)
Class org.jetbrains.kotlin.parsing.AbstractTokenStreamPredicate                       : loaded 2 times (x 73B)
Class org.jetbrains.kotlin.psi.UserDataProperty                                       : loaded 2 times (x 68B)
Class org.jetbrains.kotlin.psi.stubs.KotlinClassifierStub                             : loaded 2 times (x 66B)
Class org.jetbrains.kotlin.types.TypeAttributeTranslator                              : loaded 2 times (x 66B)
Class org.jetbrains.kotlin.load.java.structure.JavaClass                              : loaded 2 times (x 66B)
Class org.jetbrains.kotlin.resolve.checkers.MissingDependencySupertypeChecker$ForDeclarations: loaded 2 times (x 70B)
Class org.jetbrains.kotlin.resolve.checkers.SubtypingBetweenContextReceiversChecker   : loaded 2 times (x 70B)
Class org.jetbrains.kotlin.load.java.JavaNullabilityAnnotationsStatus                 : loaded 2 times (x 68B)
Class [Lorg.jetbrains.kotlin.psi.KtStringTemplateEntryWithExpression;                 : loaded 2 times (x 65B)
Class org.jetbrains.kotlin.psi.KtTypeProjection                                       : loaded 2 times (x 582B)
Class org.jetbrains.kotlin.load.java.JavaClassFinder$Request                          : loaded 2 times (x 68B)
Class org.jetbrains.kotlin.load.kotlin.KotlinClassFinder$Result                       : loaded 2 times (x 67B)
Class org.jetbrains.org.objectweb.asm.tree.LocalVariableNode                          : loaded 2 times (x 69B)
Class com.google.common.reflect.TypeToken$2                                           : loaded 2 times (x 106B)
Class com.google.common.collect.AbstractMapBasedMultimap$AsMap$AsMapEntries           : loaded 2 times (x 134B)
Class [Lorg.jetbrains.kotlin.cli.common.messages.CompilerMessageSeverity;             : loaded 2 times (x 65B)
Class com.google.common.cache.LocalCache$Segment                                      : loaded 2 times (x 150B)
Class org.jetbrains.kotlin.types.AbstractStrictEqualityTypeChecker                    : loaded 2 times (x 67B)
Class org.jetbrains.kotlin.resolve.calls.inference.model.MutableVariableWithConstraints: loaded 2 times (x 73B)
Class org.jetbrains.kotlin.fileClasses.JvmFileClassInfo                               : loaded 2 times (x 66B)
Class [Lcom.android.ide.common.resources.DataFile$FileType;                           : loaded 2 times (x 65B)
Class com.android.ide.common.resources.ResourceFile                                   : loaded 2 times (x 83B)
Class org.jetbrains.kotlin.load.kotlin.AbstractBinaryClassAnnotationLoaderKt          : loaded 2 times (x 67B)
Class com.android.ide.common.resources.configuration.WideGamutColorQualifier          : loaded 2 times (x 87B)
Class com.android.ide.common.resources.configuration.HighDynamicRangeQualifier        : loaded 2 times (x 87B)
Class org.jetbrains.kotlin.load.java.structure.impl.JavaClassImpl$Companion           : loaded 2 times (x 67B)
Class org.jetbrains.kotlin.load.kotlin.VirtualFileFinderFactory$SERVICE               : loaded 2 times (x 67B)
Class com.google.common.util.concurrent.UncheckedExecutionException                   : loaded 2 times (x 78B)
Class org.jetbrains.kotlin.container.ClassInfo                                        : loaded 2 times (x 68B)
Class com.google.common.io.ByteSink$AsCharSink                                        : loaded 2 times (x 76B)
Class [Lorg.jetbrains.kotlin.build.report.metrics.BuildTime;                          : loaded 2 times (x 65B)
Class org.jetbrains.kotlin.psi.KtCatchClause                                          : loaded 2 times (x 375B)
Class org.jetbrains.kotlin.builtins.PrimitiveType$Companion                           : loaded 2 times (x 67B)
Class org.jetbrains.kotlin.protobuf.UnmodifiableLazyStringList$2                      : loaded 2 times (x 79B)
Class org.jetbrains.kotlin.descriptors.Visibilities$Inherited                         : loaded 2 times (x 75B)
Class org.jetbrains.org.objectweb.asm.tree.MethodNode                                 : loaded 2 times (x 106B)
Class org.jetbrains.org.objectweb.asm.tree.MethodInsnNode                             : loaded 2 times (x 75B)
Class com.android.tools.lint.model.DefaultLintModelLibraryResolver                    : loaded 2 times (x 72B)
Class [Lorg.jetbrains.kotlin.config.LanguageFeature$State;                            : loaded 2 times (x 65B)
Class org.jetbrains.kotlin.psi.stubs.KotlinScriptStub                                 : loaded 2 times (x 66B)
Class [Lorg.jetbrains.kotlin.psi.KtDelegatedSuperTypeEntry;                           : loaded 2 times (x 65B)
Class org.jetbrains.kotlin.psi.stubs.elements.KtAnnotationUseSiteTargetElementType    : loaded 2 times (x 96B)
Class org.jetbrains.kotlin.psi.stubs.KotlinObjectStub                                 : loaded 2 times (x 66B)
Class org.jetbrains.kotlin.psi.stubs.elements.KtClassElementType                      : loaded 2 times (x 102B)
Class kotlin.reflect.jvm.internal.ReflectProperties                                   : loaded 2 times (x 67B)
Class it.unimi.dsi.fastutil.Function                                                  : loaded 2 times (x 66B)
Class it.unimi.dsi.fastutil.objects.ObjectIterator                                    : loaded 2 times (x 66B)
Class org.jetbrains.kotlin.cli.jvm.compiler.KotlinCoreEnvironment                     : loaded 2 times (x 68B)
Class org.jetbrains.kotlin.utils.DescriptionAware                                     : loaded 2 times (x 66B)
Class org.jetbrains.kotlin.cli.jvm.compiler.MockInferredAnnotationsManager            : loaded 2 times (x 70B)
Class [Lorg.objectweb.asm.SymbolTable$Entry;                                          : loaded 2 times (x 65B)
Class com.google.common.cache.CacheLoader                                             : loaded 2 times (x 70B)
Class org.gradle.internal.installation.GradleInstallation$1                           : loaded 2 times (x 71B)
Class org.gradle.api.internal.classpath.ModuleRegistry                                : loaded 2 times (x 66B)
Class kotlin.jvm.internal.DoubleCompanionObject                                       : loaded 2 times (x 67B)
Class org.jetbrains.kotlin.descriptors.InlineClassRepresentation                      : loaded 2 times (x 71B)
Class [Lorg.jetbrains.kotlin.types.TypeCheckerState$LowerCapturedTypePolicy;          : loaded 2 times (x 65B)
Class kotlin.jvm.internal.PropertyReference2Impl                                      : loaded 2 times (x 123B)
Class kotlin.reflect.jvm.internal.impl.builtins.functions.FunctionTypeKind$SuspendFunction: loaded 2 times (x 68B)
Class org.jetbrains.kotlin.resolve.calls.inference.components.PostponedArgumentInputTypesResolver$Companion: loaded 2 times (x 67B)
Class org.jetbrains.kotlin.util.AbstractArrayMapOwner$AbstractArrayMapAccessor        : loaded 2 times (x 67B)
Class org.jetbrains.kotlin.storage.SimpleLock$Companion                               : loaded 2 times (x 67B)
Class com.android.resources.ResourceType$Kind                                         : loaded 2 times (x 75B)
Class org.jetbrains.kotlin.parsing.BindAll                                            : loaded 2 times (x 72B)
Class org.jetbrains.kotlin.psi.KtBackingField                                         : loaded 2 times (x 788B)
Class org.jetbrains.kotlin.cli.jvm.modules.JavaModuleGraph                            : loaded 2 times (x 68B)
Class org.jetbrains.kotlin.psi.KtStatementExpression                                  : loaded 2 times (x 66B)
Class org.jetbrains.kotlin.psi.KtDeclarationContainer                                 : loaded 2 times (x 66B)
Class org.jetbrains.kotlin.utils.PlatformUtilsKt                                      : loaded 2 times (x 67B)
Class org.jetbrains.kotlin.cli.jvm.modules.CoreJrtFileSystem                          : loaded 2 times (x 97B)
Class org.jetbrains.kotlin.cli.jvm.compiler.KotlinCoreApplicationEnvironmentMode      : loaded 2 times (x 66B)
Class org.jetbrains.kotlin.psi.stubs.elements.KtObjectElementType                     : loaded 2 times (x 100B)
Class com.android.ide.common.repository.AgpVersion$PreviewKind$Companion              : loaded 2 times (x 67B)
Class com.android.ProgressManagerAdapter                                              : loaded 2 times (x 69B)
Class org.jetbrains.kotlin.psi.stubs.KotlinImportDirectiveStub                        : loaded 2 times (x 66B)
Class org.jetbrains.kotlin.psi.KtExpressionCodeFragmentType                           : loaded 2 times (x 80B)
Class com.google.devtools.ksp.processing.KSPLogger                                    : loaded 2 times (x 66B)
Class org.apache.commons.io.output.NullWriter                                         : loaded 2 times (x 95B)
Class com.google.common.util.concurrent.internal.InternalFutureFailureAccess          : loaded 2 times (x 68B)
Class org.jetbrains.kotlin.resolve.calls.results.TypeWithConversion                   : loaded 2 times (x 68B)
Class com.google.common.collect.HashBiMap$Inverse                                     : loaded 2 times (x 138B)
Class org.jetbrains.kotlin.codegen.state.KotlinTypeMapperBase                         : loaded 2 times (x 70B)
Class org.jetbrains.kotlin.load.java.SpecialGenericSignatures$Companion               : loaded 2 times (x 67B)
Class org.jetbrains.kotlin.types.model.IntersectionTypeConstructorMarker              : loaded 2 times (x 66B)
Class org.jetbrains.kotlin.metadata.jvm.JvmModuleProtoBuf$ModuleOrBuilder             : loaded 2 times (x 66B)
Class org.jetbrains.kotlin.asJava.KotlinAsJavaSupport                                 : loaded 2 times (x 85B)
Class org.jetbrains.kotlin.serialization.deserialization.ClassDeserializer$Companion  : loaded 2 times (x 67B)
Class org.jetbrains.kotlin.psi.KtContainerNode                                        : loaded 2 times (x 372B)
Class org.jetbrains.kotlin.psi.KtWhenConditionInRange                                 : loaded 2 times (x 375B)
Class kotlin.reflect.jvm.internal.KMutableProperty1Impl                               : loaded 2 times (x 131B)
Class org.jetbrains.kotlin.mpp.TypeAliasSymbolMarker                                  : loaded 2 times (x 66B)
Class org.jetbrains.kotlin.platform.jvm.JvmPlatformKt                                 : loaded 2 times (x 67B)
Class org.jetbrains.kotlin.resolve.PlatformDependentAnalyzerServices                  : loaded 2 times (x 73B)
Class org.jetbrains.kotlin.resolve.calls.inference.components.TrivialConstraintTypeInferenceOracle: loaded 2 times (x 543B)
Class org.jetbrains.kotlin.resolve.calls.checkers.BuilderInferenceAssignmentChecker   : loaded 2 times (x 70B)
Class org.jetbrains.kotlin.resolve.checkers.FunInterfaceDeclarationChecker            : loaded 2 times (x 70B)
Class org.jetbrains.kotlin.resolve.checkers.ReservedMembersAndConstructsForValueClass$Companion: loaded 2 times (x 67B)
Class org.jetbrains.kotlin.serialization.deserialization.FlexibleTypeDeserializer     : loaded 2 times (x 66B)
Class org.jetbrains.kotlin.load.java.structure.impl.source.JavaElementSourceFactory$Companion: loaded 2 times (x 67B)
Class org.jetbrains.kotlin.resolve.extensions.AssignResolutionAltererExtension        : loaded 2 times (x 66B)
Class org.jetbrains.kotlin.extensions.ProjectExtensionDescriptor                      : loaded 2 times (x 68B)
Class org.jetbrains.kotlin.cli.jvm.compiler.CliVirtualFileFinderFactory               : loaded 2 times (x 72B)
Class org.jetbrains.kotlin.resolve.checkers.ClassifierUsageCheckerContext             : loaded 2 times (x 74B)
Class org.jetbrains.kotlin.load.java.AnnotationQualifierApplicabilityType             : loaded 2 times (x 75B)
Class com.android.resources.Density                                                   : loaded 2 times (x 88B)
Class kotlin.jvm.internal.IntCompanionObject                                          : loaded 2 times (x 67B)
Class org.jetbrains.kotlin.psi.KtAnnotationUseSiteTarget                              : loaded 2 times (x 441B)
Class [Lorg.jetbrains.kotlin.psi.KtPrimaryConstructor;                                : loaded 2 times (x 65B)
Class org.jetbrains.kotlin.psi.KtPropertyAccessor                                     : loaded 2 times (x 880B)
Class org.jetbrains.kotlin.psi.KtElement                                              : loaded 2 times (x 66B)
Class kotlin.reflect.jvm.internal.KDeclarationContainerImpl                           : loaded 2 times (x 80B)
Class org.jetbrains.kotlin.parsing.KotlinParserDefinition                             : loaded 2 times (x 91B)
Class org.jetbrains.kotlin.utils.DFS$AbstractNodeHandler                              : loaded 2 times (x 75B)
Class org.jetbrains.kotlin.codegen.signature.BothSignatureWriter$1                    : loaded 2 times (x 67B)
Class com.google.common.util.concurrent.AbstractFuture$Trusted                        : loaded 2 times (x 66B)
Class com.google.common.base.Optional                                                 : loaded 2 times (x 76B)
Class org.jetbrains.org.objectweb.asm.tree.InsnList                                   : loaded 2 times (x 99B)
Class com.android.io.CancellableFileIo                                                : loaded 2 times (x 67B)
Class com.google.common.collect.ImmutableMultimap$Values                              : loaded 2 times (x 122B)
Class com.google.common.cache.LocalCache$LocalManualCache$1                           : loaded 2 times (x 71B)
Class org.jetbrains.kotlin.types.TypeCheckerState$LowerCapturedTypePolicy             : loaded 2 times (x 75B)
Class com.google.common.collect.Multimaps$CustomListMultimap                          : loaded 2 times (x 170B)
Class com.android.resources.HighDynamicRange                                          : loaded 2 times (x 82B)
Class com.android.ide.common.resources.configuration.NavigationStateQualifier         : loaded 2 times (x 86B)
Class org.jetbrains.kotlin.descriptors.Visibilities                                   : loaded 2 times (x 67B)
Class org.jetbrains.kotlin.config.CompilerConfiguration                               : loaded 2 times (x 84B)
Class org.jetbrains.kotlin.load.java.structure.impl.source.JavaSourceFactoryOwner     : loaded 2 times (x 66B)
Class org.jetbrains.kotlin.load.java.structure.MapBasedJavaAnnotationOwner            : loaded 2 times (x 66B)
Class com.android.utils.PositionXmlParser$SaxParserPool                               : loaded 2 times (x 75B)
Class org.jetbrains.kotlin.metadata.ProtoBuf$StringTable$1                            : loaded 2 times (x 140B)
Class org.jetbrains.kotlin.config.AnalysisFlag                                        : loaded 2 times (x 68B)
Class org.jetbrains.kotlin.resolve.jvm.modules.JavaModuleResolver                     : loaded 2 times (x 66B)
Class org.jetbrains.kotlin.storage.LockBasedStorageManager$1                          : loaded 2 times (x 104B)
Class org.jetbrains.kotlin.psi.stubs.elements.KtUserTypeElementType                   : loaded 2 times (x 99B)
Class org.jetbrains.kotlin.psi.KtPackageDirective                                     : loaded 2 times (x 590B)
Class org.jetbrains.kotlin.cli.jvm.compiler.DummyJavaFileCodeStyleFacadeFactory       : loaded 2 times (x 70B)
Class kotlin.io.LinesSequence$iterator$1                                              : loaded 2 times (x 75B)
Class org.jetbrains.kotlin.psi.KtConstructor                                          : loaded 2 times (x 1272B)
Class [Lcom.android.prefs.Global;                                                     : loaded 2 times (x 65B)
Class org.jetbrains.kotlin.psi.KtFunctionType                                         : loaded 2 times (x 512B)
Class org.jetbrains.kotlin.metadata.deserialization.MetadataVersion                   : loaded 2 times (x 70B)
Class [Lorg.jetbrains.kotlin.serialization.deserialization.AnnotatedCallableKind;     : loaded 2 times (x 65B)
Class com.google.common.collect.Multimaps$CustomSetMultimap                           : loaded 2 times (x 174B)
Class org.gradle.api.internal.classpath.DefaultModuleRegistry                         : loaded 2 times (x 82B)
Class org.jetbrains.kotlin.resolve.calls.inference.components.ConstraintInjector$TypeCheckerStateForConstraintInjector: loaded 2 times (x 699B)
Class org.jetbrains.kotlin.resolve.calls.inference.model.ConstraintPosition           : loaded 2 times (x 67B)
Class [Lcom.android.resources.Keyboard;                                               : loaded 2 times (x 65B)
Class com.android.resources.ScreenRatio                                               : loaded 2 times (x 82B)
Class [Lcom.android.ide.common.resources.configuration.ResourceQualifier;             : loaded 2 times (x 65B)
Class org.jetbrains.kotlin.parsing.KotlinExpressionParsing                            : loaded 2 times (x 108B)
Class org.jetbrains.kotlin.psi.KtPsiUtil$2                                            : loaded 2 times (x 301B)
Class org.jetbrains.kotlin.load.kotlin.VirtualFileFinder$SERVICE                      : loaded 2 times (x 67B)
Class org.jetbrains.kotlin.codegen.signature.JvmSignatureWriter                       : loaded 2 times (x 101B)
Class org.jetbrains.kotlin.name.JvmStandardClassIds                                   : loaded 2 times (x 67B)
Class [Lcom.android.resources.ScreenRatio;                                            : loaded 2 times (x 65B)
Class org.jetbrains.kotlin.resolve.calls.checkers.AssigningNamedArgumentToVarargChecker: loaded 2 times (x 70B)
Class org.jetbrains.kotlin.resolve.checkers.ConstModifierChecker                      : loaded 2 times (x 70B)
Class org.jetbrains.kotlin.resolve.constants.ClassLiteralValue                        : loaded 2 times (x 68B)
Class kotlin.ReplaceWith                                                              : loaded 2 times (x 66B)
Class org.jetbrains.kotlin.psi.KtFinallySection                                       : loaded 2 times (x 373B)
Class org.jetbrains.kotlin.config.MavenComparableVersion$IntegerItem                  : loaded 2 times (x 76B)
Class kotlin.reflect.jvm.internal.CacheByClass                                        : loaded 2 times (x 69B)
Class org.jetbrains.kotlin.metadata.jvm.JvmModuleProtoBuf$Module$1                    : loaded 2 times (x 140B)
Class kotlin.reflect.jvm.internal.impl.utils.CollectionsKt                            : loaded 2 times (x 67B)
Class org.jetbrains.kotlin.cli.jvm.index.JvmDependenciesIndexImpl                     : loaded 2 times (x 73B)
Class org.jetbrains.kotlin.psi.KtCallElement                                          : loaded 2 times (x 66B)
Class org.jetbrains.kotlin.psi.stubs.KotlinParameterStub                              : loaded 2 times (x 66B)
Class org.jetbrains.kotlin.psi.KtTypeAlias                                            : loaded 2 times (x 1069B)
Class kotlin.reflect.jvm.internal.impl.name.SpecialNames                              : loaded 2 times (x 67B)
Class kotlin.reflect.jvm.internal.impl.builtins.functions.FunctionTypeKind$KFunction  : loaded 2 times (x 68B)
Class [Lorg.jetbrains.kotlin.psi.KtTypeConstraint;                                    : loaded 2 times (x 65B)
Class org.jetbrains.kotlin.psi.KtEnumEntrySuperclassReferenceExpression               : loaded 2 times (x 630B)
Class org.jetbrains.kotlin.psi.KtTypeArgumentList                                     : loaded 2 times (x 444B)
Class it.unimi.dsi.fastutil.ints.IntSpliterator                                       : loaded 2 times (x 66B)
Class org.jetbrains.kotlin.serialization.DescriptorSerializerPlugin$Companion         : loaded 2 times (x 68B)
Class org.jetbrains.kotlin.serialization.deserialization.FlexibleTypeDeserializer$ThrowException: loaded 2 times (x 70B)
Class org.jetbrains.kotlin.psi.KtPsiUtil$1                                            : loaded 2 times (x 301B)
Class [Lcom.android.resources.ResourceType$Kind;                                      : loaded 2 times (x 65B)
Class org.jetbrains.kotlin.load.java.Jsr305Settings                                   : loaded 2 times (x 68B)
Class org.jetbrains.kotlin.build.report.metrics.GradleBuildTime$Companion             : loaded 2 times (x 67B)
Class com.google.common.util.concurrent.ListenableFuture                              : loaded 2 times (x 66B)
Class com.google.common.cache.ReferenceEntry                                          : loaded 2 times (x 66B)
Class it.unimi.dsi.fastutil.objects.Object2IntFunction                                : loaded 2 times (x 66B)
Class org.jetbrains.kotlin.load.java.typeEnhancement.PredefinedFunctionEnhancementInfo: loaded 2 times (x 68B)
Class org.jetbrains.kotlin.codegen.state.KotlinTypeMapper                             : loaded 2 times (x 71B)
Class [Lcom.android.resources.Density;                                                : loaded 2 times (x 65B)
Class com.android.ide.common.resources.DataItem                                       : loaded 2 times (x 86B)
Class org.jetbrains.kotlin.resolve.calls.checkers.SuspendConversionCallChecker        : loaded 2 times (x 70B)
Class org.jetbrains.kotlin.resolve.checkers.EnumCompanionInEnumConstructorCallChecker : loaded 2 times (x 70B)
Class org.jetbrains.kotlin.resolve.checkers.ContractDescriptionBlockChecker           : loaded 2 times (x 70B)
Class org.jetbrains.kotlin.container.StorageComponentContainer                        : loaded 2 times (x 82B)
Class [Lcom.android.resources.ResourceFolderType;                                     : loaded 2 times (x 65B)
Class org.jetbrains.kotlin.kdoc.lexer.KDocTokens                                      : loaded 2 times (x 66B)
Class org.jetbrains.kotlin.serialization.deserialization.builtins.BuiltInSerializerProtocol: loaded 2 times (x 68B)
Class org.jetbrains.kotlin.psi.KtContractEffect                                       : loaded 2 times (x 441B)
Class com.android.ide.common.rendering.api.PluralsResourceValue                       : loaded 2 times (x 66B)
Class com.android.resources.Navigation                                                : loaded 2 times (x 82B)
Class com.android.tools.lint.model.LintModelSerialization                             : loaded 2 times (x 71B)
Class com.google.common.collect.Tables$1                                              : loaded 2 times (x 80B)
Class jdk.internal.jimage.BasicImageReader$2                                          : loaded 2 times (x 73B)
Class org.jetbrains.kotlin.com.intellij.openapi.diagnostic.Logger$DefaultFactory      : loaded 2 times (x 70B)
Class com.google.common.collect.ImmutableMapValues                                    : loaded 2 times (x 122B)
Class com.google.common.util.concurrent.AbstractFuture                                : loaded 2 times (x 102B)
Class org.jetbrains.kotlin.resolve.calls.model.LambdaWithTypeVariableAsExpectedTypeMarker: loaded 2 times (x 66B)
Class org.jetbrains.org.objectweb.asm.signature.SignatureVisitor                      : loaded 2 times (x 83B)
Class org.jetbrains.kotlin.load.java.typeEnhancement.SignatureEnhancementBuilder$ClassEnhancementBuilder$FunctionEnhancementBuilder: loaded 2 times (x 68B)
Class org.jetbrains.kotlin.builtins.jvm.JvmBuiltInsSignatures                         : loaded 2 times (x 67B)
Class org.jetbrains.kotlin.resolve.jvm.NotFoundPackagesCachingStrategy$CacheType      : loaded 2 times (x 75B)
Class org.jetbrains.kotlin.load.java.JavaDefaultQualifiers                            : loaded 2 times (x 68B)
Class org.jetbrains.kotlin.psi.KtCommonFileKt                                         : loaded 2 times (x 67B)
Class org.jetbrains.kotlin.config.ExplicitApiMode                                     : loaded 2 times (x 75B)
Class org.jetbrains.kotlin.psi.KtNameReferenceExpression                              : loaded 2 times (x 630B)
Class org.jetbrains.kotlin.resolve.annotations.AnnotationUtilKt                       : loaded 2 times (x 67B)
Class com.google.common.cache.LocalCache$2                                            : loaded 2 times (x 138B)
Class org.jetbrains.kotlin.cli.jvm.compiler.KotlinCoreApplicationEnvironment$Companion: loaded 2 times (x 67B)
Class com.google.common.collect.Sets$ImprovedAbstractSet                              : loaded 2 times (x 131B)
Class kotlin.io.FileTreeWalk$FileTreeWalkIterator$SingleFileState                     : loaded 2 times (x 70B)
Class com.google.common.reflect.TypeResolver$TypeTable                                : loaded 2 times (x 69B)
Class com.google.common.io.CharStreams                                                : loaded 2 times (x 67B)
Class com.google.common.collect.ImmutableMultiset                                     : loaded 2 times (x 159B)
Class org.objectweb.asm.RecordComponentVisitor                                        : loaded 2 times (x 73B)
Class com.google.common.cache.CacheLoader$SupplierToCacheLoader                       : loaded 2 times (x 71B)
Class org.jetbrains.kotlin.utils.DFS$NodeHandler                                      : loaded 2 times (x 66B)
Class com.android.ide.common.rendering.api.StyleableResourceValue                     : loaded 2 times (x 66B)
Class org.jetbrains.kotlin.load.java.structure.JavaLoadingKt                          : loaded 2 times (x 67B)
Class com.google.common.collect.MapMakerInternalMap$AbstractStrongKeyEntry            : loaded 2 times (x 76B)
Class org.jetbrains.kotlin.load.java.ReportLevel$Companion                            : loaded 2 times (x 67B)
Class org.jetbrains.kotlin.types.model.TypeSystemContext                              : loaded 2 times (x 66B)
Class com.google.common.io.ByteSource$ByteArrayByteSource                             : loaded 2 times (x 81B)
Class org.jetbrains.kotlin.serialization.deserialization.ProtoContainer               : loaded 2 times (x 69B)
Class org.jetbrains.kotlin.codegen.extensions.ClassBuilderInterceptorExtension$Companion: loaded 2 times (x 68B)
Class org.jetbrains.kotlin.metadata.ProtoBuf$QualifiedNameTable$QualifiedName$Kind    : loaded 2 times (x 78B)
Class com.google.common.io.CharSource$StringCharSource                                : loaded 2 times (x 82B)
Class com.google.common.reflect.TypeToken$SimpleTypeToken                             : loaded 2 times (x 69B)
Class org.jetbrains.kotlin.psi.stubs.KotlinNameReferenceExpressionStub                : loaded 2 times (x 66B)
Class org.jetbrains.kotlin.psi.KtModifierList                                         : loaded 2 times (x 510B)
Class com.google.common.collect.AbstractSetMultimap                                   : loaded 2 times (x 170B)
Class [Lorg.jetbrains.org.objectweb.asm.tree.AbstractInsnNode;                        : loaded 2 times (x 65B)
Class com.android.tools.lint.model.LintModelDependency                                : loaded 2 times (x 66B)
Class [Lorg.jetbrains.kotlin.name.FqName;                                             : loaded 2 times (x 65B)
Class kotlin.internal.jdk7.JDK7PlatformImplementations                                : loaded 2 times (x 72B)
Class [Lorg.jetbrains.kotlin.config.LanguageVersion;                                  : loaded 2 times (x 65B)
Class kotlin.reflect.jvm.internal.KProperty2Impl$$Lambda$1                            : loaded 2 times (x 72B)
Class org.jetbrains.kotlin.psi.KtConstructorCalleeExpression                          : loaded 2 times (x 505B)
Class kotlin.text.MatchNamedGroupCollection                                           : loaded 2 times (x 66B)
Class org.jetbrains.kotlin.storage.EmptySimpleLock                                    : loaded 2 times (x 71B)
Class org.jetbrains.kotlin.metadata.deserialization.NameResolverImpl                  : loaded 2 times (x 73B)
Class org.jetbrains.kotlin.psi.KtReturnExpression                                     : loaded 2 times (x 436B)
Class org.jetbrains.kotlin.resolve.checkers.UnderscoreChecker                         : loaded 2 times (x 70B)
Class com.google.common.reflect.TypeResolver$TypeTable$1                              : loaded 2 times (x 69B)
Class org.gradle.internal.service.ServiceLookupException                              : loaded 2 times (x 78B)
Class org.jetbrains.kotlin.types.UtilsKt                                              : loaded 2 times (x 67B)
Class org.jetbrains.kotlin.resolve.calls.results.FlatSignatureKt                      : loaded 2 times (x 67B)
Class org.jetbrains.kotlin.types.TypeCheckerState$SupertypesPolicy$DoCustomTransform  : loaded 2 times (x 68B)
Class org.jetbrains.kotlin.types.TypeCheckerState$SupertypesPolicy$None               : loaded 2 times (x 68B)
Class org.jetbrains.kotlin.metadata.deserialization.VersionRequirement$Version        : loaded 2 times (x 67B)
Class com.google.common.collect.StandardTable                                         : loaded 2 times (x 120B)
Class [Lcom.android.resources.ResourceEnum;                                           : loaded 2 times (x 65B)
Class org.jetbrains.kotlin.fileClasses.JvmSimpleFileClassInfo                         : loaded 2 times (x 74B)
Class org.jetbrains.kotlin.types.model.TypeCheckerProviderContext                     : loaded 2 times (x 66B)
Class org.jetbrains.kotlin.load.java.FakePureImplementationsProvider                  : loaded 2 times (x 67B)
Class org.jetbrains.kotlin.load.java.structure.JavaPackage                            : loaded 2 times (x 66B)
Class org.jetbrains.kotlin.resolve.jvm.KotlinSafeClassFinder                          : loaded 2 times (x 66B)
Class org.jetbrains.kotlin.load.java.AbstractJavaClassFinder$FilterOutKotlinSourceFilesScope: loaded 2 times (x 104B)
Class org.jetbrains.kotlin.mpp.RegularClassSymbolMarker                               : loaded 2 times (x 66B)
Class org.jetbrains.kotlin.resolve.checkers.PrivateInlineFunctionsReturningAnonymousObjectsChecker: loaded 2 times (x 70B)
Class org.jetbrains.kotlin.resolve.checkers.DynamicReceiverChecker                    : loaded 2 times (x 70B)
Class org.jetbrains.kotlin.descriptors.EffectiveVisibility                            : loaded 2 times (x 71B)
Class org.jetbrains.kotlin.parsing.AllCommentsBinder                                  : loaded 2 times (x 72B)
Class org.jetbrains.kotlin.types.model.DefinitelyNotNullTypeMarker                    : loaded 2 times (x 66B)
Class org.jetbrains.kotlin.metadata.jvm.deserialization.JvmFlags                      : loaded 2 times (x 67B)
Class [Lorg.jetbrains.kotlin.builtins.functions.FunctionTypeKind;                     : loaded 2 times (x 65B)
Class com.android.ide.common.rendering.api.StyleItemResourceValue                     : loaded 2 times (x 66B)
Class org.jetbrains.kotlin.psi.stubs.KotlinContractEffectStub                         : loaded 2 times (x 66B)
Class org.jetbrains.kotlin.psi.KtClassBody                                            : loaded 2 times (x 444B)
Class kotlin.internal.PlatformImplementations                                         : loaded 2 times (x 72B)
Class org.jetbrains.kotlin.resolve.calls.inference.model.MutableConstraintStorage     : loaded 2 times (x 84B)
Class org.jetbrains.kotlin.types.TypeApproximatorConfiguration$IntersectionStrategy   : loaded 2 times (x 75B)
Class org.jetbrains.kotlin.cli.common.CompilerSystemProperties$value$2                : loaded 2 times (x 121B)
Class com.google.common.cache.LocalCache$1                                            : loaded 2 times (x 85B)
Class org.objectweb.asm.tree.AbstractInsnNode                                         : loaded 2 times (x 74B)
Class com.android.tools.lint.model.LintModelBuildFeatures                             : loaded 2 times (x 66B)
Class com.google.common.base.Ascii                                                    : loaded 2 times (x 67B)
Class kotlin.sequences.SequencesKt___SequencesKt$sortedWith$1                         : loaded 2 times (x 71B)
Class org.jetbrains.kotlin.com.intellij.openapi.diagnostic.LogLevel                   : loaded 2 times (x 75B)
Class com.google.common.io.Resources$UrlByteSource                                    : loaded 2 times (x 81B)
Class com.google.common.collect.Lists$ReverseList                                     : loaded 2 times (x 196B)
Class [Lcom.google.common.cache.LocalCache$EntryFactory;                              : loaded 2 times (x 65B)
Class org.gradle.internal.classloader.ClassLoaderFactory                              : loaded 2 times (x 66B)
Class androidx.compose.lint.NamesKt                                                   : loaded 2 times (x 67B)
Class org.jetbrains.kotlin.resolve.calls.util.UnderscoreUtilKt                        : loaded 2 times (x 67B)
Class kotlin.jvm.internal.EnumCompanionObject                                         : loaded 2 times (x 67B)
Class org.jetbrains.kotlin.resolve.calls.checkers.LambdaWithSuspendModifierCallChecker: loaded 2 times (x 70B)
Class org.jetbrains.kotlin.util.EmptyArrayMap                                         : loaded 2 times (x 79B)
Class org.jetbrains.kotlin.name.FqNamesUtilKt$WhenMappings                            : loaded 2 times (x 67B)
Class org.jetbrains.kotlin.psi.KtWhenConditionWithExpression                          : loaded 2 times (x 373B)
Class org.jetbrains.kotlin.asJava.finder.JavaElementFinder$Companion                  : loaded 2 times (x 67B)
Class org.jetbrains.kotlin.config.AnalysisFlag$Delegates$Boolean                      : loaded 2 times (x 67B)
Class org.jetbrains.kotlin.psi.ValueArgument                                          : loaded 2 times (x 66B)
Class [Lorg.jetbrains.kotlin.psi.KtEnumEntrySuperclassReferenceExpression;            : loaded 2 times (x 65B)
Class org.jetbrains.kotlin.psi.KtDotQualifiedExpression                               : loaded 2 times (x 571B)
Class org.jetbrains.kotlin.psi.KtReferenceExpression                                  : loaded 2 times (x 66B)
Class org.jetbrains.kotlin.psi.KtImportList                                           : loaded 2 times (x 442B)
Class [Lorg.jetbrains.kotlin.psi.KtParameterList;                                     : loaded 2 times (x 65B)
Class org.jetbrains.kotlin.psi.stubs.KotlinFunctionStub                               : loaded 2 times (x 66B)
Class kotlin.reflect.jvm.internal.impl.builtins.PrimitiveType                         : loaded 2 times (x 75B)
Class org.jetbrains.kotlin.cli.jvm.compiler.MockInferredAnnotationsManager$Companion  : loaded 2 times (x 67B)
Class org.apache.commons.io.FileExistsException                                       : loaded 2 times (x 78B)
Class org.jetbrains.kotlin.cli.jvm.modules.CoreJrtVirtualFile                         : loaded 2 times (x 150B)
Class org.jetbrains.kotlin.cli.jvm.modules.CoreJrtFileSystem$Companion                : loaded 2 times (x 67B)
Class org.jetbrains.kotlin.platform.jvm.JdkPlatform                                   : loaded 2 times (x 71B)
Class jdk.internal.jrtfs.JrtFileSystem$1                                              : loaded 2 times (x 103B)
Class com.android.tools.lint.model.LintModelModuleType                                : loaded 2 times (x 75B)
Class kotlinx.coroutines.internal.ThreadContextKt$findOne$1                           : loaded 2 times (x 74B)
Class org.apache.commons.io.CloseableURLConnection                                    : loaded 2 times (x 112B)
Class com.google.common.collect.ImmutableMap$SerializedForm                           : loaded 2 times (x 69B)
Class com.google.common.cache.LocalCache$LocalManualCache                             : loaded 2 times (x 95B)
Class org.gradle.internal.service.CachingServiceLocator                               : loaded 2 times (x 78B)
Class org.jetbrains.kotlin.utils.SmartSet$ArrayIterator                               : loaded 2 times (x 77B)
Class kotlin.reflect.jvm.internal.KProperty2Impl$$Lambda$0                            : loaded 2 times (x 72B)
Class com.android.ide.common.resources.configuration.ScreenDimensionQualifier         : loaded 2 times (x 85B)
Class org.jetbrains.kotlin.psi.KtCommonFile                                           : loaded 2 times (x 867B)
Class org.jetbrains.kotlin.psi.KtParameterList                                        : loaded 2 times (x 452B)
Class [Lorg.jetbrains.kotlin.psi.KtReferenceExpression;                               : loaded 2 times (x 65B)
Class org.jetbrains.kotlin.descriptors.ModuleDescriptor                               : loaded 2 times (x 66B)
Class [Lorg.jetbrains.kotlin.psi.KtContractEffectList;                                : loaded 2 times (x 65B)
Class org.jetbrains.kotlin.psi.KtPsiUtil                                              : loaded 2 times (x 67B)
Class org.jetbrains.kotlin.parsing.PrecedingDocCommentsBinder                         : loaded 2 times (x 72B)
Class org.jetbrains.kotlin.psi.KtSuperTypeListEntry                                   : loaded 2 times (x 443B)
Class org.jetbrains.kotlin.psi.stubs.elements.KtClassLiteralExpressionElementType     : loaded 2 times (x 96B)
Class it.unimi.dsi.fastutil.ints.IntListIterator                                      : loaded 2 times (x 66B)
Class [Lorg.jetbrains.kotlin.psi.KtEscapeStringTemplateEntry;                         : loaded 2 times (x 65B)
Class org.jetbrains.kotlin.psi.KtBlockCodeFragmentType                                : loaded 2 times (x 80B)
Class org.jetbrains.kotlin.psi.stubs.KotlinTypeParameterStub                          : loaded 2 times (x 66B)
Class org.jetbrains.kotlin.psi.stubs.KotlinPropertyStub                               : loaded 2 times (x 66B)
Class org.jetbrains.kotlin.load.kotlin.KotlinBinaryClassCache                         : loaded 2 times (x 71B)
Class it.unimi.dsi.fastutil.objects.AbstractObjectCollection                          : loaded 2 times (x 139B)
Class org.jetbrains.kotlin.resolve.checkers.VolatileAnnotationChecker                 : loaded 2 times (x 70B)
Class org.jetbrains.kotlin.types.model.TypeSystemInferenceExtensionContext            : loaded 2 times (x 66B)
Class kotlin.collections.AbstractList$SubList                                         : loaded 2 times (x 194B)
Class org.gradle.internal.service.ServiceLocator                                      : loaded 2 times (x 66B)
Class com.google.common.collect.AbstractMapBasedMultimap$KeySet                       : loaded 2 times (x 133B)
Class org.jetbrains.kotlin.resolve.calls.inference.model.NewConstraintSystemImpl$State: loaded 2 times (x 75B)
Class org.jetbrains.kotlin.SpecialJvmAnnotations                                      : loaded 2 times (x 67B)
Class org.jetbrains.kotlin.build.report.metrics.GradleBuildTime                       : loaded 2 times (x 84B)
Class org.jetbrains.org.objectweb.asm.tree.LabelNode                                  : loaded 2 times (x 76B)
Class [Lorg.jetbrains.kotlin.com.intellij.openapi.diagnostic.LogLevel;                : loaded 2 times (x 65B)
Class it.unimi.dsi.fastutil.ints.IntCollection                                        : loaded 2 times (x 66B)
Class org.jetbrains.kotlin.config.LanguageOrApiVersion                                : loaded 2 times (x 66B)
Class org.jetbrains.kotlin.load.java.NullabilityAnnotationStates                      : loaded 2 times (x 66B)
Class org.jetbrains.kotlin.resolve.checkers.ValueClassDeclarationChecker              : loaded 2 times (x 70B)
Class org.jetbrains.kotlin.resolve.checkers.ExpectActualInTheSameModuleChecker        : loaded 2 times (x 70B)
Class org.jetbrains.kotlin.psi.KtCodeFragment                                         : loaded 2 times (x 1262B)
Class org.jetbrains.kotlin.storage.CacheWithNotNullValues                             : loaded 2 times (x 66B)
Class org.jetbrains.kotlin.psi.KtIfExpression                                         : loaded 2 times (x 440B)
Class org.jetbrains.kotlin.builtins.StandardNames$FqNames                             : loaded 2 times (x 67B)
Class org.jetbrains.kotlin.config.LanguageFeature$Companion                           : loaded 2 times (x 67B)
Class org.jetbrains.kotlin.serialization.deserialization.KotlinMetadataFinder         : loaded 2 times (x 66B)
Class org.jetbrains.kotlin.cli.jvm.compiler.CliJavaModuleUtilsKt                      : loaded 2 times (x 67B)
Class org.jetbrains.kotlin.psi.KtAnonymousInitializer                                 : loaded 2 times (x 66B)
Class kotlin.reflect.jvm.internal.impl.descriptors.runtime.structure.ReflectClassUtilKt: loaded 2 times (x 67B)
Class org.jetbrains.kotlin.cli.jvm.index.JvmDependenciesIndex                         : loaded 2 times (x 66B)
Class [Lorg.jetbrains.kotlin.lexer.KtKeywordToken;                                    : loaded 2 times (x 65B)
Class org.jetbrains.kotlin.serialization.deserialization.ClassData                    : loaded 2 times (x 68B)
Class org.jetbrains.kotlin.psi.psiUtil.PsiUtilsKt$siblings$1$iterator$1               : loaded 2 times (x 75B)
Class org.jetbrains.kotlin.resolve.calls.checkers.CallableReferenceCompatibilityChecker: loaded 2 times (x 70B)
Class org.jetbrains.org.objectweb.asm.tree.AnnotationNode                             : loaded 2 times (x 76B)
Class org.jetbrains.kotlin.build.report.metrics.BuildTime                             : loaded 2 times (x 66B)
Class com.google.common.reflect.Types$TypeVariableInvocationHandler                   : loaded 2 times (x 71B)
Class org.jetbrains.kotlin.cli.jvm.compiler.KotlinCliJavaFileManagerImpl$WhenMappings : loaded 2 times (x 67B)
Class org.jetbrains.kotlin.load.java.structure.impl.JavaElementImpl                   : loaded 2 times (x 81B)
Class org.jetbrains.kotlin.load.java.structure.impl.source.JavaElementPsiSource       : loaded 2 times (x 69B)
Class org.jetbrains.kotlin.parsing.DoNotBindAnything                                  : loaded 2 times (x 72B)
Class org.jetbrains.kotlin.parsing.KotlinParsing$AnnotationParsingMode                : loaded 2 times (x 75B)
Class org.jetbrains.kotlin.descriptors.EffectiveVisibility$Permissiveness             : loaded 2 times (x 75B)
Class org.jetbrains.kotlin.psi.KtCallExpression                                       : loaded 2 times (x 567B)
Class org.jetbrains.kotlin.KtNodeType$KtLeftBoundNodeType                             : loaded 2 times (x 72B)
Class org.jetbrains.kotlin.psi.KtWhileExpressionBase                                  : loaded 2 times (x 437B)
Class org.jetbrains.kotlin.fir.extensions.FirExtensionRegistrarAdapter                : loaded 2 times (x 67B)
Class kotlin.jvm.internal.BooleanCompanionObject                                      : loaded 2 times (x 67B)
Class org.jetbrains.kotlin.resolve.calls.NewCommonSuperTypeCalculator                 : loaded 2 times (x 67B)
Class org.jetbrains.kotlin.config.AnalysisFlag$Delegates$ApiModeDisabledByDefault     : loaded 2 times (x 67B)
Class org.jetbrains.kotlin.psi.KtEscapeStringTemplateEntry                            : loaded 2 times (x 443B)
Class org.jetbrains.kotlin.psi.KotlinStringLiteralTextEscaper                         : loaded 2 times (x 72B)
Class org.jetbrains.kotlin.psi.KtContextReceiver                                      : loaded 2 times (x 441B)
Class [Lorg.jetbrains.kotlin.psi.KtQualifiedExpression;                               : loaded 2 times (x 65B)
Class org.jetbrains.kotlin.lexer.KtSingleValueToken                                   : loaded 2 times (x 73B)
Class [Lorg.jetbrains.kotlin.psi.KtClass;                                             : loaded 2 times (x 65B)
Class com.google.common.collect.BaseImmutableMultimap                                 : loaded 2 times (x 119B)
Class org.jetbrains.kotlin.config.LanguageVersionSettingsImpl                         : loaded 2 times (x 79B)
Class com.google.common.collect.EmptyImmutableListMultimap                            : loaded 2 times (x 172B)
Class com.android.prefs.LocationValue                                                 : loaded 2 times (x 66B)
Class org.apache.commons.io.output.ByteArrayOutputStream                              : loaded 2 times (x 98B)
Class com.google.common.reflect.TypeResolver$TypeVariableKey                          : loaded 2 times (x 68B)
Class org.jetbrains.kotlin.descriptors.CallableMemberDescriptor$Kind                  : loaded 2 times (x 75B)
Class org.jetbrains.kotlin.build.report.metrics.DoNothingBuildMetricsReporter         : loaded 2 times (x 83B)
Class com.google.common.collect.ImmutableMultimap                                     : loaded 2 times (x 143B)
Class org.jetbrains.kotlin.descriptors.DescriptorVisibilities$9                       : loaded 2 times (x 75B)
Class org.jetbrains.kotlin.resolve.calls.inference.model.FixVariableConstraintPosition: loaded 2 times (x 68B)
Class org.jetbrains.kotlin.types.model.TypeVariableTypeConstructorMarker              : loaded 2 times (x 66B)
Class org.jetbrains.kotlin.protobuf.GeneratedMessageLite$ExtendableBuilder            : loaded 2 times (x 134B)
Class com.android.ide.common.rendering.api.ArrayResourceValueImpl                     : loaded 2 times (x 119B)
Class kotlin.reflect.jvm.internal.impl.name.StandardClassIdsKt                        : loaded 2 times (x 67B)
Class kotlin.reflect.jvm.internal.impl.name.FqNamesUtilKt                             : loaded 2 times (x 67B)
Class org.jetbrains.kotlin.resolve.ImportPath                                         : loaded 2 times (x 68B)
Class org.jetbrains.kotlin.container.UnresolvedServiceException                       : loaded 2 times (x 78B)
Class org.jetbrains.kotlin.psi.stubs.elements.KtPlaceHolderStubElementType            : loaded 2 times (x 99B)
Class org.jetbrains.kotlin.parsing.Consumer                                           : loaded 2 times (x 66B)
Class org.jetbrains.kotlin.psi.stubs.KotlinClassStub                                  : loaded 2 times (x 66B)
Class [Lorg.jetbrains.kotlin.psi.KtImportList;                                        : loaded 2 times (x 65B)
Class org.jetbrains.kotlin.psi.KtTypeReference                                        : loaded 2 times (x 640B)
Class org.jetbrains.kotlin.psi.KtSimpleNameExpression                                 : loaded 2 times (x 66B)
Class org.jetbrains.kotlin.serialization.deserialization.DeserializationConfiguration : loaded 2 times (x 66B)
Class org.jetbrains.kotlin.psi.stubs.KotlinConstantExpressionStub                     : loaded 2 times (x 66B)
Class org.jetbrains.kotlin.psi.KtImportAlias                                          : loaded 2 times (x 558B)
Class [Lorg.jetbrains.kotlin.psi.KtTypeParameter;                                     : loaded 2 times (x 65B)
Class org.jetbrains.kotlin.psi.stubs.elements.KtTypeProjectionElementType             : loaded 2 times (x 99B)
Class org.jetbrains.kotlin.psi.KtSuperTypeEntry                                       : loaded 2 times (x 443B)
Class [Lorg.jetbrains.kotlin.psi.KtClassLiteralExpression;                            : loaded 2 times (x 65B)
Class org.jetbrains.kotlin.config.LanguageFeature                                     : loaded 2 times (x 76B)
Class org.jetbrains.kotlin.descriptors.annotations.AnnotationUseSiteTarget            : loaded 2 times (x 75B)
Class com.google.gson.JsonParseException                                              : loaded 2 times (x 78B)
Class com.android.tools.lint.model.DefaultLintModelJavaLibrary                        : loaded 2 times (x 99B)
Class com.android.prefs.PathLocator                                                   : loaded 2 times (x 69B)
Class org.apache.commons.io.output.AbstractByteArrayOutputStream                      : loaded 2 times (x 98B)
Class com.google.common.cache.CacheBuilder$OneWeigher                                 : loaded 2 times (x 78B)
Class org.jetbrains.kotlin.resolve.calls.inference.model.SimpleConstraintSystemConstraintPosition: loaded 2 times (x 67B)
Class [Lcom.android.resources.ScreenSize;                                             : loaded 2 times (x 65B)
Class com.android.ide.common.resources.configuration.ScreenRoundQualifier             : loaded 2 times (x 87B)
Class com.android.ide.common.resources.configuration.KeyboardStateQualifier           : loaded 2 times (x 86B)
Class org.jetbrains.kotlin.load.java.structure.impl.JavaFieldImpl                     : loaded 2 times (x 126B)
Class org.jetbrains.kotlin.container.DynamicComponentDescriptor                       : loaded 2 times (x 70B)
Class org.jetbrains.kotlin.types.model.TypeSystemCommonSuperTypesContext              : loaded 2 times (x 66B)
Class org.jetbrains.kotlin.builtins.functions.FunctionTypeKind$Function               : loaded 2 times (x 73B)
Class org.jetbrains.kotlin.psi.KtWhenEntry                                            : loaded 2 times (x 379B)
Class org.jetbrains.kotlin.asJava.KotlinAsJavaSupportBase                             : loaded 2 times (x 100B)
Class org.jetbrains.kotlin.descriptors.EffectiveVisibility$Public                     : loaded 2 times (x 71B)
Class org.jetbrains.kotlin.load.java.structure.impl.JavaAnnotationImpl                : loaded 2 times (x 95B)
Class [Lorg.jetbrains.kotlin.psi.KtFunction;                                          : loaded 2 times (x 65B)
Class org.jetbrains.kotlin.psi.KtTypeParameterListOwnerStub                           : loaded 2 times (x 994B)
Class com.android.Version                                                             : loaded 2 times (x 67B)
Class kotlin.reflect.jvm.internal.KDeclarationContainerImpl$Companion                 : loaded 2 times (x 67B)
Class com.android.sdklib.AndroidVersion                                               : loaded 2 times (x 71B)
Class com.android.tools.lint.model.LintModelLibraryResolver                           : loaded 2 times (x 66B)
Class kotlin.text.MatchResult$DefaultImpls                                            : loaded 2 times (x 67B)
Class com.android.tools.lint.model.LintModelSerialization$LintModelSerializationAdapter: loaded 2 times (x 66B)
Class org.jetbrains.kotlin.types.TypeApproximatorConfiguration$FinalApproximationAfterResolutionAndInference: loaded 2 times (x 84B)
Class com.google.common.collect.ImmutableMapEntry$NonTerminalImmutableBiMapEntry      : loaded 2 times (x 81B)
Class org.jetbrains.kotlin.com.intellij.openapi.diagnostic.Logger$Factory             : loaded 2 times (x 66B)
Class org.gradle.kotlin.dsl.TestImplementationConfigurationAccessorsKt                : loaded 2 times (x 67B)
Class com.google.common.reflect.Types$ClassOwnership$1LocalClass                      : loaded 2 times (x 67B)
Class org.gradle.internal.classloader.ClasspathUtil                                   : loaded 2 times (x 67B)
Class org.jetbrains.kotlin.resolve.calls.results.FlatSignature$Companion              : loaded 2 times (x 67B)
Class org.jetbrains.kotlin.resolve.calls.tasks.ExplicitReceiverKind                   : loaded 2 times (x 75B)
Class [Lorg.jetbrains.kotlin.resolve.jvm.diagnostics.JvmDeclarationOriginKind;        : loaded 2 times (x 65B)
Class com.google.common.cache.CacheLoader$FunctionToCacheLoader                       : loaded 2 times (x 71B)
Class [Lcom.android.resources.Navigation;                                             : loaded 2 times (x 65B)
Class org.jetbrains.kotlin.com.google.common.base.Preconditions                       : loaded 2 times (x 67B)
Class com.google.common.collect.ImmutableListMultimap                                 : loaded 2 times (x 172B)
Class org.apache.commons.io.output.UnsynchronizedByteArrayOutputStream                : loaded 2 times (x 98B)
Class org.jetbrains.kotlin.resolve.checkers.SuspendLimitationsChecker                 : loaded 2 times (x 70B)
Class com.android.utils.PositionXmlParser$SaxParserFactoryFunction                    : loaded 2 times (x 66B)
Class org.objectweb.asm.tree.MethodNode                                               : loaded 2 times (x 106B)
Class org.jetbrains.kotlin.metadata.ProtoBuf$PackageFragment                          : loaded 2 times (x 121B)
Class org.jetbrains.kotlin.resolve.jvm.KotlinJavaPsiFacade$KotlinPsiElementFinderWrapper: loaded 2 times (x 66B)
Class [Lorg.jetbrains.kotlin.metadata.ProtoBuf$QualifiedNameTable$QualifiedName$Kind; : loaded 2 times (x 65B)
Class com.google.common.reflect.Types$ParameterizedTypeImpl                           : loaded 2 times (x 77B)
Class org.jetbrains.kotlin.descriptors.DescriptorVisibilities$8                       : loaded 2 times (x 75B)
Class org.jetbrains.kotlin.psi.KtContractEffectList                                   : loaded 2 times (x 441B)
Class [Lorg.jetbrains.kotlin.psi.KtNamed;                                             : loaded 2 times (x 65B)
Class com.android.tools.lint.model.DefaultLintModelArtifact                           : loaded 2 times (x 80B)
Class it.unimi.dsi.fastutil.objects.ReferenceCollection                               : loaded 2 times (x 66B)
Class kotlin.reflect.jvm.internal.impl.name.StandardClassIds                          : loaded 2 times (x 67B)
Class it.unimi.dsi.fastutil.Hash                                                      : loaded 2 times (x 66B)
Class [Lorg.jetbrains.kotlin.psi.KtTypeParameterListOwnerStub;                        : loaded 2 times (x 65B)
Class it.unimi.dsi.fastutil.longs.LongSet                                             : loaded 2 times (x 66B)
Class com.google.common.util.concurrent.Uninterruptibles                              : loaded 2 times (x 67B)
Class org.jetbrains.kotlin.resolve.calls.tower.CandidateApplicabilityKt               : loaded 2 times (x 67B)
Class org.jetbrains.kotlin.storage.StorageManager                                     : loaded 2 times (x 66B)
Class com.google.common.collect.HashBasedTable$Factory                                : loaded 2 times (x 75B)
Class org.jetbrains.kotlin.serialization.deserialization.ValueClassUtilKt             : loaded 2 times (x 67B)
Class org.jetbrains.kotlin.backend.jvm.extensions.ClassGeneratorExtension$Companion   : loaded 2 times (x 68B)
Class org.jetbrains.kotlin.mpp.FunctionSymbolMarker                                   : loaded 2 times (x 66B)
Class org.jetbrains.kotlin.builtins.StandardNames                                     : loaded 2 times (x 67B)
Class org.objectweb.asm.tree.FieldNode                                                : loaded 2 times (x 76B)
Class org.jetbrains.kotlin.psi.KtCodeFragmentBase                                     : loaded 2 times (x 66B)
Class org.jetbrains.kotlin.serialization.deserialization.AbstractAnnotationLoader     : loaded 2 times (x 92B)
Class org.jetbrains.kotlin.metadata.ProtoBuf$PackageFragment$1                        : loaded 2 times (x 140B)
Class org.jetbrains.kotlin.psi.KtVisitor                                              : loaded 2 times (x 188B)
Class org.jetbrains.kotlin.psi.KtFunctionNotStubbed                                   : loaded 2 times (x 1191B)
Class [Lorg.jetbrains.kotlin.psi.KtAnnotationUseSiteTarget;                           : loaded 2 times (x 65B)
Class org.jetbrains.kotlin.psi.KtClassInitializer                                     : loaded 2 times (x 782B)
Class kotlin.reflect.jvm.internal.impl.builtins.functions.FunctionTypeKind$KSuspendFunction: loaded 2 times (x 68B)
Class kotlin.reflect.jvm.internal.KClassImpl$$Lambda$0                                : loaded 2 times (x 72B)
Class com.android.utils.PositionXmlParser                                             : loaded 2 times (x 67B)
Class kotlin.reflect.full.IllegalCallableAccessException                              : loaded 2 times (x 78B)
Class org.jetbrains.kotlin.container.ComponentDescriptor                              : loaded 2 times (x 66B)
Class it.unimi.dsi.fastutil.ints.IntList                                              : loaded 2 times (x 66B)
Class org.jetbrains.kotlin.cli.jvm.compiler.IdeaStandaloneExecutionSetup              : loaded 2 times (x 67B)
Class com.android.tools.lint.model.LintModelNamespacingMode                           : loaded 2 times (x 75B)
Class org.jetbrains.kotlin.load.java.structure.impl.JavaModifierListOwnerImpl         : loaded 2 times (x 66B)
Class com.google.common.collect.Tables$AbstractCell                                   : loaded 2 times (x 77B)
Class com.google.common.collect.AbstractMapBasedMultimap$WrappedSet                   : loaded 2 times (x 138B)
Class com.google.common.io.CharSource                                                 : loaded 2 times (x 81B)
Class com.google.common.util.concurrent.LazyLogger                                    : loaded 2 times (x 68B)
Class org.gradle.api.specs.Spec                                                       : loaded 2 times (x 66B)
Class org.jetbrains.kotlin.types.TypeCheckerState$SupertypesPolicy$LowerIfFlexible    : loaded 2 times (x 68B)
Class com.android.ide.common.rendering.api.StyleResourceValueImpl                     : loaded 2 times (x 115B)
Class com.android.ide.common.resources.configuration.GrammaticalGenderQualifier       : loaded 2 times (x 87B)
Class org.jetbrains.kotlin.resolve.calls.inference.model.ExpectedTypeConstraintPosition: loaded 2 times (x 68B)
Class org.gradle.internal.classloader.InstrumentingClassLoader                        : loaded 2 times (x 66B)
Class org.jetbrains.kotlin.resolve.calls.checkers.EqualityCallChecker                 : loaded 2 times (x 70B)
Class org.jetbrains.kotlin.resolve.calls.checkers.CompanionInParenthesesLHSCallChecker: loaded 2 times (x 70B)
Class [Lorg.jetbrains.kotlin.container.ComponentStorageState;                         : loaded 2 times (x 65B)
Class org.jetbrains.kotlin.name.CallableId                                            : loaded 2 times (x 68B)
Class org.jetbrains.kotlin.psi.KtDotQualifiedExpression$Companion                     : loaded 2 times (x 67B)
Class org.gradle.internal.classpath.TransformedClassPath                              : loaded 2 times (x 92B)
Class org.jetbrains.kotlin.psi.KtSafeQualifiedExpression                              : loaded 2 times (x 504B)
Class org.jetbrains.kotlin.kdoc.lexer.KDocLexer                                       : loaded 2 times (x 83B)
Class org.jetbrains.kotlin.protobuf.ProtocolStringList                                : loaded 2 times (x 66B)
Class [Lorg.jetbrains.kotlin.psi.KtTypeArgumentList;                                  : loaded 2 times (x 65B)
Class [Lorg.jetbrains.kotlin.psi.KtPackageDirective;                                  : loaded 2 times (x 65B)
Class org.jetbrains.kotlin.psi.stubs.elements.KtImportAliasElementType                : loaded 2 times (x 96B)
Class [Lorg.jetbrains.kotlin.psi.KtAnnotationsContainer;                              : loaded 2 times (x 65B)
Class kotlin.reflect.jvm.internal.CachesKt$$Lambda$0                                  : loaded 2 times (x 71B)
Class com.google.common.cache.CacheBuilder$NullListener                               : loaded 2 times (x 78B)
Class kotlin.jvm.internal.PropertyReference2                                          : loaded 2 times (x 123B)
Class org.objectweb.asm.FieldWriter                                                   : loaded 2 times (x 74B)
Class com.google.common.collect.MapMaker$Dummy                                        : loaded 2 times (x 75B)
Class com.google.common.reflect.Invokable                                             : loaded 2 times (x 99B)
Class com.android.tools.lint.model.LintModelExternalLibrary                           : loaded 2 times (x 66B)
Class org.jetbrains.kotlin.descriptors.DescriptorVisibilities$7                       : loaded 2 times (x 75B)
Class org.jetbrains.kotlin.descriptors.DelegatedDescriptorVisibility                  : loaded 2 times (x 75B)
Class org.jetbrains.kotlin.serialization.deserialization.ProtoEnumFlagsUtilsKt$WhenMappings: loaded 2 times (x 67B)
Class com.google.common.reflect.Types$JavaVersion                                     : loaded 2 times (x 79B)
Class org.apache.commons.io.file.PathFilter                                           : loaded 2 times (x 66B)
Class org.jetbrains.kotlin.resolve.calls.inference.components.VariableFixationFinder$WhenMappings: loaded 2 times (x 67B)
Class org.jetbrains.kotlin.util.EmptyArrayMap$iterator$1                              : loaded 2 times (x 74B)
Class com.android.resources.Keyboard                                                  : loaded 2 times (x 82B)
Class com.android.ide.common.resources.configuration.ScreenWidthQualifier             : loaded 2 times (x 84B)
Class org.jetbrains.kotlin.descriptors.VariableDescriptor                             : loaded 2 times (x 66B)
Class org.jetbrains.kotlin.container.PlatformExtensionsClashResolver$FallbackToDefault: loaded 2 times (x 69B)
Class org.jetbrains.kotlin.resolve.checkers.DataObjectContentChecker                  : loaded 2 times (x 70B)
Class org.jetbrains.kotlin.resolve.checkers.DeprecationInheritanceChecker             : loaded 2 times (x 70B)
Class org.jetbrains.kotlin.name.FqNamesUtilKt                                         : loaded 2 times (x 67B)
Class org.jetbrains.kotlin.kdoc.parser.KDocElementType                                : loaded 2 times (x 72B)
Class org.jetbrains.kotlin.builtins.functions.FunctionTypeKindExtractor               : loaded 2 times (x 68B)
Class com.android.utils.Pair                                                          : loaded 2 times (x 68B)
Class org.jetbrains.kotlin.psi.KtElementImpl                                          : loaded 2 times (x 372B)
Class kotlin.reflect.jvm.internal.impl.builtins.functions.FunctionTypeKind            : loaded 2 times (x 68B)
Class org.jetbrains.kotlin.cli.jvm.index.JvmDependenciesIndexImpl$Cache               : loaded 2 times (x 68B)
Class org.jetbrains.kotlin.psi.KtDelegatedSuperTypeEntry                              : loaded 2 times (x 445B)
Class org.jetbrains.kotlin.psi.KtPrimaryConstructor                                   : loaded 2 times (x 1272B)
Class [Lorg.jetbrains.kotlin.psi.KtModifierListOwner;                                 : loaded 2 times (x 65B)
Class [Lkotlin.reflect.jvm.internal.impl.builtins.jvm.JavaToKotlinClassMap$PlatformMutabilityMapping;: loaded 2 times (x 65B)
Class kotlin.reflect.jvm.internal.CachesKt$$Lambda$1                                  : loaded 2 times (x 71B)
Class kotlin.reflect.full.IllegalPropertyDelegateAccessException                      : loaded 2 times (x 78B)
Class org.jetbrains.kotlin.psi.KtTypeParameter                                        : loaded 2 times (x 913B)
Class org.jetbrains.kotlin.psi.KtDeclarationModifierList                              : loaded 2 times (x 510B)
Class it.unimi.dsi.fastutil.HashCommon                                                : loaded 2 times (x 67B)
Class com.android.tools.lint.model.LintModelVariant                                   : loaded 2 times (x 66B)
Class [Lorg.jetbrains.kotlin.psi.KtModifierList;                                      : loaded 2 times (x 65B)
Class org.jetbrains.kotlin.psi.stubs.KotlinValueArgumentStub                          : loaded 2 times (x 66B)
Class com.google.common.cache.LocalCache$LoadingValueReference                        : loaded 2 times (x 92B)
Class org.jetbrains.kotlin.resolve.calls.inference.components.TypeVariableDirectionCalculator$ResolveDirection: loaded 2 times (x 75B)
Class org.jetbrains.kotlin.psi.KtScript                                               : loaded 2 times (x 915B)
Class com.android.resources.WideGamutColor                                            : loaded 2 times (x 82B)
Class com.android.ide.common.resources.configuration.ScreenSizeQualifier              : loaded 2 times (x 88B)
Class org.jetbrains.kotlin.resolve.jvm.modules.JavaModule$Root                        : loaded 2 times (x 68B)
Class org.jetbrains.kotlin.resolve.checkers.ActualTypealiasToSpecialAnnotationChecker : loaded 2 times (x 70B)
Class com.android.utils.PositionXmlParser$DomBuilder                                  : loaded 2 times (x 144B)
Class org.jetbrains.kotlin.psi.KtWhenConditionIsPattern                               : loaded 2 times (x 374B)
Class [Lorg.jetbrains.kotlin.config.LanguageFeature;                                  : loaded 2 times (x 65B)
Class [Lorg.jetbrains.kotlin.psi.KtTypeReference;                                     : loaded 2 times (x 65B)
Class [Lorg.jetbrains.kotlin.psi.KtImportInfo;                                        : loaded 2 times (x 65B)
Class org.jetbrains.kotlin.psi.stubs.elements.KtContractEffectListElementType         : loaded 2 times (x 99B)
Class kotlin.reflect.jvm.internal.CachesKt$$Lambda$2                                  : loaded 2 times (x 71B)
Class [Lorg.jetbrains.kotlin.serialization.deserialization.descriptors.DeserializedContainerAbiStability;: loaded 2 times (x 65B)
Class org.jetbrains.kotlin.types.TypeSystemCommonBackendContext                       : loaded 2 times (x 66B)
Class org.jetbrains.kotlin.name.StandardClassIds                                      : loaded 2 times (x 67B)
Class com.google.common.collect.MapMakerInternalMap$WeakKeyStrongValueEntry$Helper    : loaded 2 times (x 75B)
Class com.android.ide.common.resources.configuration.CountryCodeQualifier             : loaded 2 times (x 84B)
Class [Lcom.android.tools.lint.model.LintModelArtifactType;                           : loaded 2 times (x 65B)
Class com.android.tools.lint.model.LintModelMavenName                                 : loaded 2 times (x 66B)
Class org.jetbrains.kotlin.resolve.calls.inference.model.ConstraintStorageKt          : loaded 2 times (x 67B)
Class org.jetbrains.kotlin.resolve.calls.inference.model.NewConstraintError           : loaded 2 times (x 73B)
Class com.google.common.cache.LocalCache$Strength$3                                   : loaded 2 times (x 77B)
Class com.google.common.reflect.Invokable$MethodInvokable                             : loaded 2 times (x 103B)
Class com.google.common.io.LineReader$1                                               : loaded 2 times (x 71B)
Class com.google.common.collect.CollectSpliterators                                   : loaded 2 times (x 67B)
Class com.google.common.collect.AbstractMapBasedMultimap$AsMap                        : loaded 2 times (x 124B)
Class com.google.common.collect.MapMakerInternalMap$StrongKeyDummyValueEntry          : loaded 2 times (x 78B)
Class com.google.common.io.ByteStreams                                                : loaded 2 times (x 67B)
Class kotlin.jvm.internal.CharCompanionObject                                         : loaded 2 times (x 67B)
Class org.jetbrains.kotlin.types.model.TypeSystemContextKt                            : loaded 2 times (x 67B)
Class org.jetbrains.kotlin.resolve.calls.inference.model.OnlyInputTypeConstraintPosition: loaded 2 times (x 66B)
Class org.jetbrains.kotlin.psi.KtPsiUtil$KtExpressionWrapper                          : loaded 2 times (x 66B)
Class com.google.common.collect.Interner                                              : loaded 2 times (x 66B)
Class com.google.common.collect.Interners$InternerImpl                                : loaded 2 times (x 71B)
Class org.jetbrains.kotlin.descriptors.DescriptorVisibilities$6                       : loaded 2 times (x 75B)
Class kotlin.collections.AbstractList$ListIteratorImpl                                : loaded 2 times (x 95B)
Class org.jetbrains.kotlin.resolve.checkers.ResultClassInReturnTypeChecker            : loaded 2 times (x 70B)
Class kotlin.reflect.jvm.internal.KMutableProperty1Impl$$Lambda$0                     : loaded 2 times (x 72B)
Class org.jetbrains.kotlin.load.java.structure.JavaModifierListOwner                  : loaded 2 times (x 66B)
Class org.jetbrains.kotlin.resolve.extensions.AnalysisHandlerExtension                : loaded 2 times (x 66B)
Class kotlinx.coroutines.internal.ThreadContextKt$countAll$1                          : loaded 2 times (x 74B)
Class jdk.internal.jrtfs.JrtFileStore                                                 : loaded 2 times (x 79B)
Class org.jetbrains.kotlin.lexer.KtKeywordToken                                       : loaded 2 times (x 74B)
Class [Lorg.jetbrains.kotlin.psi.KtPureElement;                                       : loaded 2 times (x 65B)
Class com.android.tools.lint.model.LintModelSerialization$TargetFile                  : loaded 2 times (x 75B)
Class kotlin.reflect.jvm.internal.CachesKt$$Lambda$3                                  : loaded 2 times (x 71B)
Class org.jetbrains.kotlin.config.LanguageVersionSettings$Companion                   : loaded 2 times (x 67B)
Class org.jetbrains.kotlin.name.StandardClassIdsKt                                    : loaded 2 times (x 67B)
Class com.android.tools.lint.model.LintModelLibrary                                   : loaded 2 times (x 66B)
Class [Lcom.android.tools.lint.model.LintModelNamespacingMode;                        : loaded 2 times (x 65B)
Class com.android.tools.lint.model.LintModelModuleLibrary                             : loaded 2 times (x 66B)
Class org.jetbrains.kotlin.psi.stubs.elements.KtValueArgumentListElementType          : loaded 2 times (x 99B)
Class [Lorg.jetbrains.kotlin.psi.KtDeclarationWithInitializer;                        : loaded 2 times (x 65B)
Class [Lorg.jetbrains.kotlin.psi.KtConstructorCalleeExpression;                       : loaded 2 times (x 65B)
Class kotlin.io.FilePathComponents                                                    : loaded 2 times (x 68B)
Class com.google.devtools.ksp.processing.KspGradleLogger$Companion                    : loaded 2 times (x 67B)
Class Build_gradle$2                                                                  : loaded 2 times (x 70B)
Class [Lorg.objectweb.asm.AnnotationWriter;                                           : loaded 2 times (x 65B)
Class kotlin.collections.ArraysKt___ArraysKt$asIterable$$inlined$Iterable$1           : loaded 2 times (x 75B)
Class org.jetbrains.kotlin.codegen.AsmUtil                                            : loaded 2 times (x 67B)
Class org.jetbrains.kotlin.resolve.deprecation.CommonDeprecationUtilsKt$WhenMappings  : loaded 2 times (x 67B)
Class org.jetbrains.kotlin.contracts.description.EventOccurrencesRange                : loaded 2 times (x 75B)
Class [Lorg.jetbrains.kotlin.types.model.CaptureStatus;                               : loaded 2 times (x 65B)
Class it.unimi.dsi.fastutil.ints.IntIterator                                          : loaded 2 times (x 66B)
Class [Lcom.android.resources.KeyboardState;                                          : loaded 2 times (x 65B)
Class org.jetbrains.kotlin.fir.extensions.FirExtensionRegistrarAdapter$Companion      : loaded 2 times (x 68B)
Class org.jetbrains.kotlin.renderer.DescriptorRenderer                                : loaded 2 times (x 79B)
Class [Lorg.jetbrains.kotlin.descriptors.ClassKind;                                   : loaded 2 times (x 65B)
Class [Lorg.jetbrains.kotlin.resolve.calls.checkers.CallChecker;                      : loaded 2 times (x 65B)
Class org.objectweb.asm.Handle                                                        : loaded 2 times (x 68B)
Class org.jetbrains.kotlin.parsing.TokenStreamPredicate                               : loaded 2 times (x 66B)
Class org.jetbrains.kotlin.psi.KtFunctionLiteral                                      : loaded 2 times (x 1196B)
Class [Lorg.jetbrains.kotlin.types.model.TypeArgumentMarker;                          : loaded 2 times (x 65B)
Class org.jetbrains.kotlin.metadata.ProtoBuf$PackageFragmentOrBuilder                 : loaded 2 times (x 66B)
Class org.jetbrains.kotlin.metadata.jvm.JvmModuleProtoBuf$PackageParts                : loaded 2 times (x 124B)
Class org.jetbrains.kotlin.resolve.checkers.ExplicitApiDeclarationChecker             : loaded 2 times (x 70B)
Class org.jetbrains.kotlin.cli.jvm.compiler.JvmPackagePartProviderKt                  : loaded 2 times (x 67B)
Class [Lorg.jetbrains.kotlin.psi.KtStringTemplateEntry;                               : loaded 2 times (x 65B)
Class org.jetbrains.kotlin.psi.stubs.elements.KtDotQualifiedExpressionElementType     : loaded 2 times (x 99B)
Class [Lorg.jetbrains.kotlin.psi.KtImportAlias;                                       : loaded 2 times (x 65B)
Class org.jetbrains.kotlin.psi.stubs.KotlinPropertyAccessorStub                       : loaded 2 times (x 66B)
Class [Lorg.jetbrains.kotlin.psi.KtNamedDeclaration;                                  : loaded 2 times (x 65B)
Class org.jetbrains.kotlin.load.java.AbstractAnnotationTypeQualifierResolver$Companion: loaded 2 times (x 67B)
Class kotlin.reflect.jvm.internal.CachesKt$$Lambda$4                                  : loaded 2 times (x 71B)
Class org.jetbrains.kotlin.load.java.structure.impl.JavaAnnotationOwnerImpl           : loaded 2 times (x 66B)
Class [Lcom.android.resources.TouchScreen;                                            : loaded 2 times (x 65B)
Class org.jetbrains.kotlin.resolve.calls.inference.components.ConstraintSystemCompletionContext: loaded 2 times (x 1260B)
Class com.google.common.cache.LocalCache$Strength$2                                   : loaded 2 times (x 77B)
Class com.android.utils.EnvironmentProvider                                           : loaded 2 times (x 66B)
Class com.google.common.util.concurrent.SettableFuture                                : loaded 2 times (x 110B)
Class org.jetbrains.kotlin.cli.common.messages.CompilerMessageSeverity                : loaded 2 times (x 75B)
Class org.jetbrains.org.objectweb.asm.tree.LineNumberNode                             : loaded 2 times (x 75B)
Class org.jetbrains.kotlin.descriptors.DescriptorVisibilities$10                      : loaded 2 times (x 72B)
Class org.jetbrains.kotlin.com.google.common.base.Function                            : loaded 2 times (x 66B)
Class com.google.common.collect.Lists$ReverseList$1                                   : loaded 2 times (x 95B)
Class com.google.common.cache.LocalCache$StrongValueReference                         : loaded 2 times (x 86B)
Class com.google.common.collect.RegularImmutableBiMap$Inverse                         : loaded 2 times (x 139B)
Class org.jetbrains.kotlin.types.AbstractNullabilityChecker                           : loaded 2 times (x 67B)
Class org.jetbrains.kotlin.load.java.structure.impl.JavaPackageImpl                   : loaded 2 times (x 100B)
Class org.jetbrains.kotlin.resolve.calls.inference.components.TrivialConstraintTypeInferenceOracle$Companion: loaded 2 times (x 67B)
Class org.jetbrains.kotlin.resolve.checkers.StubForBuilderInferenceParameterTypeChecker: loaded 2 times (x 70B)
Class org.jetbrains.kotlin.resolve.checkers.MultiFieldValueClassAnnotationsChecker    : loaded 2 times (x 70B)
Class org.jetbrains.kotlin.util.TypeRegistry                                          : loaded 2 times (x 69B)
Class org.apache.commons.io.output.QueueOutputStream                                  : loaded 2 times (x 83B)
Class org.jetbrains.kotlin.parsing.AbstractKotlinParsing                              : loaded 2 times (x 97B)
Class org.jetbrains.kotlin.metadata.ProtoBuf$QualifiedNameTable$QualifiedName$1       : loaded 2 times (x 140B)
Class com.google.common.reflect.Types$ClassOwnership$3                                : loaded 2 times (x 67B)
Class org.jetbrains.kotlin.load.java.JavaModuleAnnotationsProvider                    : loaded 2 times (x 66B)
Class it.unimi.dsi.fastutil.ints.AbstractIntSet                                       : loaded 2 times (x 229B)
Class [Lorg.jetbrains.kotlin.psi.ValueArgumentName;                                   : loaded 2 times (x 65B)
Class org.jetbrains.kotlin.psi.stubs.elements.KtConstructorElementType                : loaded 2 times (x 103B)
Class org.jetbrains.kotlin.descriptors.DescriptorVisibilities$5                       : loaded 2 times (x 75B)
Class org.jetbrains.kotlin.cli.jvm.compiler.KotlinCliJavaFileManagerImpl              : loaded 2 times (x 89B)
Class kotlin.internal.jdk8.JDK8PlatformImplementations                                : loaded 2 times (x 72B)
Class it.unimi.dsi.fastutil.objects.ObjectSpliterator                                 : loaded 2 times (x 66B)
Class org.jetbrains.kotlin.cli.jvm.compiler.KotlinCoreApplicationEnvironment          : loaded 2 times (x 90B)
Class kotlin.collections.Grouping                                                     : loaded 2 times (x 66B)
Class org.jetbrains.kotlin.descriptors.DescriptorVisibilities$11                      : loaded 2 times (x 72B)
Class [Lcom.google.gson.stream.JsonToken;                                             : loaded 2 times (x 65B)
Class org.gradle.internal.classloader.VisitableURLClassLoader$InstrumentingVisitableURLClassLoader: loaded 2 times (x 119B)
Class org.jetbrains.kotlin.resolve.calls.inference.model.IncorporationConstraintPosition: loaded 2 times (x 68B)
Class com.android.ide.common.rendering.api.TextResourceValueImpl                      : loaded 2 times (x 105B)
Class org.jetbrains.kotlin.utils.SmartSet$Companion                                   : loaded 2 times (x 67B)
Class org.jetbrains.kotlin.psi.KtTypeParameterList                                    : loaded 2 times (x 444B)
Class [Lorg.jetbrains.kotlin.resolve.jvm.KotlinJavaPsiFacade$KotlinPsiElementFinderWrapper;: loaded 2 times (x 65B)
Class com.google.common.collect.MapMakerInternalMap$AbstractWeakKeyEntry              : loaded 2 times (x 83B)
Class org.jetbrains.kotlin.descriptors.ClassifierDescriptor                           : loaded 2 times (x 66B)
Class org.jetbrains.kotlin.resolve.checkers.OptionalExpectationUsageChecker           : loaded 2 times (x 70B)
Class org.jetbrains.kotlin.resolve.calls.checkers.CustomEnumEntriesMigrationCallChecker: loaded 2 times (x 70B)
Class org.jetbrains.kotlin.lexer._JetLexer                                            : loaded 2 times (x 79B)
Class org.jetbrains.kotlin.builtins.functions.FunctionTypeKind$KSuspendFunction       : loaded 2 times (x 73B)
Class [Lorg.jetbrains.kotlin.psi.KtSuperTypeListEntry;                                : loaded 2 times (x 65B)
Class org.jetbrains.kotlin.psi.KtCollectionLiteralExpression                          : loaded 2 times (x 567B)
Class org.jetbrains.kotlin.metadata.ProtoBuf$QualifiedNameTable$1                     : loaded 2 times (x 140B)
Class org.jetbrains.kotlin.storage.LockBasedStorageManager$MapBasedMemoizedFunction   : loaded 2 times (x 78B)
Class org.jetbrains.kotlin.psi.stubs.elements.KtCollectionLiteralExpressionElementType: loaded 2 times (x 96B)
Class org.jetbrains.kotlin.psi.KtValueArgumentName                                    : loaded 2 times (x 447B)
Class org.jetbrains.kotlin.psi.KtTypeConstraintList                                   : loaded 2 times (x 442B)
Class [Lorg.jetbrains.kotlin.psi.KtParameter;                                         : loaded 2 times (x 65B)
Class org.jetbrains.kotlin.psi.KtParameter                                            : loaded 2 times (x 1155B)
Class org.jetbrains.kotlin.metadata.jvm.JvmModuleProtoBuf$Module                      : loaded 2 times (x 120B)
Class [Lkotlin.reflect.jvm.internal.impl.resolve.jvm.JvmPrimitiveType;                : loaded 2 times (x 65B)
Class org.jetbrains.kotlin.metadata.ProtoBuf$QualifiedNameTable$QualifiedNameOrBuilder: loaded 2 times (x 66B)
Class org.jetbrains.kotlin.resolve.jvm.extensions.AnalysisHandlerExtension            : loaded 2 times (x 66B)
Class org.jetbrains.kotlin.psi.KtWhileExpression                                      : loaded 2 times (x 437B)
Class org.jetbrains.kotlin.psi.KtBlockExpression                                      : loaded 2 times (x 544B)
Class [Lcom.android.resources.ResourceType;                                           : loaded 2 times (x 65B)
Class org.jetbrains.kotlin.resolve.calls.checkers.OperatorCallChecker                 : loaded 2 times (x 70B)
Class com.android.tools.lint.model.LintModelArtifactType                              : loaded 2 times (x 75B)
Class org.jetbrains.kotlin.resolve.calls.checkers.OperatorCallChecker$Companion       : loaded 2 times (x 67B)
Class org.jetbrains.kotlin.load.java.NullabilityAnnotationStates$Companion            : loaded 2 times (x 67B)
Class org.jetbrains.kotlin.descriptors.annotations.KotlinTarget                       : loaded 2 times (x 76B)
Class org.jetbrains.kotlin.descriptors.DescriptorVisibilities$12                      : loaded 2 times (x 72B)
Class org.apache.commons.io.FileUtils                                                 : loaded 2 times (x 67B)
Class com.google.common.collect.MapMakerInternalMap$StrongKeyDummyValueEntry$Helper   : loaded 2 times (x 75B)
Class org.objectweb.asm.ByteVector                                                    : loaded 2 times (x 75B)
Class [Lcom.google.common.cache.CacheBuilder$NullListener;                            : loaded 2 times (x 65B)
Class org.gradle.internal.classloader.VisitableURLClassLoader$Spec                    : loaded 2 times (x 70B)
Class org.gradle.internal.classpath.DefaultClassPath                                  : loaded 2 times (x 86B)
Class org.jetbrains.kotlin.types.AbstractTypeApproximator$referenceApproximateToSuperType$1: loaded 2 times (x 121B)
Class org.jetbrains.kotlin.resolve.calls.inference.components.VariableFixationFinder$Context: loaded 2 times (x 66B)
Class [Lorg.jetbrains.kotlin.descriptors.annotations.AnnotationUseSiteTarget;         : loaded 2 times (x 65B)
Class org.jetbrains.kotlin.load.java.typeEnhancement.NullabilityQualifier             : loaded 2 times (x 75B)
Class org.jetbrains.kotlin.resolve.calls.checkers.ConstructorHeaderCallChecker        : loaded 2 times (x 70B)
Class org.jetbrains.kotlin.resolve.checkers.EnumEntriesRedeclarationChecker           : loaded 2 times (x 70B)
Class org.jetbrains.kotlin.container.ComponentProvider                                : loaded 2 times (x 66B)
Class org.jetbrains.kotlin.parsing.LastBefore                                         : loaded 2 times (x 80B)
Class org.jetbrains.kotlin.lexer._JetLexer$State                                      : loaded 2 times (x 67B)
Class org.jetbrains.kotlin.psi.KtIsExpression                                         : loaded 2 times (x 499B)
Class [Lcom.android.resources.WideGamutColor;                                         : loaded 2 times (x 65B)
Class org.jetbrains.kotlin.cli.jvm.compiler.JvmPackagePartProvider                    : loaded 2 times (x 89B)
Class it.unimi.dsi.fastutil.ints.IntArrays                                            : loaded 2 times (x 67B)
Class org.jetbrains.kotlin.psi.KtDeclaration                                          : loaded 2 times (x 66B)
Class com.google.common.cache.LocalCache$Strength$1                                   : loaded 2 times (x 77B)
Class org.objectweb.asm.ModuleVisitor                                                 : loaded 2 times (x 77B)
Class it.unimi.dsi.fastutil.Hash$Strategy                                             : loaded 2 times (x 66B)
Class kotlin.text.MatchGroup                                                          : loaded 2 times (x 68B)
Class com.google.common.io.ByteArrayDataInput                                         : loaded 2 times (x 66B)
Class com.android.tools.lint.model.LintModelDependencies                              : loaded 2 times (x 66B)
Class com.google.common.reflect.TypeResolver                                          : loaded 2 times (x 68B)
Class com.google.common.reflect.Types$ClassOwnership$2                                : loaded 2 times (x 76B)
Class org.jetbrains.kotlin.descriptors.DescriptorVisibilities$4                       : loaded 2 times (x 75B)
Class org.jetbrains.org.objectweb.asm.tree.TableSwitchInsnNode                        : loaded 2 times (x 75B)
Class kotlin.reflect.jvm.internal.impl.name.ClassId                                   : loaded 2 times (x 68B)
Class com.google.devtools.ksp.processing.KspGradleLogger                              : loaded 2 times (x 75B)
Class org.jetbrains.org.objectweb.asm.Handler                                         : loaded 2 times (x 68B)
Class [Lorg.jetbrains.kotlin.build.report.metrics.GradleBuildTime;                    : loaded 2 times (x 65B)
Class com.google.common.reflect.Types$ClassOwnership                                  : loaded 2 times (x 76B)
Class org.objectweb.asm.Symbol                                                        : loaded 2 times (x 69B)
Class org.jetbrains.kotlin.utils.NumbersKt                                            : loaded 2 times (x 67B)
Class org.jetbrains.kotlin.types.AbstractTypeApproximator$referenceApproximateToSubType$1: loaded 2 times (x 121B)
Class org.jetbrains.kotlin.metadata.jvm.deserialization.JvmMemberSignature$Field      : loaded 2 times (x 71B)
Class org.jetbrains.kotlin.types.model.CapturedTypeMarker                             : loaded 2 times (x 66B)
Class [Lorg.jetbrains.kotlin.psi.KtCallableDeclaration;                               : loaded 2 times (x 65B)
Class [Lorg.jetbrains.kotlin.builtins.jvm.JavaToKotlinClassMap$PlatformMutabilityMapping;: loaded 2 times (x 65B)
Class org.jetbrains.kotlin.resolve.IdentifierChecker                                  : loaded 2 times (x 66B)
Class org.jetbrains.kotlin.resolve.checkers.PropertiesWithBackingFieldsInsideValueClass: loaded 2 times (x 70B)
Class org.jetbrains.kotlin.resolve.checkers.SinceKotlinAnnotationValueChecker         : loaded 2 times (x 73B)
Class [Lorg.jetbrains.kotlin.name.State;                                              : loaded 2 times (x 65B)
Class com.android.utils.PositionXmlParser$ParserFactoryFunction                       : loaded 2 times (x 66B)
Class [Lorg.jetbrains.kotlin.psi.KtVariableDeclaration;                               : loaded 2 times (x 65B)
Class org.jetbrains.kotlin.psi.KtInitializerList                                      : loaded 2 times (x 442B)
Class it.unimi.dsi.fastutil.longs.LongIterable                                        : loaded 2 times (x 66B)
Class org.jetbrains.kotlin.serialization.deserialization.descriptors.DeserializedContainerAbiStability: loaded 2 times (x 75B)
Class org.jetbrains.kotlin.psi.KtSuperExpression                                      : loaded 2 times (x 435B)
Class org.jetbrains.kotlin.asJava.KotlinAsJavaSupport$Companion                       : loaded 2 times (x 67B)
Class org.jetbrains.kotlin.resolve.jvm.KotlinJavaPsiFacade$KotlinPsiElementFinderWrapperImplDumbAware: loaded 2 times (x 78B)
Class org.jetbrains.kotlin.metadata.ProtoBuf$StringTableOrBuilder                     : loaded 2 times (x 66B)
Class org.jetbrains.kotlin.utils.addToStdlib.AddToStdlibKt                            : loaded 2 times (x 67B)
Class org.jetbrains.kotlin.psi.stubs.elements.KtContractEffectElementType             : loaded 2 times (x 96B)
Class [Lorg.jetbrains.kotlin.psi.KtFileAnnotationList;                                : loaded 2 times (x 65B)
Class org.jetbrains.kotlin.psi.KtAnnotation                                           : loaded 2 times (x 444B)
Class org.jetbrains.kotlin.psi.KtAnnotationEntry                                      : loaded 2 times (x 519B)
Class org.jetbrains.kotlin.psi.stubs.KotlinConstructorStub                            : loaded 2 times (x 66B)
Class org.jetbrains.kotlin.psi.stubs.elements.KtBackingFieldElementType               : loaded 2 times (x 99B)
Class org.jetbrains.kotlin.psi.KtClassLikeDeclaration                                 : loaded 2 times (x 66B)
Class org.jetbrains.kotlin.load.java.structure.JavaElement                            : loaded 2 times (x 66B)
Class org.jetbrains.kotlin.idea.KotlinFileType                                        : loaded 2 times (x 89B)
Class org.jetbrains.kotlin.config.ApiVersion$Companion                                : loaded 2 times (x 67B)
Class org.jetbrains.kotlin.serialization.SerializerExtensionProtocol                  : loaded 2 times (x 68B)
Class org.jetbrains.kotlin.psi.KtBinaryExpressionWithTypeRHS                          : loaded 2 times (x 498B)
Class org.jetbrains.kotlin.load.kotlin.KotlinJvmBinarySourceElement                   : loaded 2 times (x 77B)
Class com.google.common.io.Java8Compatibility                                         : loaded 2 times (x 67B)
Class org.gradle.internal.classloader.ClassLoaderSpec                                 : loaded 2 times (x 67B)
Class kotlin.jvm.internal.LongCompanionObject                                         : loaded 2 times (x 67B)
Class com.google.common.collect.AbstractMapBasedMultimap$1                            : loaded 2 times (x 80B)
Class org.jetbrains.kotlin.utils.SmartList$SingletonIterator                          : loaded 2 times (x 78B)
Class org.jetbrains.kotlin.types.model.TypeParameterMarker                            : loaded 2 times (x 66B)
Class [Lorg.jetbrains.kotlin.resolve.deprecation.DeprecationLevelValue;               : loaded 2 times (x 65B)
Class org.jetbrains.kotlin.resolve.checkers.TailrecFunctionChecker                    : loaded 2 times (x 70B)
Class org.jetbrains.kotlin.resolve.checkers.InnerClassInsideValueClass                : loaded 2 times (x 70B)
Class [Lorg.jetbrains.kotlin.resolve.checkers.DeclarationChecker;                     : loaded 2 times (x 65B)
Class com.google.common.collect.CollectCollectors$EnumSetAccumulator                  : loaded 2 times (x 68B)
Class com.android.ide.common.rendering.api.ResourceNamespace                          : loaded 2 times (x 76B)
Class org.jetbrains.kotlin.resolve.calls.checkers.AbstractClassInstantiationChecker   : loaded 2 times (x 70B)
Class org.jetbrains.kotlin.load.java.JavaTypeEnhancementState                         : loaded 2 times (x 68B)
Class it.unimi.dsi.fastutil.ints.IntArrays$ForkJoinQuickSortComp                      : loaded 2 times (x 92B)
Class [Lorg.jetbrains.kotlin.psi.KtDoubleColonExpression;                             : loaded 2 times (x 65B)
Class [Lorg.jetbrains.kotlin.psi.KtElementImplStub;                                   : loaded 2 times (x 65B)
Class org.jetbrains.kotlin.psi.KtClass                                                : loaded 2 times (x 1099B)
Class org.jetbrains.kotlin.psi.KtAnnotated                                            : loaded 2 times (x 66B)
Class kotlin.reflect.jvm.internal.ReflectProperties$Val$1                             : loaded 2 times (x 67B)
Class org.jetbrains.kotlin.config.JvmDefaultMode                                      : loaded 2 times (x 75B)
Class com.android.tools.lint.model.LintModelSerialization$LintModelSerializationFileAdapter: loaded 2 times (x 83B)
Class org.jetbrains.kotlin.load.kotlin.VirtualFileKotlinClass                         : loaded 2 times (x 84B)
Class com.android.prefs.VariableType                                                  : loaded 2 times (x 75B)
Class org.jetbrains.kotlin.resolve.calls.inference.InferenceUtilsKt                   : loaded 2 times (x 67B)
Class org.jetbrains.org.objectweb.asm.tree.AbstractInsnNode                           : loaded 2 times (x 74B)
Class com.google.common.io.ByteSource$EmptyByteSource                                 : loaded 2 times (x 81B)
Class org.objectweb.asm.AnnotationWriter                                              : loaded 2 times (x 75B)
Class com.google.common.cache.CacheStats                                              : loaded 2 times (x 67B)
Class org.jetbrains.kotlin.utils.NumberWithRadix                                      : loaded 2 times (x 68B)
Class org.jetbrains.kotlin.resolve.calls.inference.components.ConstraintInjector$TypeCheckerStateForConstraintInjector$WhenMappings: loaded 2 times (x 67B)
Class org.jetbrains.kotlin.load.java.structure.impl.JavaTypeParameterImpl             : loaded 2 times (x 104B)
Class it.unimi.dsi.fastutil.objects.AbstractObject2IntMap                             : loaded 2 times (x 235B)
Class [Lorg.jetbrains.kotlin.types.model.TypeVariance;                                : loaded 2 times (x 65B)
Class org.jetbrains.kotlin.resolve.calls.tower.CandidateApplicability                 : loaded 2 times (x 75B)
Class org.jetbrains.kotlin.resolve.jvm.KotlinJavaPsiFacade$PackageCache               : loaded 2 times (x 69B)
Class [Lorg.jetbrains.kotlin.types.model.SimpleTypeMarker;                            : loaded 2 times (x 65B)
Class com.google.common.collect.MapMakerInternalMap$WeakKeyStrongValueEntry$LinkedWeakKeyStrongValueEntry: loaded 2 times (x 86B)
Class [Lorg.jetbrains.kotlin.load.java.AnnotationQualifierApplicabilityType;          : loaded 2 times (x 65B)
Class org.jetbrains.kotlin.resolve.calls.inference.model.ConstraintStorageKt$WhenMappings: loaded 2 times (x 67B)
Class org.gradle.internal.service.UnknownServiceException                             : loaded 2 times (x 79B)
Class com.android.resources.ResourceType                                              : loaded 2 times (x 75B)
Class org.jetbrains.kotlin.psi.KtForExpression                                        : loaded 2 times (x 441B)
Class org.jetbrains.kotlin.serialization.DescriptorSerializerPlugin                   : loaded 2 times (x 66B)
Class com.google.common.cache.LocalCache$LocalLoadingCache                            : loaded 2 times (x 130B)
Class org.jetbrains.kotlin.load.kotlin.ModuleMappingUtilKt                            : loaded 2 times (x 67B)
Class [Lorg.objectweb.asm.AnnotationVisitor;                                          : loaded 2 times (x 65B)
Class [Lorg.jetbrains.kotlin.psi.KtSuperTypeCallEntry;                                : loaded 2 times (x 65B)
Class [Lorg.jetbrains.kotlin.psi.KtDotQualifiedExpression;                            : loaded 2 times (x 65B)
Class org.jetbrains.kotlin.psi.KtAnnotationsContainer                                 : loaded 2 times (x 66B)
Class com.google.common.reflect.Types$ClassOwnership$1                                : loaded 2 times (x 76B)
Class org.jetbrains.kotlin.descriptors.DescriptorVisibilities$3                       : loaded 2 times (x 75B)
Class org.jetbrains.kotlin.config.LanguageVersion$Companion                           : loaded 2 times (x 67B)
Class org.jetbrains.kotlin.load.java.structure.impl.classFiles.BinaryClassSignatureParser: loaded 2 times (x 68B)
Class org.jetbrains.kotlin.config.MavenComparableVersion$ListItem                     : loaded 2 times (x 214B)
Class kotlin.reflect.jvm.internal.KProperty1Impl$$Lambda$1                            : loaded 2 times (x 72B)
Class org.jetbrains.kotlin.psi.stubs.elements.KtTypeParameterElementType              : loaded 2 times (x 99B)
Class [Lorg.jetbrains.kotlin.psi.KtDeclarationModifierList;                           : loaded 2 times (x 65B)
Class org.jetbrains.kotlin.psi.KtIntersectionType                                     : loaded 2 times (x 503B)
Class com.android.tools.lint.model.PathVariables                                      : loaded 2 times (x 68B)
Class org.jetbrains.kotlin.psi.KtStringTemplateEntry                                  : loaded 2 times (x 442B)
Class com.google.common.collect.ImmutableMultisetGwtSerializationDependencies         : loaded 2 times (x 121B)
Class com.google.common.collect.Interners                                             : loaded 2 times (x 67B)
Class org.objectweb.asm.RecordComponentWriter                                         : loaded 2 times (x 74B)
Class com.google.common.util.concurrent.AbstractFuture$Listener                       : loaded 2 times (x 68B)
Class Settings_gradle$1$1                                                             : loaded 2 times (x 70B)
Class org.jetbrains.kotlin.load.java.JavaDefaultQualifiersKt                          : loaded 2 times (x 67B)
Class com.google.common.collect.StandardTable$CellIterator                            : loaded 2 times (x 79B)
Class org.jetbrains.kotlin.protobuf.LazyStringList                                    : loaded 2 times (x 66B)
Class org.jetbrains.kotlin.cli.jvm.compiler.CliVirtualFileFinder                      : loaded 2 times (x 87B)
Class org.jetbrains.kotlin.load.java.AbstractAnnotationTypeQualifierResolver          : loaded 2 times (x 73B)
Class org.jetbrains.kotlin.psi.KtContinueExpression                                   : loaded 2 times (x 433B)
Class org.jetbrains.kotlin.serialization.deserialization.ClassDeserializer            : loaded 2 times (x 68B)
Class org.jetbrains.kotlin.lexer.KotlinLexer                                          : loaded 2 times (x 82B)
Class org.jetbrains.kotlin.extensions.AnnotationBasedExtension                        : loaded 2 times (x 66B)
Class org.jetbrains.kotlin.metadata.jvm.deserialization.ModuleMapping$Companion       : loaded 2 times (x 67B)
Class org.jetbrains.kotlin.psi.ValueArgumentName                                      : loaded 2 times (x 66B)
Class [Lorg.jetbrains.kotlin.psi.KtExpressionImplStub;                                : loaded 2 times (x 65B)
Class org.jetbrains.kotlin.psi.KtPureClassOrObject                                    : loaded 2 times (x 66B)
Class org.jetbrains.kotlin.name.SpecialNames                                          : loaded 2 times (x 67B)
Class [Lorg.jetbrains.kotlin.utils.DescriptionAware;                                  : loaded 2 times (x 65B)
Class com.android.ide.common.gradle.Version$Companion$ParseState                      : loaded 2 times (x 66B)
Class org.jetbrains.kotlin.resolve.checkers.AnnotationClassTargetAndRetentionChecker  : loaded 2 times (x 70B)
Class kotlinx.coroutines.selects.SelectClause0                                        : loaded 2 times (x 66B)
Class org.jetbrains.kotlin.cli.common.ModuleVisibilityHelperImpl                      : loaded 2 times (x 70B)
Class org.gradle.internal.classloader.VisitableURLClassLoader                         : loaded 2 times (x 113B)
Class org.jetbrains.kotlin.resolve.calls.inference.components.VariableFixationFinder$TypeVariableFixationReadiness: loaded 2 times (x 75B)
Class org.jetbrains.kotlin.resolve.jvm.diagnostics.JvmDeclarationOriginKind           : loaded 2 times (x 75B)
Class org.jetbrains.kotlin.resolve.calls.checkers.ApiVersionCallChecker               : loaded 2 times (x 70B)
Class [Lcom.android.resources.ScreenRound;                                            : loaded 2 times (x 65B)
Class org.jetbrains.kotlin.types.TypeApproximatorConfiguration$AllFlexibleSameValue   : loaded 2 times (x 83B)
Class org.jetbrains.kotlin.load.java.typeEnhancement.TypeEnhancementUtilsKt           : loaded 2 times (x 67B)
Class org.jetbrains.kotlin.load.java.structure.impl.VirtualFileBoundJavaClass         : loaded 2 times (x 66B)
Class it.unimi.dsi.fastutil.objects.Object2IntMap                                     : loaded 2 times (x 66B)
Class org.jetbrains.kotlin.resolve.checkers.ContextualDeclarationChecker              : loaded 2 times (x 70B)
Class org.jetbrains.kotlin.container.ValueResolver                                    : loaded 2 times (x 66B)
Class org.jetbrains.kotlin.resolve.deprecation.DeprecationInfo                        : loaded 2 times (x 75B)
Class org.jetbrains.kotlin.parsing.KotlinParsing$ModifierDetector                     : loaded 2 times (x 74B)
Class org.jetbrains.kotlin.utils.WrappedValues                                        : loaded 2 times (x 67B)
Class org.jetbrains.kotlin.utils.SmartList                                            : loaded 2 times (x 197B)
Class org.jetbrains.kotlin.types.DefaultTypeAttributeTranslator                       : loaded 2 times (x 71B)
Class org.jetbrains.kotlin.storage.LockBasedStorageManager$ExceptionHandlingStrategy  : loaded 2 times (x 66B)
Class org.jetbrains.kotlin.psi.stubs.KotlinContextReceiverStub                        : loaded 2 times (x 66B)
Class org.jetbrains.kotlin.psi.stubs.elements.KtStringTemplateExpressionElementType   : loaded 2 times (x 99B)
Class kotlin.reflect.jvm.internal.KClassImpl                                          : loaded 2 times (x 111B)
Class org.jetbrains.kotlin.types.TypeMappingContext                                   : loaded 2 times (x 66B)
Class org.jetbrains.kotlin.load.java.JavaTypeQualifiersByElementType                  : loaded 2 times (x 68B)
Class com.android.ide.common.repository.AgpVersion$Companion                          : loaded 2 times (x 67B)
Class org.jetbrains.kotlin.load.java.structure.JavaArrayType                          : loaded 2 times (x 66B)
Class com.android.prefs.AbstractAndroidLocations                                      : loaded 2 times (x 78B)
Class com.google.common.io.CharSource$AsByteSource                                    : loaded 2 times (x 81B)
Class com.google.common.collect.ImmutableList$SerializedForm                          : loaded 2 times (x 69B)
Class Settings_gradle                                                                 : loaded 2 times (x 124B)
Class org.gradle.internal.Cast                                                        : loaded 2 times (x 67B)
Class org.gradle.api.Action                                                           : loaded 2 times (x 66B)
Class org.jetbrains.kotlin.parsing.ParseUtilsKt                                       : loaded 2 times (x 67B)
Class org.jetbrains.kotlin.codegen.state.KotlinTypeMapper$Companion                   : loaded 2 times (x 67B)
Class com.android.ide.common.resources.configuration.SmallestScreenWidthQualifier     : loaded 2 times (x 84B)
Class org.jetbrains.kotlin.fileClasses.JvmFileClassUtil                               : loaded 2 times (x 67B)
Class org.jetbrains.kotlin.load.java.BuiltinSpecialProperties                         : loaded 2 times (x 67B)
Class org.jetbrains.kotlin.mpp.EnumEntrySymbolMarker                                  : loaded 2 times (x 66B)
Class org.jetbrains.kotlin.metadata.ProtoBuf$Effect$EffectConditionKind               : loaded 2 times (x 78B)
Class org.jetbrains.kotlin.load.java.typeEnhancement.JavaTypeQualifiers$Companion     : loaded 2 times (x 67B)
Class org.gradle.api.internal.ClassPathProvider                                       : loaded 2 times (x 66B)
Class [Lorg.gradle.api.internal.ClassPathProvider;                                    : loaded 2 times (x 65B)
Class org.jetbrains.kotlin.mpp.SimpleFunctionSymbolMarker                             : loaded 2 times (x 66B)
Class org.jetbrains.kotlin.mpp.ConstructorSymbolMarker                                : loaded 2 times (x 66B)
Class org.jetbrains.kotlin.resolve.checkers.ClassifierUsageChecker                    : loaded 2 times (x 66B)
Class org.jetbrains.kotlin.resolve.calls.checkers.NullableVarargArgumentCallChecker   : loaded 2 times (x 70B)
Class org.jetbrains.kotlin.resolve.calls.checkers.ImplicitNothingAsTypeParameterCallChecker: loaded 2 times (x 70B)
Class org.jetbrains.kotlin.resolve.checkers.ReifiedTypeParameterAnnotationChecker     : loaded 2 times (x 70B)
Class org.jetbrains.kotlin.container.ContainerConsistencyException                    : loaded 2 times (x 78B)
Class org.jetbrains.kotlin.container.ValueResolveContext                              : loaded 2 times (x 66B)
Class org.jetbrains.kotlin.storage.DefaultSimpleLock                                  : loaded 2 times (x 74B)
Class com.android.ide.common.resources.configuration.ResourceQualifier                : loaded 2 times (x 84B)
Class org.jetbrains.kotlin.psi.KtNameReferenceExpression$Companion                    : loaded 2 times (x 67B)
Class org.jetbrains.kotlin.psi.KtOperationReferenceExpression                         : loaded 2 times (x 565B)
Class org.jetbrains.kotlin.metadata.jvm.JvmModuleProtoBuf$PackageParts$1              : loaded 2 times (x 140B)
Class com.google.common.collect.Maps$ViewCachingAbstractMap                           : loaded 2 times (x 121B)
Class com.google.common.io.CharSource$ConcatenatedCharSource                          : loaded 2 times (x 82B)
Class it.unimi.dsi.fastutil.ints.IntArrays$ArrayHashStrategy                          : loaded 2 times (x 71B)
Class org.jetbrains.kotlin.psi.KtConstantExpression                                   : loaded 2 times (x 502B)
Class org.jetbrains.kotlin.psi.KtValueArgumentList                                    : loaded 2 times (x 450B)
Class org.jetbrains.kotlin.psi.stubs.KotlinAnnotationEntryStub                        : loaded 2 times (x 66B)
Class org.jetbrains.kotlin.descriptors.DescriptorVisibilities$2                       : loaded 2 times (x 75B)
Class kotlin.reflect.jvm.internal.impl.name.ClassId$Companion                         : loaded 2 times (x 67B)
Class kotlin.reflect.jvm.internal.impl.load.java.JvmAnnotationNames                   : loaded 2 times (x 67B)
Class kotlin.text.MatchResult                                                         : loaded 2 times (x 66B)
Class it.unimi.dsi.fastutil.ints.IntIterable                                          : loaded 2 times (x 66B)
Class org.jetbrains.kotlin.compiler.plugin.CompilerPluginRegistrar                    : loaded 2 times (x 69B)
Class org.jetbrains.kotlin.cli.common.messages.GradleStyleMessageRenderer             : loaded 2 times (x 74B)
Class com.android.ide.common.gradle.Version$Companion                                 : loaded 2 times (x 67B)
Class com.android.tools.lint.model.DefaultLintModelMavenName                          : loaded 2 times (x 81B)
Class it.unimi.dsi.fastutil.ints.IntSet                                               : loaded 2 times (x 66B)
Class org.jetbrains.kotlin.config.LanguageVersionSettingsImpl$Companion               : loaded 2 times (x 67B)
Class kotlin.reflect.jvm.internal.KProperty1Impl$$Lambda$0                            : loaded 2 times (x 72B)
Class kotlin.reflect.jvm.internal.impl.builtins.jvm.JavaToKotlinClassMap$PlatformMutabilityMapping: loaded 2 times (x 68B)
Class org.jetbrains.org.objectweb.asm.tree.TypeInsnNode                               : loaded 2 times (x 74B)
Class com.google.common.io.Resources                                                  : loaded 2 times (x 67B)
Class org.objectweb.asm.Handler                                                       : loaded 2 times (x 68B)
Class com.google.common.base.Ticker                                                   : loaded 2 times (x 68B)
Class org.jetbrains.kotlin.utils.DFS                                                  : loaded 2 times (x 67B)
Class org.jetbrains.kotlin.psi.KtImportInfo$ImportContent$ExpressionBased             : loaded 2 times (x 68B)
Class [Lorg.jetbrains.kotlin.psi.KtValueArgumentList;                                 : loaded 2 times (x 65B)
Class org.jetbrains.kotlin.types.model.TypeSystemTypeFactoryContext                   : loaded 2 times (x 66B)
Class org.jetbrains.kotlin.resolve.calls.checkers.CallChecker                         : loaded 2 times (x 66B)
Class org.jetbrains.kotlin.util.AbstractArrayMapOwner                                 : loaded 2 times (x 77B)
Class org.jetbrains.kotlin.psi.KtArrayAccessExpression                                : loaded 2 times (x 501B)
Class org.jetbrains.kotlin.metadata.builtins.BuiltInsBinaryVersion$Companion          : loaded 2 times (x 67B)
Class org.jetbrains.kotlin.psi.KtFunctionTypeReceiver                                 : loaded 2 times (x 442B)
Class [Lorg.jetbrains.kotlin.psi.KtNullableType;                                      : loaded 2 times (x 65B)
Class org.jetbrains.kotlin.load.kotlin.JvmPackagePartProviderBase$ModuleMappingInfo   : loaded 2 times (x 68B)
Class com.android.SdkConstants                                                        : loaded 2 times (x 67B)
Class kotlin.reflect.jvm.internal.KClassImpl$Data$$Lambda$10                          : loaded 2 times (x 72B)
Class kotlin.reflect.jvm.internal.KDeclarationContainerImpl$Data$$Lambda$0            : loaded 2 times (x 72B)
Class org.jetbrains.kotlin.config.JvmTarget                                           : loaded 2 times (x 79B)
Class org.jetbrains.kotlin.psi.KtDoWhileExpression                                    : loaded 2 times (x 438B)
Class org.jetbrains.kotlin.parsing.KotlinParsing$NameParsingMode                      : loaded 2 times (x 75B)
Class org.jetbrains.kotlin.parsing.KotlinWhitespaceAndCommentsBindersKt               : loaded 2 times (x 67B)
Class org.jetbrains.kotlin.util.OneElementArrayMap                                    : loaded 2 times (x 80B)
Class com.google.devtools.ksp.processing.KSPConfig                                    : loaded 2 times (x 68B)
Class com.google.common.collect.Serialization                                         : loaded 2 times (x 67B)
Class com.google.common.cache.RemovalCause$1                                          : loaded 2 times (x 76B)
Class [Lcom.google.common.cache.LocalCache$Segment;                                   : loaded 2 times (x 65B)
Class [Lcom.google.common.cache.LocalCache$Strength;                                  : loaded 2 times (x 65B)
Class com.google.common.cache.CacheBuilder$1                                          : loaded 2 times (x 81B)
Class org.gradle.internal.classpath.DefaultClassPath$ImmutableUniqueList$Builder      : loaded 2 times (x 71B)
Class org.jetbrains.kotlin.load.java.structure.JavaTypesKt                            : loaded 2 times (x 67B)
Class org.jetbrains.kotlin.types.AbstractFlexibilityChecker                           : loaded 2 times (x 67B)
Class com.google.common.collect.RowSortedTable                                        : loaded 2 times (x 66B)
Class com.android.resources.GrammaticalGender                                         : loaded 2 times (x 82B)
Class com.android.ide.common.resources.configuration.DensityQualifier                 : loaded 2 times (x 85B)
Class org.jetbrains.kotlin.resolve.DefaultImportProvider                              : loaded 2 times (x 71B)
Class org.jetbrains.kotlin.resolve.jvm.JvmPrimitiveType                               : loaded 2 times (x 75B)
Class org.jetbrains.kotlin.diagnostics.DiagnosticMarker                               : loaded 2 times (x 66B)
Class org.jetbrains.kotlin.resolve.calls.results.TypeSpecificityComparator$NONE       : loaded 2 times (x 70B)
Class org.jetbrains.kotlin.parsing.KotlinParsing                                      : loaded 2 times (x 120B)
Class org.jetbrains.kotlin.psi.KtTypeParameterListOwnerNotStubbed                     : loaded 2 times (x 922B)
Class [Lorg.jetbrains.kotlin.lexer.KtSingleValueToken;                                : loaded 2 times (x 65B)
Class org.jetbrains.kotlin.extensions.internal.TypeResolutionInterceptorExtension     : loaded 2 times (x 66B)
Class org.jetbrains.kotlin.metadata.ProtoBuf$QualifiedNameTable$QualifiedName$Kind$1  : loaded 2 times (x 70B)
Class [Lorg.jetbrains.kotlin.load.java.SpecialGenericSignatures$TypeSafeBarrierDescription;: loaded 2 times (x 65B)
Class org.jetbrains.kotlin.utils.exceptions.KotlinExceptionWithAttachments            : loaded 2 times (x 66B)
Class org.jetbrains.kotlin.psi.KtTypeElement                                          : loaded 2 times (x 66B)
Class org.jetbrains.kotlin.psi.KtCallableDeclaration                                  : loaded 2 times (x 66B)
Class org.jetbrains.kotlin.psi.KtDeclarationWithBody                                  : loaded 2 times (x 66B)
Class kotlin.reflect.jvm.internal.KClassImpl$Data$$Lambda$11                          : loaded 2 times (x 72B)
Class kotlin.reflect.jvm.internal.KDeclarationContainerImpl$Data                      : loaded 2 times (x 68B)
Class com.android.ide.common.resources.configuration.EnumBasedResourceQualifier       : loaded 2 times (x 85B)
Class kotlin.ranges.LongRange$Companion                                               : loaded 2 times (x 67B)
Class org.gradle.api.internal.DefaultClassPathProvider                                : loaded 2 times (x 72B)
Class com.google.common.collect.ImmutableSet$SerializedForm                           : loaded 2 times (x 69B)
Class [Lcom.android.prefs.LocationValue;                                              : loaded 2 times (x 65B)
Class org.jetbrains.kotlin.descriptors.DescriptorVisibilities$1                       : loaded 2 times (x 75B)
Class kotlin.io.FileTreeWalk$WalkState                                                : loaded 2 times (x 69B)
Class com.google.common.cache.RemovalCause$2                                          : loaded 2 times (x 76B)
Class com.google.gson.stream.JsonToken                                                : loaded 2 times (x 75B)
Class com.google.common.cache.LocalCache                                              : loaded 2 times (x 183B)
Class com.google.common.cache.CacheBuilder$2                                          : loaded 2 times (x 75B)
Class org.jetbrains.kotlin.types.expressions.OperatorConventions                      : loaded 2 times (x 67B)
Class org.jetbrains.kotlin.resolve.calls.inference.components.ResultTypeResolver$sinkIntegerLiteralTypes$1$containsILT$1: loaded 2 times (x 71B)
Class org.jetbrains.kotlin.resolve.calls.inference.model.ArgumentConstraintPosition   : loaded 2 times (x 68B)
Class org.jetbrains.kotlin.resolve.calls.model.PostponedAtomWithRevisableExpectedType : loaded 2 times (x 66B)
Class org.jetbrains.kotlin.util.ModuleVisibilityHelper                                : loaded 2 times (x 66B)
Class [Lorg.jetbrains.kotlin.codegen.signature.BothSignatureWriter$Mode;              : loaded 2 times (x 65B)
Class org.jetbrains.kotlin.load.kotlin.TypeMappingMode$Companion                      : loaded 2 times (x 67B)
Class com.android.ide.common.gradle.Numeric                                           : loaded 2 times (x 73B)
Class org.jetbrains.kotlin.builtins.jvm.JavaToKotlinClassMap$PlatformMutabilityMapping: loaded 2 times (x 68B)
Class org.jetbrains.kotlin.load.java.structure.JavaAnnotation                         : loaded 2 times (x 66B)
Class it.unimi.dsi.fastutil.objects.AbstractObject2IntFunction                        : loaded 2 times (x 115B)
Class org.jetbrains.kotlin.resolve.calls.inference.components.VariableFixationFinder  : loaded 2 times (x 68B)
Class org.jetbrains.kotlin.diagnostics.DiagnosticSink                                 : loaded 2 times (x 66B)
Class org.jetbrains.kotlin.resolve.calls.checkers.DslScopeViolationCallChecker        : loaded 2 times (x 70B)
Class org.jetbrains.kotlin.resolve.checkers.KClassWithIncorrectTypeArgumentChecker    : loaded 2 times (x 70B)
Class org.jetbrains.kotlin.parsing.KotlinParsing$PropertyComponentKind$Collector      : loaded 2 times (x 70B)
Class kotlin.reflect.jvm.internal.KCallableImpl                                       : loaded 2 times (x 101B)
Class kotlin.reflect.jvm.internal.impl.builtins.functions.FunctionTypeKind$Function   : loaded 2 times (x 68B)
Class org.jetbrains.kotlin.psi.KtUserType                                             : loaded 2 times (x 510B)
Class org.jetbrains.kotlin.psi.KtLabeledExpression                                    : loaded 2 times (x 550B)
Class org.jetbrains.kotlin.psi.stubs.elements.KtEnumEntrySuperClassReferenceExpressionElementType: loaded 2 times (x 96B)
Class org.jetbrains.kotlin.psi.KtImportInfo                                           : loaded 2 times (x 66B)
Class [Lorg.jetbrains.kotlin.psi.KtObjectDeclaration;                                 : loaded 2 times (x 65B)
Class kotlin.reflect.jvm.internal.impl.builtins.PrimitiveType$Companion               : loaded 2 times (x 67B)
Class org.jetbrains.kotlin.storage.CacheWithNullableValues                            : loaded 2 times (x 66B)
Class kotlin.reflect.jvm.internal.KClassImpl$Data$$Lambda$12                          : loaded 2 times (x 72B)
Class kotlin.reflect.jvm.internal.KClassImpl$Data                                     : loaded 2 times (x 68B)
Class org.jetbrains.kotlin.cli.jvm.compiler.MockExternalAnnotationsManager            : loaded 2 times (x 85B)
Class org.jetbrains.kotlin.mpp.ClassLikeSymbolMarker                                  : loaded 2 times (x 66B)
Class org.jetbrains.kotlin.name.StandardClassIds$Annotations                          : loaded 2 times (x 67B)
Class org.jetbrains.kotlin.config.LanguageVersion                                     : loaded 2 times (x 87B)
Class org.jetbrains.kotlin.load.java.typeEnhancement.TypeEnhancementInfo              : loaded 2 times (x 68B)
Class org.jetbrains.kotlin.codegen.signature.AsmTypeFactory                           : loaded 2 times (x 75B)
Class org.jetbrains.org.objectweb.asm.tree.IincInsnNode                               : loaded 2 times (x 74B)
Class org.jetbrains.org.objectweb.asm.tree.MultiANewArrayInsnNode                     : loaded 2 times (x 75B)
Class com.google.common.cache.RemovalCause$3                                          : loaded 2 times (x 76B)
Class org.jetbrains.kotlin.cli.common.arguments.K2JVMCompilerArguments                : loaded 2 times (x 72B)
Class com.google.common.cache.CacheBuilder$3                                          : loaded 2 times (x 68B)
Class org.gradle.api.GradleException                                                  : loaded 2 times (x 78B)
Class com.google.common.collect.HashBasedTable                                        : loaded 2 times (x 120B)
Class [Lcom.android.resources.LayoutDirection;                                        : loaded 2 times (x 65B)
Class com.android.ide.common.resources.ResourceMergerItem$1                           : loaded 2 times (x 119B)
Class org.jetbrains.kotlin.load.java.typeEnhancement.JavaTypeQualifiers               : loaded 2 times (x 68B)
Class org.jetbrains.kotlin.load.java.typeEnhancement.AbstractSignatureParts$TypeAndDefaultQualifiers: loaded 2 times (x 68B)
Class com.android.ide.common.resources.configuration.NavigationMethodQualifier        : loaded 2 times (x 86B)
Class org.jetbrains.kotlin.types.model.FlexibleTypeMarker                             : loaded 2 times (x 66B)
Class org.jetbrains.kotlin.descriptors.Substitutable                                  : loaded 2 times (x 66B)
Class org.jetbrains.kotlin.container.ComponentResolveContext                          : loaded 2 times (x 71B)
Class org.jetbrains.kotlin.types.model.TypeArgumentListMarker                         : loaded 2 times (x 66B)
Class com.android.ide.common.resources.configuration.FolderConfiguration              : loaded 2 times (x 71B)
Class org.jetbrains.kotlin.asJava.KtLightClassMarker                                  : loaded 2 times (x 66B)
Class org.jetbrains.kotlin.parsing.PrecedingCommentsBinder                            : loaded 2 times (x 72B)
Class org.jetbrains.kotlin.psi.KtAnnotatedExpression                                  : loaded 2 times (x 560B)
Class org.jetbrains.kotlin.psi.KtParenthesizedExpression                              : loaded 2 times (x 434B)
Class org.jetbrains.kotlin.config.AnalysisFlag$Delegate                               : loaded 2 times (x 71B)
Class com.android.ide.common.rendering.api.PluralsResourceValueImpl                   : loaded 2 times (x 113B)
Class org.jetbrains.kotlin.cli.jvm.modules.CliJavaModuleFinder$systemModules$1        : loaded 2 times (x 76B)
Class com.android.ide.common.rendering.api.TextResourceValue                          : loaded 2 times (x 66B)
Class [Lorg.jetbrains.kotlin.psi.KtConstantExpression;                                : loaded 2 times (x 65B)
Class [Lorg.jetbrains.kotlin.psi.KtConstructor;                                       : loaded 2 times (x 65B)
Class org.jetbrains.kotlin.psi.stubs.elements.KtTypeAliasElementType                  : loaded 2 times (x 96B)
Class [Lorg.jetbrains.kotlin.psi.KtPropertyAccessor;                                  : loaded 2 times (x 65B)
Class [Lorg.jetbrains.kotlin.psi.KtClassOrObject;                                     : loaded 2 times (x 65B)
Class org.jetbrains.kotlin.types.AbstractTypeRefiner                                  : loaded 2 times (x 68B)
Class kotlin.reflect.jvm.internal.KClassImpl$Data$$Lambda$13                          : loaded 2 times (x 72B)
Class org.jetbrains.kotlin.load.kotlin.KotlinBinaryClassCache$Companion               : loaded 2 times (x 67B)
Class org.jetbrains.kotlin.resolve.calls.inference.NewConstraintSystem                : loaded 2 times (x 66B)
Class com.android.ide.common.gradle.Version                                           : loaded 2 times (x 71B)
Class org.jetbrains.kotlin.resolve.calls.inference.model.MutableVariableWithConstraints$WhenMappings: loaded 2 times (x 67B)
Class org.jetbrains.kotlin.types.model.TypeSystemContextKt$WhenMappings               : loaded 2 times (x 67B)
Class org.apache.commons.io.output.StringBuilderWriter                                : loaded 2 times (x 96B)
Class [Lorg.apache.commons.io.StandardLineSeparator;                                  : loaded 2 times (x 65B)
Class org.jetbrains.org.objectweb.asm.tree.LocalVariableAnnotationNode                : loaded 2 times (x 78B)
Class org.apache.commons.io.StandardLineSeparator                                     : loaded 2 times (x 75B)
Class com.google.common.io.CharSource$EmptyCharSource                                 : loaded 2 times (x 82B)
Class com.google.common.cache.RemovalCause$4                                          : loaded 2 times (x 76B)
Class com.google.common.base.Suppliers$MemoizingSupplier                              : loaded 2 times (x 75B)
Class org.jetbrains.kotlin.resolve.calls.inference.ConstraintSystemBuilderKt          : loaded 2 times (x 67B)
Class com.google.common.collect.AbstractTable$CellSet                                 : loaded 2 times (x 132B)
Class com.android.ide.common.resources.ResourceMergerItem$2                           : loaded 2 times (x 113B)
Class com.android.ide.common.resources.ResourceItem                                   : loaded 2 times (x 66B)
Class com.android.resources.FolderTypeRelationship                                    : loaded 2 times (x 67B)
Class com.google.common.collect.CollectSpliterators$1WithCharacteristics              : loaded 2 times (x 86B)
Class org.jetbrains.kotlin.resolve.jvm.JvmTypeSpecificityComparator                   : loaded 2 times (x 73B)
Class org.jetbrains.kotlin.resolve.calls.checkers.NewSchemeOfIntegerOperatorResolutionChecker: loaded 2 times (x 70B)
Class org.jetbrains.kotlin.psi.psiUtil.PsiUtilsKt$siblings$1                          : loaded 2 times (x 71B)
Class org.jetbrains.kotlin.psi.KtNamedDeclarationNotStubbed                           : loaded 2 times (x 840B)
Class [Lorg.jetbrains.kotlin.descriptors.CallableMemberDescriptor$Kind;               : loaded 2 times (x 65B)
Class org.jetbrains.kotlin.psi.KtInstanceExpressionWithLabel                          : loaded 2 times (x 434B)
Class kotlinx.coroutines.internal.LimitedDispatcher                                   : loaded 2 times (x 104B)
Class org.jetbrains.kotlin.cli.jvm.index.JavaRoot$RootTypes                           : loaded 2 times (x 67B)
Class org.jetbrains.kotlin.storage.NotNullLazyValue                                   : loaded 2 times (x 66B)
Class org.jetbrains.kotlin.psi.KtFileAnnotationList                                   : loaded 2 times (x 504B)
Class org.jetbrains.kotlin.psi.KtProperty                                             : loaded 2 times (x 1322B)
Class [Lorg.jetbrains.kotlin.config.LanguageOrApiVersion;                             : loaded 2 times (x 65B)
Class kotlin.reflect.jvm.internal.KClassImpl$Data$$Lambda$14                          : loaded 2 times (x 72B)
Class kotlin.reflect.jvm.internal.KTypeParameterOwnerImpl                             : loaded 2 times (x 66B)
Class org.jetbrains.kotlin.cli.jvm.compiler.KotlinCoreEnvironment$Companion$getOrCreateApplicationEnvironment$1$2: loaded 2 times (x 70B)
Class kotlin.reflect.jvm.internal.impl.SpecialJvmAnnotations                          : loaded 2 times (x 67B)
Class org.jetbrains.kotlin.psi.KtPureElement                                          : loaded 2 times (x 66B)
Class [Lorg.jetbrains.kotlin.psi.KtImportDirective;                                   : loaded 2 times (x 65B)
Class [Lorg.jetbrains.kotlin.psi.KtTypeElement;                                       : loaded 2 times (x 65B)
Class [Lorg.jetbrains.kotlin.psi.KtValueArgument;                                     : loaded 2 times (x 65B)
Class org.jetbrains.kotlin.config.AnalysisFlag$Delegates$ListOfStrings                : loaded 2 times (x 67B)
Class org.jetbrains.kotlin.backend.jvm.extensions.ClassGeneratorExtension             : loaded 2 times (x 66B)
Class org.jetbrains.org.objectweb.asm.tree.InvokeDynamicInsnNode                      : loaded 2 times (x 74B)
Class com.google.common.cache.RemovalCause$5                                          : loaded 2 times (x 76B)
Class [Lcom.google.common.io.FileWriteMode;                                           : loaded 2 times (x 65B)
Class com.android.resources.NightMode                                                 : loaded 2 times (x 82B)
Class [Lcom.android.resources.UiMode;                                                 : loaded 2 times (x 65B)
Class org.jetbrains.kotlin.BlockExpressionElementType                                 : loaded 2 times (x 94B)
Class org.jetbrains.kotlin.psi.KtExpressionImpl$Companion                             : loaded 2 times (x 67B)
Class org.objectweb.asm.tree.ClassNode                                                : loaded 2 times (x 87B)
Class org.jetbrains.kotlin.resolve.IdentifierCheckerClashesResolver                   : loaded 2 times (x 69B)
Class org.jetbrains.kotlin.parsing.AbstractTokenStreamPattern                         : loaded 2 times (x 79B)
Class org.jetbrains.kotlin.resolve.diagnostics.DiagnosticSuppressor$Companion         : loaded 2 times (x 68B)
Class org.jetbrains.kotlin.metadata.jvm.deserialization.ModuleMapping                 : loaded 2 times (x 68B)
Class org.jetbrains.kotlin.cli.jvm.index.JavaRoot                                     : loaded 2 times (x 68B)
Class org.jetbrains.kotlin.psi.stubs.elements.KtPlaceHolderWithTextStubElementType    : loaded 2 times (x 96B)
Class org.jetbrains.kotlin.psi.stubs.elements.KtNameReferenceExpressionElementType    : loaded 2 times (x 99B)
Class org.jetbrains.kotlin.psi.stubs.elements.KtFunctionElementType                   : loaded 2 times (x 100B)
Class org.jetbrains.kotlin.psi.KtModifierListOwner                                    : loaded 2 times (x 66B)
Class org.jetbrains.kotlin.resolve.calls.checkers.CapturingInClosureChecker           : loaded 2 times (x 70B)
Class org.jetbrains.kotlin.resolve.calls.checkers.FunInterfaceConstructorReferenceChecker: loaded 2 times (x 70B)
Class kotlin.reflect.jvm.internal.KClassImpl$Data$$Lambda$15                          : loaded 2 times (x 72B)
Class kotlin.reflect.jvm.internal.impl.name.Name                                      : loaded 2 times (x 71B)
Class kotlin.reflect.jvm.internal.KPropertyImpl$Companion                             : loaded 2 times (x 67B)
Class org.jetbrains.kotlin.types.AbstractTypeApproximator$Companion                   : loaded 2 times (x 67B)
Class org.jetbrains.kotlin.cli.jvm.compiler.IdeaExtensionPoints                       : loaded 2 times (x 67B)
Class it.unimi.dsi.fastutil.objects.ObjectSet                                         : loaded 2 times (x 66B)
Class com.android.tools.lint.model.DefaultLintModelSourceProvider                     : loaded 2 times (x 79B)
Class org.jetbrains.kotlin.resolve.calls.inference.components.ConstraintSystemUtilContext: loaded 2 times (x 66B)
Class [Lcom.android.prefs.VariableType;                                               : loaded 2 times (x 65B)
Class kotlin.sequences.SequencesKt___SequencesKt$asIterable$$inlined$Iterable$1       : loaded 2 times (x 75B)
Class org.jetbrains.kotlin.load.java.JavaTypeEnhancementState$Companion               : loaded 2 times (x 67B)
Class com.google.common.collect.Iterables$4                                           : loaded 2 times (x 77B)
Class com.google.common.cache.LocalCache$WriteThroughEntry                            : loaded 2 times (x 75B)
Class com.google.common.cache.LocalCache$HashIterator                                 : loaded 2 times (x 82B)
Class com.google.common.collect.MapMakerInternalMap$StrongKeyDummyValueSegment        : loaded 2 times (x 138B)
Class org.jetbrains.kotlin.cli.common.arguments.CommonCompilerArguments               : loaded 2 times (x 71B)
Class com.google.common.cache.LocalCache$EntryFactory                                 : loaded 2 times (x 79B)
Class org.jetbrains.kotlin.resolve.calls.inference.model.NewConstraintMismatch        : loaded 2 times (x 66B)
Class org.jetbrains.kotlin.resolve.InlineClassDescriptorResolver                      : loaded 2 times (x 67B)
Class org.jetbrains.kotlin.utils.WrappedValues$1                                      : loaded 2 times (x 67B)
Class org.jetbrains.kotlin.config.JvmAnalysisFlags                                    : loaded 2 times (x 67B)
Class org.jetbrains.kotlin.descriptors.ValueDescriptor                                : loaded 2 times (x 66B)
Class [Lorg.jetbrains.kotlin.name.Name;                                               : loaded 2 times (x 65B)
Class org.jetbrains.kotlin.psi.KtCallableReferenceExpression                          : loaded 2 times (x 509B)
Class org.jetbrains.kotlin.psi.KtDestructuringDeclaration                             : loaded 2 times (x 776B)
Class [Lorg.jetbrains.kotlin.lexer.KtModifierKeywordToken;                            : loaded 2 times (x 65B)
Class org.jetbrains.kotlin.extensions.StorageComponentContainerContributor$Companion  : loaded 2 times (x 68B)
Class org.jetbrains.kotlin.load.java.structure.impl.JavaMemberImpl                    : loaded 2 times (x 116B)
Class org.jetbrains.kotlin.types.TypeApproximatorConfiguration$AbstractCapturedTypesAndILTApproximation: loaded 2 times (x 84B)
Class it.unimi.dsi.fastutil.ints.IntArrays$ForkJoinQuickSortIndirect                  : loaded 2 times (x 92B)
Class [Lorg.jetbrains.kotlin.psi.KtAnnotationEntry;                                   : loaded 2 times (x 65B)
Class org.jetbrains.kotlin.psi.stubs.KotlinClassOrObjectStub                          : loaded 2 times (x 66B)
Class org.jetbrains.kotlin.resolve.calls.results.SimpleConstraintSystem               : loaded 2 times (x 66B)
Class kotlin.reflect.jvm.internal.KClassImpl$Data$$Lambda$16                          : loaded 2 times (x 72B)
Class kotlin.reflect.jvm.internal.impl.name.FqNameUnsafe                              : loaded 2 times (x 68B)
Class org.jetbrains.kotlin.parsing.KotlinCommonParserDefinition                       : loaded 2 times (x 91B)
Class org.jetbrains.kotlin.resolve.calls.inference.model.ConstraintSystemError        : loaded 2 times (x 68B)
Class [Lcom.android.ide.common.gradle.Separator;                                      : loaded 2 times (x 65B)
Class com.android.prefs.QueryResult                                                   : loaded 2 times (x 78B)
Class org.gradle.api.internal.classpath.EffectiveClassPath                            : loaded 2 times (x 86B)
Class org.jetbrains.org.objectweb.asm.tree.FrameNode                                  : loaded 2 times (x 75B)
Class com.google.common.base.Splitter$1$1                                             : loaded 2 times (x 82B)
Class kotlin.io.FileTreeWalk$FileTreeWalkIterator                                     : loaded 2 times (x 79B)
Class jdk.internal.jrtfs.ExplodedImage                                                : loaded 2 times (x 73B)
Class com.google.common.reflect.Types$NativeTypeVariableEquals                        : loaded 2 times (x 67B)
Class com.google.common.reflect.TypeParameter                                         : loaded 2 times (x 68B)
Class [Lcom.google.common.collect.MapMaker$Dummy;                                     : loaded 2 times (x 65B)
Class com.google.common.cache.LocalCache$AbstractReferenceEntry                       : loaded 2 times (x 103B)
Class org.gradle.internal.IoActions                                                   : loaded 2 times (x 67B)
Class [Lcom.android.ide.common.repository.AgpVersion$PreviewKind;                     : loaded 2 times (x 65B)
Class org.jetbrains.kotlin.contracts.description.EventOccurrencesRangeKt              : loaded 2 times (x 67B)
Class it.unimi.dsi.fastutil.ints.Int2ObjectMap                                        : loaded 2 times (x 66B)
Class org.jetbrains.kotlin.metadata.deserialization.VersionRequirementTable$Companion : loaded 2 times (x 67B)
Class org.jetbrains.kotlin.utils.PathUtil                                             : loaded 2 times (x 67B)
Class org.jetbrains.kotlin.cli.jvm.compiler.KotlinCoreProjectEnvironment              : loaded 2 times (x 85B)
Class [Lorg.jetbrains.kotlin.load.java.typeEnhancement.JavaTypeQualifiers;            : loaded 2 times (x 65B)
Class org.jetbrains.kotlin.load.java.structure.impl.classFiles.BinaryClassSignatureParser$ClsFormatException: loaded 2 times (x 78B)
Class kotlin.reflect.jvm.internal.KProperty1Impl                                      : loaded 2 times (x 124B)
Class [Lorg.jetbrains.kotlin.psi.KtAnonymousInitializer;                              : loaded 2 times (x 65B)
Class org.jetbrains.kotlin.descriptors.CallableDescriptor                             : loaded 2 times (x 66B)
Class org.jetbrains.kotlin.resolve.checkers.PlatformDiagnosticSuppressorClashesResolver: loaded 2 times (x 69B)
Class org.jetbrains.kotlin.container.PlatformExtensionsClashResolver                  : loaded 2 times (x 69B)
Class org.jetbrains.kotlin.resolve.checkers.KotlinVersionStringAnnotationValueChecker : loaded 2 times (x 73B)
Class [Lorg.jetbrains.kotlin.psi.KtUserType;                                          : loaded 2 times (x 65B)
Class com.android.ide.common.resources.configuration.LocaleQualifier                  : loaded 2 times (x 85B)
Class org.jetbrains.kotlin.builtins.functions.FunctionTypeKindExtractor$Companion     : loaded 2 times (x 67B)
Class org.jetbrains.kotlin.BlockExpressionElementType$Companion                       : loaded 2 times (x 67B)
Class org.jetbrains.kotlin.LambdaExpressionElementType                                : loaded 2 times (x 91B)
Class org.jetbrains.kotlin.resolve.jvm.NotFoundPackagesCachingStrategy                : loaded 2 times (x 66B)
Class [Lorg.jetbrains.kotlin.psi.ValueArgument;                                       : loaded 2 times (x 65B)
Class org.jetbrains.kotlin.metadata.ProtoBuf$QualifiedNameTable                       : loaded 2 times (x 103B)
Class org.jetbrains.kotlin.metadata.ProtoBuf$QualifiedNameTableOrBuilder              : loaded 2 times (x 66B)
Class org.jetbrains.kotlin.utils.KotlinExceptionWithAttachments                       : loaded 2 times (x 90B)
Class org.jetbrains.kotlin.psi.stubs.elements.KtValueArgumentElementType              : loaded 2 times (x 96B)
Class org.jetbrains.kotlin.psi.KtFunction                                             : loaded 2 times (x 66B)
Class org.jetbrains.kotlin.psi.KtDeclarationStub                                      : loaded 2 times (x 711B)
Class [Lkotlin.reflect.jvm.internal.impl.name.ClassId;                                : loaded 2 times (x 65B)
Class org.jetbrains.kotlin.cli.jvm.modules.CliJavaModuleResolver                      : loaded 2 times (x 74B)
Class org.jetbrains.kotlin.asJava.finder.JavaElementFinder                            : loaded 2 times (x 85B)
Class kotlin.reflect.jvm.internal.KClassImpl$Data$$Lambda$17                          : loaded 2 times (x 72B)
Class kotlin.reflect.jvm.internal.KCallableImpl$$Lambda$0                             : loaded 2 times (x 72B)
Class org.jetbrains.kotlin.psi.KtScriptInitializer                                    : loaded 2 times (x 712B)
Class kotlin.reflect.jvm.internal.EmptyContainerForLocal                              : loaded 2 times (x 80B)
Class org.jetbrains.kotlin.parsing.SemanticWhitespaceAwarePsiBuilder                  : loaded 2 times (x 66B)
Class org.jetbrains.kotlin.parsing.TrailingCommentsBinder                             : loaded 2 times (x 72B)
Class it.unimi.dsi.fastutil.objects.AbstractObjectSet                                 : loaded 2 times (x 175B)
Class [Lorg.jetbrains.kotlin.platform.TargetPlatformVersion;                          : loaded 2 times (x 65B)
Class org.jetbrains.kotlin.resolve.checkers.SealedInheritorInSameModuleChecker        : loaded 2 times (x 70B)
Class org.objectweb.asm.SymbolTable                                                   : loaded 2 times (x 68B)
Class com.google.common.cache.CacheLoader$InvalidCacheLoadException                   : loaded 2 times (x 78B)
Class org.gradle.internal.classloader.SystemClassLoaderSpec                           : loaded 2 times (x 67B)
Class org.jetbrains.kotlin.util.OneElementArrayMap$iterator$1                         : loaded 2 times (x 75B)
Class [Lcom.android.resources.HighDynamicRange;                                       : loaded 2 times (x 65B)
Class com.android.ide.common.rendering.api.StyleableResourceValueImpl                 : loaded 2 times (x 107B)
Class org.jetbrains.org.objectweb.asm.signature.SignatureWriter                       : loaded 2 times (x 84B)
Class org.jetbrains.kotlin.resolve.checkers.DeprecatedClassifierUsageChecker          : loaded 2 times (x 70B)
Class org.jetbrains.kotlin.descriptors.java.JavaVisibilities$PackageVisibility        : loaded 2 times (x 75B)
Class org.jetbrains.kotlin.cli.jvm.index.JvmDependenciesIndexImpl$WhenMappings        : loaded 2 times (x 67B)
Class org.jetbrains.kotlin.resolve.checkers.CheckerContext                            : loaded 2 times (x 66B)
Class com.google.common.collect.Queues                                                : loaded 2 times (x 67B)
Class org.jetbrains.kotlin.load.java.structure.JavaClassifier                         : loaded 2 times (x 66B)
Class org.jetbrains.kotlin.metadata.jvm.JvmModuleProtoBuf$PackagePartsOrBuilder       : loaded 2 times (x 66B)
Class org.jetbrains.kotlin.descriptors.DeclarationDescriptorNonRoot                   : loaded 2 times (x 66B)
Class [Lorg.jetbrains.kotlin.psi.KtContractEffect;                                    : loaded 2 times (x 65B)
Class org.jetbrains.kotlin.psi.KtNamed                                                : loaded 2 times (x 66B)
Class org.jetbrains.kotlin.types.KotlinType                                           : loaded 2 times (x 79B)
Class kotlin.reflect.jvm.internal.KCallableImpl$$Lambda$1                             : loaded 2 times (x 72B)
Class org.jetbrains.kotlin.resolve.calls.inference.components.PostponedArgumentInputTypesResolver: loaded 2 times (x 68B)
Class [Lorg.jetbrains.kotlin.resolve.calls.tower.CandidateApplicability;              : loaded 2 times (x 65B)
Class org.jetbrains.kotlin.descriptors.EffectiveVisibility$WhenMappings               : loaded 2 times (x 67B)
Class org.jetbrains.kotlin.load.java.structure.ListBasedJavaAnnotationOwner           : loaded 2 times (x 66B)
Class com.android.ide.common.rendering.api.ResourceNamespace$AaptNamespace            : loaded 2 times (x 76B)
Class com.android.ide.common.resources.configuration.ScreenHeightQualifier            : loaded 2 times (x 84B)
Class kotlin.text.MatcherMatchResult$groups$1                                         : loaded 2 times (x 147B)
Class org.gradle.internal.classloader.ClassLoaderVisitor                              : loaded 2 times (x 72B)
Class [Lcom.google.common.collect.AbstractIterator$State;                             : loaded 2 times (x 65B)
Class com.google.common.io.ByteSource$ConcatenatedByteSource                          : loaded 2 times (x 81B)
Class com.google.common.collect.FluentIterable                                        : loaded 2 times (x 77B)
Class com.google.common.cache.LocalCache$StrongEntry                                  : loaded 2 times (x 104B)
Class com.google.common.util.concurrent.AbstractFuture$TrustedFuture                  : loaded 2 times (x 110B)
Class com.google.common.cache.LoadingCache                                            : loaded 2 times (x 66B)
Class org.jetbrains.kotlin.types.checker.ClassicTypeSystemContextKt                   : loaded 2 times (x 67B)
Class org.jetbrains.kotlin.resolve.calls.inference.ConstraintSystemBuilderKt$WhenMappings: loaded 2 times (x 67B)
Class [Lorg.jetbrains.kotlin.resolve.calls.inference.components.ConstraintSystemCompletionMode;: loaded 2 times (x 65B)
Class org.apache.commons.io.file.PathUtils                                            : loaded 2 times (x 67B)
Class org.jetbrains.kotlin.load.kotlin.SignatureBuildingComponents                    : loaded 2 times (x 67B)
Class [Lorg.jetbrains.kotlin.load.java.typeEnhancement.NullabilityQualifier;          : loaded 2 times (x 65B)
Class org.jetbrains.kotlin.config.LanguageVersionSettings                             : loaded 2 times (x 66B)
Class org.jetbrains.kotlin.types.model.DynamicTypeMarker                              : loaded 2 times (x 66B)
Class org.jetbrains.kotlin.resolve.calls.inference.components.ConstraintIncorporator  : loaded 2 times (x 68B)
Class org.jetbrains.kotlin.resolve.checkers.RequireKotlinAnnotationValueChecker       : loaded 2 times (x 73B)
Class org.jetbrains.kotlin.container.DslKt                                            : loaded 2 times (x 67B)
Class com.android.utils.EnvironmentProvider$DirectEnvironmentProvider                 : loaded 2 times (x 76B)
Class kotlin.text.MatcherMatchResult$groupValues$1                                    : loaded 2 times (x 194B)
Class org.jetbrains.kotlin.psi.KtThrowExpression                                      : loaded 2 times (x 434B)
Class org.jetbrains.kotlin.config.JVMConfigurationKeys                                : loaded 2 times (x 67B)
Class it.unimi.dsi.fastutil.BidirectionalIterator                                     : loaded 2 times (x 66B)
Class org.jetbrains.kotlin.psi.KtImportDirective                                      : loaded 2 times (x 457B)
Class [Lorg.jetbrains.kotlin.psi.KtModifierListOwnerStub;                             : loaded 2 times (x 65B)
Class org.jetbrains.kotlin.psi.stubs.elements.KtTokenSets                             : loaded 2 times (x 66B)
Class org.jetbrains.kotlin.cli.jvm.compiler.KotlinCoreEnvironment$Companion           : loaded 2 times (x 67B)
Class kotlin.reflect.jvm.internal.KCallableImpl$$Lambda$2                             : loaded 2 times (x 72B)
Class org.jetbrains.kotlin.resolve.jvm.KotlinCliJavaFileManager                       : loaded 2 times (x 66B)
Class it.unimi.dsi.fastutil.objects.ObjectCollection                                  : loaded 2 times (x 66B)
Class kotlin.reflect.jvm.internal.KPropertyImpl$$Lambda$1                             : loaded 2 times (x 72B)
Class com.android.tools.lint.model.DefaultLintModelModule                             : loaded 2 times (x 90B)
Class org.jetbrains.kotlin.protobuf.LazyStringArrayList                               : loaded 2 times (x 276B)
Class org.jetbrains.kotlin.resolve.jvm.modules.JavaModuleResolver$SERVICE             : loaded 2 times (x 67B)
Class com.google.common.base.Suppliers$NonSerializableMemoizingSupplier               : loaded 2 times (x 75B)
Class com.google.common.io.ByteStreams$LimitedInputStream                             : loaded 2 times (x 88B)
Class [Lcom.google.common.cache.Weigher;                                              : loaded 2 times (x 65B)
Class [Lorg.jetbrains.kotlin.resolve.calls.inference.components.VariableFixationFinder$TypeVariableFixationReadiness;: loaded 2 times (x 65B)
Class org.jetbrains.kotlin.load.kotlin.KotlinJvmBinaryClass$MemberVisitor             : loaded 2 times (x 66B)
Class org.jetbrains.kotlin.psi.KtVisitorVoid                                          : loaded 2 times (x 300B)
Class com.android.ide.common.resources.configuration.ScreenRatioQualifier             : loaded 2 times (x 87B)
Class org.jetbrains.kotlin.descriptors.java.JavaVisibilities$ProtectedStaticVisibility: loaded 2 times (x 75B)
Class org.jetbrains.kotlin.name.NameUtils                                             : loaded 2 times (x 67B)
Class org.jetbrains.kotlin.container.CacheKt                                          : loaded 2 times (x 67B)
Class org.jetbrains.kotlin.resolve.calls.checkers.EnumEntryVsCompanionPriorityCallChecker: loaded 2 times (x 70B)
Class org.jetbrains.kotlin.psi.KtLambdaExpression                                     : loaded 2 times (x 546B)
Class org.jetbrains.kotlin.util.OperatorNameConventions                               : loaded 2 times (x 67B)
Class org.jetbrains.kotlin.resolve.extensions.ExtraImportsProviderExtension           : loaded 2 times (x 66B)
Class org.jetbrains.kotlin.serialization.deserialization.MetadataPartProvider         : loaded 2 times (x 66B)
Class org.jetbrains.kotlin.psi.stubs.KotlinPlaceHolderWithTextStub                    : loaded 2 times (x 66B)
Class org.jetbrains.kotlin.container.ComponentStorage                                 : loaded 2 times (x 71B)
Class org.jetbrains.kotlin.resolve.checkers.MissingDependencySupertypeChecker$ForCalls: loaded 2 times (x 70B)
Class kotlin.reflect.jvm.internal.KCallableImpl$$Lambda$3                             : loaded 2 times (x 72B)
Class org.jetbrains.kotlin.cli.jvm.compiler.JavaLanguageLevelKt$EntriesMappings       : loaded 2 times (x 67B)
Class org.jetbrains.kotlin.mpp.CallableSymbolMarker                                   : loaded 2 times (x 66B)
Class org.jetbrains.kotlin.load.java.structure.impl.JavaClassImpl                     : loaded 2 times (x 173B)
Class com.android.ide.common.gradle.Version$Companion$ParseState$EMPTY                : loaded 2 times (x 70B)
Class [Lorg.jetbrains.kotlin.resolve.jvm.JvmPrimitiveType;                            : loaded 2 times (x 65B)
Class org.jetbrains.kotlin.builtins.CompanionObjectMapping                            : loaded 2 times (x 67B)
Class org.jetbrains.kotlin.load.kotlin.FileBasedKotlinClass$4$2                       : loaded 2 times (x 102B)
Class org.jetbrains.kotlin.metadata.deserialization.VersionRequirement$Version$Companion: loaded 2 times (x 67B)
Class org.jetbrains.org.objectweb.asm.tree.TypeAnnotationNode                         : loaded 2 times (x 77B)
Class com.google.common.collect.ImmutableMultimap$1                                   : loaded 2 times (x 78B)
Class org.jetbrains.kotlin.load.kotlin.TypeMappingMode$WhenMappings                   : loaded 2 times (x 67B)
Class org.jetbrains.kotlin.types.AbstractTypeRefiner$Default                          : loaded 2 times (x 68B)
Class org.jetbrains.kotlin.load.java.structure.JavaWildcardType                       : loaded 2 times (x 66B)
Class org.gradle.internal.classloader.DefaultClassLoaderFactory                       : loaded 2 times (x 78B)
Class org.jetbrains.kotlin.resolve.jvm.KotlinJavaPsiFacade$1                          : loaded 2 times (x 74B)
Class org.jetbrains.kotlin.resolve.AnnotationsKt                                      : loaded 2 times (x 67B)
Class org.jetbrains.kotlin.parsing.TokenStreamPattern                                 : loaded 2 times (x 66B)
Class org.jetbrains.kotlin.KtNodeType                                                 : loaded 2 times (x 72B)
Class [Lorg.jetbrains.kotlin.config.ExplicitApiMode;                                  : loaded 2 times (x 65B)
Class org.jetbrains.kotlin.load.kotlin.PackageAndMetadataPartProvider                 : loaded 2 times (x 66B)
Class org.jetbrains.kotlin.storage.LockBasedStorageManager                            : loaded 2 times (x 104B)
Class org.jetbrains.kotlin.psi.KtLambdaArgument                                       : loaded 2 times (x 469B)
Class [Lorg.jetbrains.kotlin.psi.KtExpression;                                        : loaded 2 times (x 65B)
Class com.google.common.base.Suppliers                                                : loaded 2 times (x 67B)
Class kotlin.reflect.jvm.internal.KCallableImpl$$Lambda$4                             : loaded 2 times (x 72B)
Class [Lcom.google.common.cache.CacheBuilder$OneWeigher;                              : loaded 2 times (x 65B)
Class com.android.ide.common.repository.AgpVersion$Companion$WhenMappings             : loaded 2 times (x 67B)
Class org.objectweb.asm.MethodTooLargeException                                       : loaded 2 times (x 79B)
Class com.google.common.collect.MapMakerInternalMap$StrongKeyDummyValueEntry$LinkedStrongKeyDummyValueEntry: loaded 2 times (x 78B)
Class org.jetbrains.kotlin.metadata.jvm.JvmProtoBuf$1                                 : loaded 2 times (x 67B)
Class com.google.common.reflect.Types$JavaVersion$1                                   : loaded 2 times (x 79B)
Class com.google.common.collect.AbstractIterator$State                                : loaded 2 times (x 75B)
Class com.google.common.collect.ImmutableMultimap$2                                   : loaded 2 times (x 77B)
Class com.google.common.cache.LocalCache$ValueReference                               : loaded 2 times (x 66B)
Class org.jetbrains.kotlin.resolve.calls.inference.components.ResultTypeResolver$sinkIntegerLiteralTypes$$inlined$sortedBy$1: loaded 2 times (x 86B)
Class org.jetbrains.kotlin.types.model.TypeVariableMarker                             : loaded 2 times (x 66B)
Class org.jetbrains.kotlin.resolve.calls.inference.components.ConstraintInjector$Context: loaded 2 times (x 66B)
Class org.jetbrains.kotlin.types.AbstractTypeChecker                                  : loaded 2 times (x 67B)
Class org.jetbrains.kotlin.metadata.deserialization.VersionRequirement$Companion$WhenMappings: loaded 2 times (x 67B)
Class com.android.tools.lint.model.LintModelModule                                    : loaded 2 times (x 66B)
Class org.jetbrains.kotlin.types.AbstractTypeMapper                                   : loaded 2 times (x 67B)
Class org.jetbrains.kotlin.load.kotlin.JvmDescriptorTypeWriter                        : loaded 2 times (x 72B)
Class org.jetbrains.kotlin.utils.SmartList$SingletonIteratorBase                      : loaded 2 times (x 77B)
Class [Lorg.jetbrains.kotlin.load.java.typeEnhancement.TypeComponentPosition;         : loaded 2 times (x 65B)
Class org.jetbrains.kotlin.mpp.TypeParameterSymbolMarker                              : loaded 2 times (x 66B)
Class org.jetbrains.kotlin.resolve.jvm.KotlinJavaPsiFacade$2                          : loaded 2 times (x 73B)
Class com.google.gson.JsonSyntaxException                                             : loaded 2 times (x 78B)
Class org.jetbrains.kotlin.types.model.TypeSubstitutorMarker                          : loaded 2 times (x 66B)
Class org.jetbrains.kotlin.config.JvmTarget$Companion                                 : loaded 2 times (x 67B)
Class org.jetbrains.kotlin.resolve.checkers.CyclicAnnotationsChecker                  : loaded 2 times (x 70B)
Class kotlin.io.LinesSequence                                                         : loaded 2 times (x 71B)
Class org.jetbrains.kotlin.psi.KtSimpleNameExpressionImpl$Companion                   : loaded 2 times (x 67B)
Class kotlin.reflect.jvm.internal.impl.name.FqName                                    : loaded 2 times (x 68B)
Class org.jetbrains.kotlin.psi.KtWhenCondition                                        : loaded 2 times (x 372B)
Class org.jetbrains.kotlin.psi.KtPostfixExpression                                    : loaded 2 times (x 498B)
Class it.unimi.dsi.fastutil.ints.IntArrays$Segment                                    : loaded 2 times (x 67B)
Class it.unimi.dsi.fastutil.ints.IntBidirectionalIterator                             : loaded 2 times (x 66B)
Class org.jetbrains.kotlin.psi.KtStringTemplateEntryWithExpression                    : loaded 2 times (x 443B)
Class org.jetbrains.kotlin.psi.stubs.impl.KotlinTypeBean                              : loaded 2 times (x 66B)
Class [Lorg.jetbrains.kotlin.psi.KtDeclarationContainer;                              : loaded 2 times (x 65B)
Class kotlin.reflect.jvm.internal.KPropertyImpl$$Lambda$0                             : loaded 2 times (x 72B)
Class kotlin.reflect.jvm.internal.KCallableImpl$$Lambda$5                             : loaded 2 times (x 72B)
Class org.jetbrains.kotlin.psi.stubs.elements.KtPropertyElementType                   : loaded 2 times (x 100B)
Class it.unimi.dsi.fastutil.ints.AbstractInt2ObjectMap                                : loaded 2 times (x 211B)
Class org.jetbrains.kotlin.platform.TargetPlatformKt                                  : loaded 2 times (x 67B)
Class org.jetbrains.kotlin.platform.SimplePlatform                                    : loaded 2 times (x 71B)
Class [Lorg.jetbrains.kotlin.psi.KtBackingField;                                      : loaded 2 times (x 65B)
Class com.android.tools.lint.model.LintModelAndroidLibrary                            : loaded 2 times (x 66B)
Class [Lorg.jetbrains.kotlin.psi.KtScript;                                            : loaded 2 times (x 65B)
Class org.jetbrains.kotlin.load.kotlin.VirtualFileFinderFactory                       : loaded 2 times (x 66B)
Class org.jetbrains.kotlin.psi.KtWhenEntryGuard                                       : loaded 2 times (x 372B)
Class org.jetbrains.kotlin.parsing.KotlinParser                                       : loaded 2 times (x 71B)
Class org.jetbrains.kotlin.types.model.TypeConstructorMarker                          : loaded 2 times (x 66B)
Class org.jetbrains.kotlin.com.intellij.openapi.diagnostic.Attachment                 : loaded 2 times (x 68B)
Class com.google.common.reflect.Types$JavaVersion$2                                   : loaded 2 times (x 79B)
Class com.google.common.reflect.Types                                                 : loaded 2 times (x 67B)
Class com.google.common.hash.PrimitiveSink                                            : loaded 2 times (x 66B)
Class org.jetbrains.kotlin.cli.common.arguments.CommonToolArguments                   : loaded 2 times (x 69B)
Class com.google.common.util.concurrent.AbstractFuture$Failure                        : loaded 2 times (x 68B)
Class org.jetbrains.kotlin.resolve.jvm.KotlinJavaPsiFacade$3                          : loaded 2 times (x 67B)
Class org.jetbrains.kotlin.resolve.calls.model.PostponedResolvedAtomMarker            : loaded 2 times (x 66B)
Class org.jetbrains.kotlin.resolve.calls.inference.model.ConstraintStorage            : loaded 2 times (x 66B)
Class org.jetbrains.kotlin.resolve.checkers.InfixModifierChecker                      : loaded 2 times (x 70B)
Class [Lcom.android.resources.NightMode;                                              : loaded 2 times (x 65B)
Class com.android.ide.common.resources.DataFile                                       : loaded 2 times (x 79B)
Class com.android.ide.common.rendering.api.ResourceValueImpl                          : loaded 2 times (x 94B)
Class org.jetbrains.kotlin.resolve.calls.model.ResolvedCall                           : loaded 2 times (x 66B)
Class org.jetbrains.kotlin.load.java.typeEnhancement.AbstractSignatureParts           : loaded 2 times (x 87B)
Class org.jetbrains.kotlin.builtins.jvm.JavaToKotlinClassMap                          : loaded 2 times (x 67B)
Class [Lorg.jetbrains.kotlin.descriptors.Modality;                                    : loaded 2 times (x 65B)
Class [Lorg.jetbrains.kotlin.types.model.KotlinTypeMarker;                            : loaded 2 times (x 65B)
Class org.jetbrains.kotlin.resolve.checkers.ExplicitApiDeclarationChecker$Companion   : loaded 2 times (x 67B)
Class org.jetbrains.kotlin.resolve.checkers.DelegationChecker                         : loaded 2 times (x 70B)
Class org.jetbrains.kotlin.load.java.typeEnhancement.TypeComponentPosition            : loaded 2 times (x 75B)
Class org.jetbrains.kotlin.psi.KtThisExpression                                       : loaded 2 times (x 434B)
Class kotlin.reflect.jvm.internal.KProperty0Impl                                      : loaded 2 times (x 124B)
Class org.jetbrains.kotlin.psi.stubs.elements.KtConstantExpressionElementType         : loaded 2 times (x 96B)
Class org.jetbrains.kotlin.load.java.structure.JavaPrimitiveType                      : loaded 2 times (x 66B)
Class kotlin.reflect.jvm.internal.CacheByClassKt                                      : loaded 2 times (x 67B)
Class org.jetbrains.kotlin.load.java.BuiltinSpecialPropertiesKt                       : loaded 2 times (x 67B)
Class com.android.ide.common.resources.configuration.LayoutDirectionQualifier         : loaded 2 times (x 87B)
Class org.jetbrains.kotlin.load.kotlin.FileBasedKotlinClass$4$1                       : loaded 2 times (x 73B)
Class [Lorg.objectweb.asm.Symbol;                                                     : loaded 2 times (x 65B)
Class org.jetbrains.kotlin.descriptors.DescriptorVisibility                           : loaded 2 times (x 74B)
Class com.google.common.reflect.Types$JavaVersion$3                                   : loaded 2 times (x 79B)
Class [Lorg.apache.commons.io.file.DeleteOption;                                      : loaded 2 times (x 65B)
Class com.google.common.collect.ImmutableSetMultimap                                  : loaded 2 times (x 176B)
Class com.google.common.io.CharSink                                                   : loaded 2 times (x 75B)
Class org.objectweb.asm.CurrentFrame                                                  : loaded 2 times (x 69B)
Class org.objectweb.asm.ClassTooLargeException                                        : loaded 2 times (x 79B)
Class com.google.gson.stream.JsonReader                                               : loaded 2 times (x 93B)
Class org.jetbrains.kotlin.contracts.description.EventOccurrencesRange$Companion      : loaded 2 times (x 67B)
Class [Lorg.jetbrains.kotlin.contracts.description.EventOccurrencesRange;             : loaded 2 times (x 65B)
Class org.jetbrains.kotlin.types.TypeApproximatorConfiguration$LocalDeclaration       : loaded 2 times (x 83B)
Class [Lorg.jetbrains.kotlin.resolve.calls.inference.model.ConstraintKind;            : loaded 2 times (x 65B)
Class com.google.common.collect.TransformedListIterator                               : loaded 2 times (x 89B)
Class com.google.common.cache.LocalCache$Values                                       : loaded 2 times (x 114B)
Class com.google.common.reflect.TypeCapture                                           : loaded 2 times (x 67B)
Class org.jetbrains.org.objectweb.asm.tree.FieldInsnNode                              : loaded 2 times (x 75B)
Class com.android.utils.ILogger                                                       : loaded 2 times (x 66B)
Class com.android.utils.NullLogger                                                    : loaded 2 times (x 81B)
Class org.jetbrains.kotlin.resolve.calls.checkers.ReifiedTypeParameterSubstitutionChecker: loaded 2 times (x 71B)
Class it.unimi.dsi.fastutil.objects.ReferenceSet                                      : loaded 2 times (x 66B)
Class com.android.resources.ResourceFolderType                                        : loaded 2 times (x 75B)
Class [Lorg.jetbrains.kotlin.psi.KtDeclarationWithBody;                               : loaded 2 times (x 65B)
Class org.jetbrains.kotlin.parsing.AbstractKotlinParsing$AtSet                        : loaded 2 times (x 74B)
Class org.jetbrains.kotlin.psi.psiUtil.KtPsiUtilKt                                    : loaded 2 times (x 67B)
Class org.jetbrains.kotlin.psi.KtLabelReferenceExpression                             : loaded 2 times (x 565B)
Class [Lorg.jetbrains.kotlin.psi.KtValVarKeywordOwner;                                : loaded 2 times (x 65B)
Class org.jetbrains.kotlin.metadata.jvm.deserialization.ModuleMappingKt               : loaded 2 times (x 67B)
Class [Lorg.jetbrains.kotlin.psi.KtCallElement;                                       : loaded 2 times (x 65B)
Class [Lorg.jetbrains.kotlin.psi.KtStatementExpression;                               : loaded 2 times (x 65B)
Class org.jetbrains.kotlin.psi.stubs.KotlinStubWithFqName                             : loaded 2 times (x 66B)
Class org.jetbrains.kotlin.config.ExplicitApiMode$Companion                           : loaded 2 times (x 67B)
Class org.jetbrains.kotlin.load.kotlin.KotlinBinaryClassCache$cache$1                 : loaded 2 times (x 79B)
Class org.jetbrains.kotlin.config.MavenComparableVersion$Item                         : loaded 2 times (x 66B)
Class com.android.ide.common.gradle.Version$Companion$ParseState$NUMERIC              : loaded 2 times (x 70B)
Class com.android.ide.common.repository.AgpVersion$PreviewKind                        : loaded 2 times (x 75B)
Class [Lcom.android.tools.lint.model.LintModelModuleType;                             : loaded 2 times (x 65B)
Class com.android.tools.lint.model.LintModelSerialization$LintModelSerializationFileAdapter$WhenMappings: loaded 2 times (x 67B)
Class org.jetbrains.kotlin.metadata.ProtoBuf$StringTable                              : loaded 2 times (x 104B)
Class org.jetbrains.kotlin.protobuf.UnmodifiableLazyStringList                        : loaded 2 times (x 273B)
Class org.jetbrains.kotlin.container.InvalidCardinalityException                      : loaded 2 times (x 78B)
Class [Lorg.jetbrains.kotlin.types.model.TypeArgumentListMarker;                      : loaded 2 times (x 65B)
Class com.google.common.reflect.Types$JavaVersion$4                                   : loaded 2 times (x 79B)
Class com.google.common.io.ByteSource$AsCharSource                                    : loaded 2 times (x 82B)
Class org.objectweb.asm.Frame                                                         : loaded 2 times (x 69B)
Class com.google.common.cache.LocalCache$EntryFactory$1                               : loaded 2 times (x 79B)
Class [Lcom.google.common.cache.RemovalListener;                                      : loaded 2 times (x 65B)
Class com.android.utils.FileUtils                                                     : loaded 2 times (x 67B)
Class org.jetbrains.kotlin.resolve.deprecation.CommonDeprecationUtilsKt               : loaded 2 times (x 67B)
Class org.jetbrains.kotlin.resolve.calls.inference.components.ConstraintSystemCompletionMode: loaded 2 times (x 75B)
Class [Lcom.android.resources.NavigationState;                                        : loaded 2 times (x 65B)
Class org.jetbrains.kotlin.load.java.SpecialGenericSignatures$TypeSafeBarrierDescription: loaded 2 times (x 76B)
Class com.google.common.collect.Tables$ImmutableCell                                  : loaded 2 times (x 78B)
Class org.jetbrains.kotlin.load.java.JavaNullabilityAnnotationsStatus$Companion       : loaded 2 times (x 67B)
Class org.jetbrains.kotlin.util.NullableArrayMapAccessor                              : loaded 2 times (x 70B)
Class org.jetbrains.kotlin.container.ConstructorInfo                                  : loaded 2 times (x 68B)
Class org.jetbrains.kotlin.types.model.MarkerExtensionsKt                             : loaded 2 times (x 67B)
Class org.jetbrains.kotlin.resolve.calls.checkers.UnderscoreUsageChecker              : loaded 2 times (x 70B)
Class kotlin.ranges.LongProgression                                                   : loaded 2 times (x 77B)
Class com.google.gson.stream.MalformedJsonException                                   : loaded 2 times (x 78B)
Class com.google.common.io.ByteArrayDataOutput                                        : loaded 2 times (x 66B)
Class [Lorg.jetbrains.kotlin.psi.KtSimpleNameStringTemplateEntry;                     : loaded 2 times (x 65B)
Class com.android.tools.lint.model.DefaultLintModelAndroidArtifact                    : loaded 2 times (x 89B)
Class kotlin.reflect.jvm.internal.CachesKt                                            : loaded 2 times (x 67B)
Class [Lorg.jetbrains.kotlin.config.JvmTarget;                                        : loaded 2 times (x 65B)
Class org.jetbrains.kotlin.cli.jvm.compiler.KotlinCoreApplicationEnvironmentMode$UnitTest: loaded 2 times (x 67B)
Class org.jetbrains.kotlin.psi.stubs.KotlinFileStub                                   : loaded 2 times (x 66B)
Class com.google.common.reflect.Types$JavaVersion$5                                   : loaded 2 times (x 67B)
Class [Lcom.google.common.reflect.Types$ClassOwnership;                               : loaded 2 times (x 65B)
Class com.google.common.cache.LocalCache$EntryFactory$2                               : loaded 2 times (x 79B)
Class org.gradle.api.internal.classpath.GlobalCacheRootsProvider                      : loaded 2 times (x 66B)
Class org.jetbrains.kotlin.resolve.calls.results.FlatSignature                        : loaded 2 times (x 68B)
Class org.jetbrains.kotlin.resolve.calls.inference.components.ConstraintIncorporator$Context: loaded 2 times (x 66B)
Class org.jetbrains.kotlin.utils.DFS$VisitedWithSet                                   : loaded 2 times (x 72B)
Class kotlin.jvm.internal.MutablePropertyReference2                                   : loaded 2 times (x 133B)
Class com.android.ide.common.rendering.api.AttrResourceValue                          : loaded 2 times (x 66B)
Class org.jetbrains.kotlin.serialization.deserialization.ProtoEnumFlags$WhenMappings  : loaded 2 times (x 67B)
Class org.jetbrains.kotlin.load.java.ReportLevel                                      : loaded 2 times (x 75B)
Class org.jetbrains.kotlin.resolve.checkers.DeclarationCheckerContext                 : loaded 2 times (x 74B)
Class org.jetbrains.kotlin.resolve.lazy.AbsentDescriptorHandler                       : loaded 2 times (x 66B)
Class org.jetbrains.kotlin.resolve.calls.checkers.SynchronizedByValueChecker          : loaded 2 times (x 70B)
Class org.jetbrains.kotlin.name.State                                                 : loaded 2 times (x 75B)
Class kotlin.reflect.jvm.internal.ReflectProperties$Val                               : loaded 2 times (x 70B)
Class org.jetbrains.kotlin.psi.KtObjectDeclaration                                    : loaded 2 times (x 1099B)
Class [Lorg.jetbrains.kotlin.psi.KtTypeProjection;                                    : loaded 2 times (x 65B)
Class org.jetbrains.kotlin.psi.psiUtil.PsiUtilsKt                                     : loaded 2 times (x 67B)
Class it.unimi.dsi.fastutil.ints.IntArrays$ForkJoinQuickSort                          : loaded 2 times (x 92B)
Class [Lorg.jetbrains.kotlin.psi.KtClassLikeDeclaration;                              : loaded 2 times (x 65B)
Class org.jetbrains.kotlin.storage.MemoizedFunctionToNotNull                          : loaded 2 times (x 66B)
Class kotlin.reflect.jvm.internal.impl.resolve.jvm.JvmClassName                       : loaded 2 times (x 71B)
Class org.objectweb.asm.tree.MethodInsnNode                                           : loaded 2 times (x 76B)
Class org.jetbrains.kotlin.config.LanguageVersionSettingsKt                           : loaded 2 times (x 67B)
Class com.android.prefs.Global                                                        : loaded 2 times (x 76B)
Class org.jetbrains.kotlin.resolve.extensions.SyntheticResolveExtension               : loaded 2 times (x 66B)
Class org.jetbrains.kotlin.resolve.jvm.KotlinJavaPsiFacade                            : loaded 2 times (x 82B)
Class org.objectweb.asm.ModuleWriter                                                  : loaded 2 times (x 78B)
Class com.google.common.cache.LocalCache$EntryFactory$3                               : loaded 2 times (x 79B)
Class com.google.common.base.Ticker$1                                                 : loaded 2 times (x 68B)
Class org.jetbrains.kotlin.types.AbstractTypeChecker$WhenMappings                     : loaded 2 times (x 67B)
Class org.jetbrains.kotlin.serialization.deserialization.ProtoContainer$Package       : loaded 2 times (x 69B)
Class com.android.resources.TouchScreen                                               : loaded 2 times (x 82B)
Class com.android.ide.common.rendering.api.ResourceValue                              : loaded 2 times (x 66B)
Class org.jetbrains.kotlin.load.java.structure.JavaConstructor                        : loaded 2 times (x 66B)
Class org.jetbrains.kotlin.mpp.ValueParameterSymbolMarker                             : loaded 2 times (x 66B)
Class org.jetbrains.kotlin.psi.KtTryExpression                                        : loaded 2 times (x 437B)
Class org.jetbrains.kotlin.psi.KtProjectionKind                                       : loaded 2 times (x 75B)
Class org.jetbrains.kotlin.resolve.checkers.ReservedMembersAndConstructsForValueClass : loaded 2 times (x 70B)
Class org.jetbrains.kotlin.utils.SortUtilsKt$topologicalSort$1                        : loaded 2 times (x 70B)
Class org.jetbrains.kotlin.storage.LockBasedStorageManager$NotValue                   : loaded 2 times (x 75B)
Class [Lorg.jetbrains.kotlin.resolve.checkers.ClassifierUsageChecker;                 : loaded 2 times (x 65B)
Class org.jetbrains.kotlin.resolve.calls.checkers.SelfCallInNestedObjectConstructorChecker: loaded 2 times (x 70B)
Class org.jetbrains.kotlin.container.ComponentRegistry                                : loaded 2 times (x 68B)
Class org.jetbrains.kotlin.types.model.AnnotationMarker                               : loaded 2 times (x 66B)
Class org.jetbrains.kotlin.resolve.checkers.SealedInterfaceAllowedChecker             : loaded 2 times (x 70B)
Class org.jetbrains.kotlin.serialization.deserialization.AnnotationLoader             : loaded 2 times (x 66B)
Class org.jetbrains.kotlin.resolve.diagnostics.DiagnosticSuppressor                   : loaded 2 times (x 66B)
Class org.jetbrains.kotlin.psi.KtDoubleColonExpression                                : loaded 2 times (x 66B)
Class [Lorg.jetbrains.kotlin.psi.KtFunctionType;                                      : loaded 2 times (x 65B)
Class org.jetbrains.kotlin.psi.stubs.KotlinBackingFieldStub                           : loaded 2 times (x 66B)
Class org.jetbrains.kotlin.psi.stubs.elements.KtPropertyAccessorElementType           : loaded 2 times (x 99B)
Class org.jetbrains.kotlin.cli.jvm.compiler.JavaLanguageLevelKt                       : loaded 2 times (x 67B)
Class org.jetbrains.kotlin.cli.common.PropertiesKt                                    : loaded 2 times (x 67B)
Class org.jetbrains.kotlin.load.kotlin.KotlinClassFinder$Result$KotlinClass           : loaded 2 times (x 68B)
Class org.jetbrains.kotlin.cli.common.messages.MessageRenderer                        : loaded 2 times (x 66B)
Class [Lorg.jetbrains.kotlin.descriptors.annotations.KotlinTarget;                    : loaded 2 times (x 65B)
Class org.jetbrains.kotlin.resolve.calls.components.PostponedArgumentsAnalyzerContext : loaded 2 times (x 66B)
Class org.jetbrains.org.objectweb.asm.tree.InsnNode                                   : loaded 2 times (x 74B)
Class com.google.common.cache.LocalCache$EntryFactory$4                               : loaded 2 times (x 79B)
Class org.jetbrains.kotlin.types.model.CaptureStatus                                  : loaded 2 times (x 75B)
Class com.android.resources.ScreenOrientation                                         : loaded 2 times (x 82B)
Class com.android.ide.common.rendering.api.ArrayResourceValue                         : loaded 2 times (x 66B)
Class com.android.ide.common.resources.configuration.NightModeQualifier               : loaded 2 times (x 86B)
Class org.jetbrains.kotlin.mpp.PropertySymbolMarker                                   : loaded 2 times (x 66B)
Class org.jetbrains.kotlin.types.model.StubTypeMarker                                 : loaded 2 times (x 66B)
Class [Lorg.jetbrains.kotlin.types.Variance;                                          : loaded 2 times (x 65B)
Class kotlin.concurrent.LocksKt                                                       : loaded 2 times (x 67B)
Class org.jetbrains.kotlin.types.AbstractTypeApproximator$WhenMappings                : loaded 2 times (x 67B)
Class org.jetbrains.kotlin.progress.ProgressIndicatorAndCompilationCanceledStatus     : loaded 2 times (x 67B)
Class org.jetbrains.kotlin.utils.WrappedValues$WrappedProcessCanceledException        : loaded 2 times (x 78B)
Class org.jetbrains.kotlin.resolve.calls.checkers.UnitConversionCallChecker           : loaded 2 times (x 70B)
Class org.jetbrains.kotlin.container.ComponentStorageState                            : loaded 2 times (x 75B)
Class org.gradle.api.internal.classpath.ManifestUtil                                  : loaded 2 times (x 67B)
Class org.jetbrains.kotlin.load.kotlin.TypeMappingMode                                : loaded 2 times (x 68B)
Class org.jetbrains.kotlin.builtins.functions.FunctionTypeKind$KFunction              : loaded 2 times (x 73B)
Class com.google.common.util.concurrent.ExecutionError                                : loaded 2 times (x 78B)
Class org.jetbrains.kotlin.resolve.extensions.SyntheticResolveExtension$Companion     : loaded 2 times (x 68B)
Class [Lcom.google.common.cache.RemovalCause;                                         : loaded 2 times (x 65B)
Class org.jetbrains.kotlin.psi.stubs.elements.KtAnnotationEntryElementType            : loaded 2 times (x 100B)
Class org.jetbrains.org.objectweb.asm.tree.Util                                       : loaded 2 times (x 67B)
Class com.android.tools.lint.model.DefaultLintModelVariant$mainArtifact$2             : loaded 2 times (x 75B)
Class it.unimi.dsi.fastutil.ints.AbstractInt2ObjectFunction                           : loaded 2 times (x 117B)
Class org.objectweb.asm.tree.FieldInsnNode                                            : loaded 2 times (x 75B)
Class com.google.common.io.ByteStreams$1                                              : loaded 2 times (x 81B)
Class com.google.common.cache.LocalCache$EntryFactory$5                               : loaded 2 times (x 79B)
Class kotlin.jvm.internal.ByteCompanionObject                                         : loaded 2 times (x 67B)
Class org.jetbrains.kotlin.types.model.TypeVariance                                   : loaded 2 times (x 75B)
Class com.google.common.collect.Tables                                                : loaded 2 times (x 67B)
Class com.android.resources.LayoutDirection                                           : loaded 2 times (x 82B)
Class org.jetbrains.kotlin.types.TypeApproximatorConfiguration                        : loaded 2 times (x 82B)
Class com.android.sdklib.IAndroidTarget                                               : loaded 2 times (x 66B)
Class org.jetbrains.kotlin.utils.WrappedValues$ThrowableWrapper                       : loaded 2 times (x 68B)
Class org.jetbrains.kotlin.utils.SortUtilsKt                                          : loaded 2 times (x 67B)
Class com.google.common.collect.MapMakerInternalMap$WeakKeyStrongValueSegment         : loaded 2 times (x 138B)
Class [Lorg.jetbrains.kotlin.psi.KtElement;                                           : loaded 2 times (x 65B)
Class [Lorg.jetbrains.kotlin.psi.KtDeclarationStub;                                   : loaded 2 times (x 65B)
Class org.jetbrains.kotlin.container.ClassTraversalCache                              : loaded 2 times (x 67B)
Class org.jetbrains.kotlin.resolve.checkers.ExpectActualClassifiersAreInBetaChecker   : loaded 2 times (x 70B)
Class org.jetbrains.kotlin.container.ComponentContainer                               : loaded 2 times (x 66B)
Class [Lorg.jetbrains.kotlin.parsing.KotlinParsing$AnnotationParsingMode;             : loaded 2 times (x 65B)
Class org.jetbrains.kotlin.resolve.extensions.AssignResolutionAltererExtension$Companion: loaded 2 times (x 68B)
Class org.jetbrains.kotlin.metadata.deserialization.MetadataVersion$Companion         : loaded 2 times (x 67B)
Class org.jetbrains.kotlin.psi.stubs.KotlinPlaceHolderStub                            : loaded 2 times (x 66B)
Class org.jetbrains.kotlin.psi.stubs.KotlinCallableStubBase                           : loaded 2 times (x 66B)
Class kotlin.reflect.jvm.internal.KProperty0Impl$$Lambda$1                            : loaded 2 times (x 72B)
Class org.jetbrains.kotlin.extensions.internal.CallResolutionInterceptorExtension     : loaded 2 times (x 66B)
Class org.jetbrains.kotlin.load.java.structure.JavaTypeParameterListOwner             : loaded 2 times (x 66B)
Class org.jetbrains.kotlin.psi.KtExpressionWithLabel                                  : loaded 2 times (x 433B)
Class org.apache.commons.io.output.AppendableWriter                                   : loaded 2 times (x 96B)
Class com.google.common.cache.LocalCache$EntryFactory$6                               : loaded 2 times (x 79B)
Class org.gradle.internal.installation.CurrentGradleInstallationLocator               : loaded 2 times (x 67B)
Class org.jetbrains.kotlin.types.checker.ClassicTypeSystemContextKt$WhenMappings      : loaded 2 times (x 67B)
Class com.android.ide.common.blame.SourcePosition                                     : loaded 2 times (x 67B)
Class org.jetbrains.kotlin.load.kotlin.KotlinJvmBinaryClass$MethodAnnotationVisitor   : loaded 2 times (x 66B)
Class [Lcom.android.resources.ScreenOrientation;                                      : loaded 2 times (x 65B)
Class org.jetbrains.kotlin.types.model.TypeArgumentMarker                             : loaded 2 times (x 66B)
Class org.jetbrains.kotlin.resolve.BindingTrace                                       : loaded 2 times (x 66B)
Class org.jetbrains.kotlin.resolve.checkers.TrailingCommaDeclarationChecker           : loaded 2 times (x 70B)
Class org.jetbrains.kotlin.util.AttributeArrayOwner                                   : loaded 2 times (x 78B)
Class com.android.utils.PositionXmlParser$Position                                    : loaded 2 times (x 74B)
Class org.jetbrains.kotlin.resolve.checkers.DeclarationChecker                        : loaded 2 times (x 66B)
Class org.jetbrains.kotlin.lexer.KotlinLexerException                                 : loaded 2 times (x 78B)
Class org.jetbrains.kotlin.load.kotlin.FacadeClassSource                              : loaded 2 times (x 66B)
Class org.jetbrains.kotlin.resolve.checkers.ApiVersionClassifierUsageChecker          : loaded 2 times (x 70B)
Class org.jetbrains.kotlin.metadata.builtins.BuiltInsProtoBuf                         : loaded 2 times (x 67B)
Class [Lorg.jetbrains.kotlin.psi.KtCollectionLiteralExpression;                       : loaded 2 times (x 65B)
Class [Lorg.jetbrains.kotlin.psi.KtValueArgumentName;                                 : loaded 2 times (x 65B)
Class [Lorg.jetbrains.kotlin.psi.KtIntersectionType;                                  : loaded 2 times (x 65B)
Class org.jetbrains.kotlin.psi.stubs.KotlinAnnotationUseSiteTargetStub                : loaded 2 times (x 66B)
Class org.jetbrains.kotlin.psi.stubs.elements.KtParameterElementType                  : loaded 2 times (x 100B)
Class org.jetbrains.kotlin.psi.stubs.elements.KtModifierListElementType               : loaded 2 times (x 99B)
Class org.jetbrains.kotlin.cli.jvm.compiler.KotlinCliJavaFileManagerImpl$Companion    : loaded 2 times (x 67B)
Class org.jetbrains.kotlin.container.PlatformSpecificExtension                        : loaded 2 times (x 66B)
Class org.jetbrains.kotlin.resolve.deprecation.DeprecationLevelValue                  : loaded 2 times (x 75B)
Class com.android.tools.lint.model.DefaultLintModelDependencyGraph                    : loaded 2 times (x 74B)
Class com.android.tools.lint.model.DefaultLintModelLintOptions                        : loaded 2 times (x 99B)
Class org.jetbrains.kotlin.load.kotlin.VirtualFileKotlinClass$Factory                 : loaded 2 times (x 67B)
Class [Lkotlin.io.FileWalkDirection;                                                  : loaded 2 times (x 65B)
Class org.jetbrains.org.objectweb.asm.tree.LdcInsnNode                                : loaded 2 times (x 74B)
Class org.apache.commons.io.output.ThresholdingOutputStream                           : loaded 2 times (x 91B)
Class com.google.common.io.ByteSource$SlicedByteSource                                : loaded 2 times (x 81B)
Class com.google.common.collect.ImmutableMultimap$Builder                             : loaded 2 times (x 82B)
Class org.jetbrains.kotlin.cli.common.messages.CompilerMessageSeverity$Companion      : loaded 2 times (x 67B)
Class com.google.common.collect.Maps$KeySet                                           : loaded 2 times (x 133B)
Class com.google.common.cache.LocalCache$EntryFactory$7                               : loaded 2 times (x 79B)
Class org.gradle.internal.service.DefaultServiceLocator                               : loaded 2 times (x 79B)
Class [Lorg.jetbrains.kotlin.psi.KtElementImpl;                                       : loaded 2 times (x 65B)
Class org.jetbrains.kotlin.load.kotlin.MemberSignature$Companion                      : loaded 2 times (x 67B)
Class com.android.resources.ScreenSize                                                : loaded 2 times (x 82B)
Class org.jetbrains.kotlin.codegen.signature.BothSignatureWriter                      : loaded 2 times (x 103B)
Class org.jetbrains.kotlin.load.kotlin.KotlinClassFinderKt                            : loaded 2 times (x 67B)
Class org.jetbrains.kotlin.load.java.typeEnhancement.TypeComponentPositionKt          : loaded 2 times (x 67B)
Class org.jetbrains.kotlin.cli.jvm.compiler.KotlinCliJavaFileManagerImplKt            : loaded 2 times (x 67B)
Class [Lorg.jetbrains.kotlin.storage.LockBasedStorageManager$NotValue;                : loaded 2 times (x 65B)
Class org.jetbrains.kotlin.resolve.calls.checkers.DeprecatedCallChecker               : loaded 2 times (x 70B)
Class org.jetbrains.kotlin.resolve.PlatformConfiguratorBase                           : loaded 2 times (x 76B)
Class org.jetbrains.kotlin.descriptors.java.JavaVisibilities$ProtectedAndPackage      : loaded 2 times (x 75B)
Class org.jetbrains.kotlin.parsing.FirstBefore                                        : loaded 2 times (x 80B)
Class org.jetbrains.kotlin.load.java.structure.JavaMember                             : loaded 2 times (x 66B)
Class org.jetbrains.kotlin.load.kotlin.PackagePartClassUtils                          : loaded 2 times (x 67B)
Class org.jetbrains.kotlin.load.java.PropertiesConventionUtilKt                       : loaded 2 times (x 67B)
Class org.jetbrains.kotlin.extensions.TypeAttributeTranslatorExtension$Companion      : loaded 2 times (x 68B)
Class org.jetbrains.kotlin.extensions.TypeAttributeTranslatorExtension                : loaded 2 times (x 66B)
Class org.jetbrains.kotlin.load.java.typeEnhancement.PredefinedEnhancementInfoKt      : loaded 2 times (x 67B)
Class org.jetbrains.kotlin.load.kotlin.PackagePartProvider                            : loaded 2 times (x 66B)
Class [Lorg.jetbrains.kotlin.psi.KtNameReferenceExpression;                           : loaded 2 times (x 65B)
Class org.jetbrains.kotlin.psi.KtSecondaryConstructor                                 : loaded 2 times (x 1272B)
Class [Lorg.jetbrains.kotlin.psi.KtTypeParameterListOwner;                            : loaded 2 times (x 65B)
Class com.android.ide.common.resources.configuration.ScreenOrientationQualifier       : loaded 2 times (x 86B)
Class org.jetbrains.kotlin.utils.DFS$Neighbors                                        : loaded 2 times (x 66B)
Class org.jetbrains.kotlin.psi.stubs.elements.KtFileElementType                       : loaded 2 times (x 107B)
Class org.jetbrains.kotlin.types.TypeMappingUtil                                      : loaded 2 times (x 67B)
Class org.jetbrains.kotlin.cli.jvm.compiler.KotlinCoreApplicationEnvironmentMode$Production: loaded 2 times (x 67B)
Class org.jetbrains.kotlin.name.FqName$Companion                                      : loaded 2 times (x 67B)
Class org.gradle.internal.classloader.ClassLoaderHierarchy                            : loaded 2 times (x 66B)
Class com.google.common.io.FileWriteMode                                              : loaded 2 times (x 75B)
Class kotlin.io.FileTreeWalk                                                          : loaded 2 times (x 71B)
Class com.google.common.cache.LocalCache$ValueIterator                                : loaded 2 times (x 82B)
Class org.jetbrains.org.objectweb.asm.tree.UnsupportedClassVersionException           : loaded 2 times (x 78B)
Class com.google.common.cache.LocalCache$SoftValueReference                           : loaded 2 times (x 93B)
Class com.google.common.collect.ImmutableMultimap$EntryCollection                     : loaded 2 times (x 124B)
Class com.google.common.collect.Maps$EntrySet                                         : loaded 2 times (x 132B)
Class com.google.common.cache.LocalCache$EntryFactory$8                               : loaded 2 times (x 79B)
Class org.gradle.internal.installation.CurrentGradleInstallation                      : loaded 2 times (x 69B)
Class androidx.compose.lint.PackageName                                               : loaded 2 times (x 68B)
Class org.jetbrains.kotlin.config.CompilerConfigurationKey                            : loaded 2 times (x 68B)
Class com.android.ide.common.resources.ResourceMergerItem                             : loaded 2 times (x 132B)
Class org.jetbrains.kotlin.load.java.structure.JavaClassifierType                     : loaded 2 times (x 66B)
Class org.jetbrains.kotlin.load.java.structure.impl.JavaElementCollectionFromPsiArrayUtil: loaded 2 times (x 67B)
Class org.jetbrains.kotlin.load.java.structure.JavaTypeParameter                      : loaded 2 times (x 66B)
Class kotlin.jvm.internal.MutablePropertyReference0                                   : loaded 2 times (x 133B)
Class org.jetbrains.kotlin.name.CallableId$Companion                                  : loaded 2 times (x 67B)
Class org.jetbrains.kotlin.mpp.ClassifierSymbolMarker                                 : loaded 2 times (x 66B)
Class org.jetbrains.kotlin.diagnostics.UnboundDiagnostic                              : loaded 2 times (x 66B)
Class com.android.utils.PositionXmlParser$ParserPool                                  : loaded 2 times (x 75B)
Class kotlin.reflect.jvm.internal.impl.builtins.CompanionObjectMapping                : loaded 2 times (x 67B)
Class org.jetbrains.kotlin.parsing.SemanticWhitespaceAwarePsiBuilderImpl              : loaded 2 times (x 193B)
Class org.jetbrains.kotlin.types.model.SimpleTypeMarker                               : loaded 2 times (x 66B)
Class org.jetbrains.kotlin.builtins.functions.FunctionTypeKindExtractor$KindWithArity : loaded 2 times (x 68B)
Class org.jetbrains.kotlin.psi.KtBreakExpression                                      : loaded 2 times (x 433B)
Class org.jetbrains.kotlin.load.java.structure.JavaNamedElement                       : loaded 2 times (x 66B)
Class org.jetbrains.kotlin.psi.KtEnumEntry                                            : loaded 2 times (x 1101B)
Class org.jetbrains.kotlin.psi.KtDynamicType                                          : loaded 2 times (x 504B)
Class it.unimi.dsi.fastutil.Stack                                                     : loaded 2 times (x 66B)
Class [Lorg.jetbrains.kotlin.psi.KtFunctionTypeReceiver;                              : loaded 2 times (x 65B)
Class org.jetbrains.kotlin.psi.KtNullableType                                         : loaded 2 times (x 508B)
Class org.jetbrains.kotlin.psi.stubs.KotlinTypeAliasStub                              : loaded 2 times (x 66B)
Class [Lorg.jetbrains.kotlin.psi.KtProperty;                                          : loaded 2 times (x 65B)
Class org.jetbrains.kotlin.analyzer.CompilationErrorException                         : loaded 2 times (x 78B)
Class org.jetbrains.kotlin.load.kotlin.VirtualFileFinder                              : loaded 2 times (x 86B)
Class kotlin.reflect.jvm.internal.KProperty0Impl$$Lambda$0                            : loaded 2 times (x 72B)
Class org.jetbrains.kotlin.protobuf.Utf8                                              : loaded 2 times (x 67B)
Class org.jetbrains.kotlin.resolve.jvm.extensions.AnalysisHandlerExtension$Companion  : loaded 2 times (x 68B)
Class com.android.tools.lint.model.DefaultLintModelVariant                            : loaded 2 times (x 97B)
Class com.android.tools.lint.model.LintModelArtifact                                  : loaded 2 times (x 66B)
Class org.jetbrains.kotlin.types.extensions.TypeAttributeTranslators                  : loaded 2 times (x 68B)
Class com.google.common.cache.CacheLoader$1                                           : loaded 2 times (x 71B)
Class org.gradle.util.internal.GUtil                                                  : loaded 2 times (x 67B)
Class org.jetbrains.kotlin.resolve.calls.inference.components.VariableFixationFinderKt: loaded 2 times (x 67B)
Class org.jetbrains.kotlin.resolve.calls.inference.model.DeclaredUpperBoundConstraintPosition: loaded 2 times (x 68B)
Class org.jetbrains.kotlin.resolve.descriptorUtil.AnnotationsForResolveKt             : loaded 2 times (x 67B)
Class org.jetbrains.kotlin.resolve.calls.inference.ConstraintSystemOperation          : loaded 2 times (x 66B)
Class org.jetbrains.kotlin.load.java.typeEnhancement.NullabilityQualifierWithMigrationStatus: loaded 2 times (x 68B)
Class com.android.resources.ResourceEnum                                              : loaded 2 times (x 66B)
Class com.android.ide.common.resources.configuration.TextInputMethodQualifier         : loaded 2 times (x 86B)
Class org.jetbrains.kotlin.load.java.SpecialGenericSignatures$Companion$NameAndSignature: loaded 2 times (x 68B)
Class org.jetbrains.kotlin.codegen.extensions.ClassBuilderInterceptorExtension        : loaded 2 times (x 66B)
Class org.jetbrains.kotlin.parsing.KotlinParsing$3                                    : loaded 2 times (x 108B)
Class org.jetbrains.kotlin.load.java.structure.JavaElementsKt                         : loaded 2 times (x 67B)
Class org.jetbrains.kotlin.types.model.TypeSystemOptimizationContext                  : loaded 2 times (x 66B)
Class org.jetbrains.kotlin.resolve.calls.checkers.UselessElvisCallChecker             : loaded 2 times (x 70B)
Class org.jetbrains.kotlin.kdoc.lexer.KDocTokens$1                                    : loaded 2 times (x 80B)
Class org.jetbrains.kotlin.psi.KtStubbedPsiUtil                                       : loaded 2 times (x 67B)
Class [Lorg.jetbrains.kotlin.cli.jvm.index.JavaRoot$RootType;                         : loaded 2 times (x 65B)
Class org.jetbrains.kotlin.storage.LockBasedStorageManager$ExceptionHandlingStrategy$1: loaded 2 times (x 70B)
Class org.jetbrains.kotlin.storage.MemoizedFunctionToNullable                         : loaded 2 times (x 66B)
Class it.unimi.dsi.fastutil.ints.AbstractIntCollection                                : loaded 2 times (x 181B)
Class org.jetbrains.kotlin.psi.KtModifierListOwnerStub                                : loaded 2 times (x 579B)
Class org.jetbrains.kotlin.psi.KtFile                                                 : loaded 2 times (x 942B)
Class org.jetbrains.kotlin.resolve.calls.checkers.EnumEntriesUnsupportedChecker       : loaded 2 times (x 70B)
Class [Lorg.jetbrains.kotlin.load.java.ReportLevel;                                   : loaded 2 times (x 65B)
Class org.jetbrains.kotlin.load.kotlin.KotlinClassFinder$Result$ClassFileContent      : loaded 2 times (x 68B)
Class org.jetbrains.kotlin.load.java.structure.JavaMethod                             : loaded 2 times (x 66B)
Class org.jetbrains.kotlin.resolve.calls.inference.components.ResultTypeResolver$Context: loaded 2 times (x 66B)
Class org.jetbrains.kotlin.platform.TargetPlatformVersion                             : loaded 2 times (x 66B)
Class org.jetbrains.kotlin.resolve.calls.inference.model.Constraint                   : loaded 2 times (x 68B)
Class com.android.prefs.PathLocator$WhenMappings                                      : loaded 2 times (x 67B)
Class org.jetbrains.kotlin.resolve.calls.inference.model.ExplicitTypeParameterConstraintPosition: loaded 2 times (x 68B)
Class com.google.common.cache.AbstractCache$StatsCounter                              : loaded 2 times (x 66B)
Class org.jetbrains.kotlin.descriptors.ValueClassRepresentation                       : loaded 2 times (x 70B)
Class org.jetbrains.kotlin.resolve.calls.inference.components.ConstraintContext       : loaded 2 times (x 68B)
Class com.google.common.collect.AbstractTable                                         : loaded 2 times (x 116B)
Class org.gradle.internal.classloader.FilteringClassLoader                            : loaded 2 times (x 101B)
Class org.jetbrains.kotlin.load.kotlin.TypeSignatureMappingKt                         : loaded 2 times (x 67B)
Class org.jetbrains.kotlin.load.java.JavaClassFinder                                  : loaded 2 times (x 66B)
Class com.google.common.io.LineReader                                                 : loaded 2 times (x 68B)
Class com.android.prefs.AndroidPathLocator                                            : loaded 2 times (x 69B)
Class org.jetbrains.kotlin.resolve.calls.checkers.InfixCallChecker                    : loaded 2 times (x 70B)
Class org.jetbrains.kotlin.resolve.calls.checkers.InlineCheckerWrapper                : loaded 2 times (x 71B)
Class org.jetbrains.kotlin.resolve.checkers.DeprecatedSinceKotlinAnnotationChecker    : loaded 2 times (x 70B)
Class org.jetbrains.kotlin.resolve.checkers.LocalVariableTypeParametersChecker        : loaded 2 times (x 70B)
Class kotlin.text.MatcherMatchResult                                                  : loaded 2 times (x 76B)
Class org.jetbrains.kotlin.serialization.deserialization.ProtoContainer$Class         : loaded 2 times (x 70B)
Class org.jetbrains.kotlin.kdoc.lexer.KDocTokens$2                                    : loaded 2 times (x 80B)
Class kotlin.text.MatchGroupCollection                                                : loaded 2 times (x 66B)
Class com.android.tools.lint.model.LintModelJavaLibrary                               : loaded 2 times (x 66B)
Class org.jetbrains.kotlin.metadata.builtins.BuiltInsBinaryVersion                    : loaded 2 times (x 70B)
Class org.jetbrains.kotlin.resolve.jvm.KotlinJavaPsiFacade$KotlinPsiElementFinderWrapperImpl: loaded 2 times (x 78B)
Class org.jetbrains.kotlin.load.kotlin.MetadataFinderFactory                          : loaded 2 times (x 66B)
Class org.jetbrains.kotlin.psi.stubs.elements.KtImportDirectiveElementType            : loaded 2 times (x 99B)
Class org.jetbrains.kotlin.psi.stubs.KotlinImportAliasStub                            : loaded 2 times (x 66B)
Class org.jetbrains.kotlin.psi.stubs.KotlinEnumEntrySuperclassReferenceExpressionStub : loaded 2 times (x 66B)
Class org.jetbrains.kotlin.psi.KtLiteralStringTemplateEntry                           : loaded 2 times (x 442B)
Class [Lorg.jetbrains.kotlin.psi.KtStringTemplateExpression;                          : loaded 2 times (x 65B)
Class org.jetbrains.kotlin.psi.KtTypeCodeFragmentType                                 : loaded 2 times (x 80B)
Class org.jetbrains.kotlin.psi.KtNamedFunction                                        : loaded 2 times (x 1343B)
Class org.jetbrains.kotlin.psi.KtNamedDeclaration                                     : loaded 2 times (x 66B)
Class kotlin.reflect.jvm.internal.RuntimeTypeMapper                                   : loaded 2 times (x 67B)
Class [Lorg.jetbrains.kotlin.psi.KtLiteralStringTemplateEntry;                        : loaded 2 times (x 65B)
Class org.jetbrains.kotlin.cli.jvm.index.JvmDependenciesDynamicCompoundIndex          : loaded 2 times (x 73B)
Class org.jetbrains.kotlin.load.java.structure.JavaAnnotationOwner                    : loaded 2 times (x 66B)
Class org.jetbrains.kotlin.lexer.KtTokens                                             : loaded 2 times (x 66B)
Class com.android.tools.lint.model.DefaultLintModelDependency                         : loaded 2 times (x 82B)
Class com.android.tools.lint.model.DefaultLintModelLibrary                            : loaded 2 times (x 82B)
Class com.android.tools.lint.model.DefaultLintModelBuildFeatures                      : loaded 2 times (x 73B)
Class com.google.common.reflect.Types$TypeVariableImpl                                : loaded 2 times (x 68B)
Class com.google.common.io.LineBuffer                                                 : loaded 2 times (x 71B)
Class org.gradle.internal.installation.GradleInstallation                             : loaded 2 times (x 71B)
Class [Lorg.jetbrains.kotlin.resolve.jvm.NotFoundPackagesCachingStrategy$CacheType;   : loaded 2 times (x 65B)
Class org.jetbrains.kotlin.types.TypeCheckerState                                     : loaded 2 times (x 72B)
Class org.jetbrains.kotlin.resolve.calls.inference.components.ResultTypeResolver      : loaded 2 times (x 68B)
Class org.jetbrains.kotlin.container.ContainerKt                                      : loaded 2 times (x 67B)
Class org.jetbrains.kotlin.resolve.AdditionalAnnotationChecker                        : loaded 2 times (x 66B)
Class org.jetbrains.kotlin.resolve.calls.checkers.ResultTypeWithNullableOperatorsChecker: loaded 2 times (x 70B)
Class org.jetbrains.kotlin.parsing.KotlinParsing$2                                    : loaded 2 times (x 74B)
Class org.jetbrains.kotlin.resolve.checkers.InlineParameterChecker                    : loaded 2 times (x 70B)
Class org.jetbrains.kotlin.psi.KtContainerNodeForControlStructureBody                 : loaded 2 times (x 372B)
Class org.jetbrains.kotlin.psi.KtDeclarationImpl                                      : loaded 2 times (x 641B)
Class [Lorg.jetbrains.kotlin.builtins.PrimitiveType;                                  : loaded 2 times (x 65B)
Class org.jetbrains.kotlin.config.LanguageFeature$State                               : loaded 2 times (x 78B)
Class org.jetbrains.kotlin.cli.jvm.modules.JavaModuleGraph$module$1                   : loaded 2 times (x 121B)
Class org.jetbrains.kotlin.psi.KtBlockStringTemplateEntry                             : loaded 2 times (x 443B)
Class org.jetbrains.kotlin.psi.stubs.KotlinClassLiteralExpressionStub                 : loaded 2 times (x 66B)
Class kotlin.reflect.jvm.internal.impl.builtins.PrimitiveType$$Lambda$0               : loaded 2 times (x 72B)
Class com.android.prefs.AndroidLocationsException                                     : loaded 2 times (x 78B)
Class org.jetbrains.kotlin.diagnostics.Diagnostic                                     : loaded 2 times (x 66B)
Class org.jetbrains.kotlin.load.java.SpecialGenericSignatures                         : loaded 2 times (x 67B)
Class kotlinx.coroutines.internal.ThreadContextKt$updateState$1                       : loaded 2 times (x 74B)
Class [Lorg.jetbrains.kotlin.descriptors.DescriptorVisibility;                        : loaded 2 times (x 65B)
Class kotlin.collections.CollectionsKt__IteratorsJVMKt$iterator$1                     : loaded 2 times (x 75B)
Class com.google.common.collect.Iterables                                             : loaded 2 times (x 67B)
Class org.jetbrains.kotlin.resolve.calls.inference.ConstraintSystemTransaction        : loaded 2 times (x 69B)
Class org.jetbrains.kotlin.utils.DFS$Visited                                          : loaded 2 times (x 66B)
Class com.android.ide.common.rendering.api.StyleResourceValue                         : loaded 2 times (x 66B)
Class org.jetbrains.kotlin.load.java.typeEnhancement.SignatureEnhancementBuilder$ClassEnhancementBuilder: loaded 2 times (x 68B)
Class com.android.ide.common.rendering.api.ResourceNamespace$ToolsNamespace           : loaded 2 times (x 76B)
Class org.jetbrains.kotlin.resolve.calls.results.SpecificityComparisonCallbacks       : loaded 2 times (x 66B)
Class org.jetbrains.kotlin.container.DefaultImplementation                            : loaded 2 times (x 66B)
Class org.jetbrains.kotlin.resolve.PlatformConfiguratorBaseKt                         : loaded 2 times (x 67B)
Class com.android.utils.XmlUtils                                                      : loaded 2 times (x 67B)
Class com.android.ide.common.resources.DataFile$FileType                              : loaded 2 times (x 75B)
Class org.jetbrains.kotlin.parsing.KotlinParsing$1                                    : loaded 2 times (x 74B)
Class com.android.resources.NavigationState                                           : loaded 2 times (x 82B)
Class org.jetbrains.kotlin.psi.KtUnaryExpression                                      : loaded 2 times (x 498B)
Class org.jetbrains.kotlin.cli.jvm.modules.CliJavaModuleFinder                        : loaded 2 times (x 71B)
Class kotlin.reflect.jvm.internal.impl.builtins.PrimitiveType$$Lambda$1               : loaded 2 times (x 72B)
Class org.jetbrains.kotlin.descriptors.EffectiveVisibility$PrivateInClass             : loaded 2 times (x 71B)
Class [Lorg.jetbrains.kotlin.types.TypeApproximatorConfiguration$IntersectionStrategy;: loaded 2 times (x 65B)
Class com.android.ide.common.gradle.Part                                              : loaded 2 times (x 73B)
Class org.jetbrains.kotlin.psi.KtConstructorDelegationReferenceExpression             : loaded 2 times (x 495B)
Class org.jetbrains.kotlin.types.TypeApproximatorConfiguration$PublicDeclaration$SaveAnonymousTypes: loaded 2 times (x 83B)
Class kotlin.io.FileWalkDirection                                                     : loaded 2 times (x 75B)
Class org.jetbrains.kotlin.com.intellij.openapi.diagnostic.DefaultLogger              : loaded 2 times (x 96B)
Class com.google.common.collect.Lists$RandomAccessReverseList                         : loaded 2 times (x 196B)

---------------  S Y S T E M  ---------------

OS:
 Windows 11 , 64 bit Build 26100 (10.0.26100.9444)
OS uptime: 0 days 20:43 hours
Hyper-V role detected

CPU: total 16 (initial active 16) (8 cores per cpu, 2 threads per core) family 6 model 154 stepping 3 microcode 0x434, cx8, cmov, fxsr, ht, mmx, 3dnowpref, sse, sse2, sse3, ssse3, sse4.1, sse4.2, popcnt, lzcnt, tsc, tscinvbit, avx, avx2, aes, erms, clmul, bmi1, bmi2, adx, sha, fma, vzeroupper, clflush, clflushopt, clwb, hv, serialize, rdtscp, rdpid, fsrm, f16c, cet_ibt, cet_ss
Processor Information for the first 16 processors :
  Max Mhz: 2500, Current Mhz: 2500, Mhz Limit: 2500

Memory: 4k page, system-wide physical 24196M (1272M free)
TotalPageFile size 38195M (AvailPageFile size 994M)
current process WorkingSet (physical memory assigned to process): 3080M, peak: 3081M
current process commit charge ("private bytes"): 3220M, peak: 3225M

vm_info: OpenJDK 64-Bit Server VM (21.0.6+-13368085-b895.109) for windows-amd64 JRE (21.0.6+-13368085-b895.109), built on 2025-04-16T17:01:31Z by "builder" with MS VC++ 16.10 / 16.11 (VS2019)

END.
